"property","value"
"http://www.w3.org/2002/07/owl#sameAs","http://rdf.freebase.com/ns/m.0h65mdl"
"http://www.w3.org/2002/07/owl#sameAs","http://yago-knowledge.org/resource/Abdul_Rahman_(politician)"
"http://www.w3.org/2002/07/owl#sameAs","http://www.wikidata.org/entity/Q4665623"
"http://www.w3.org/2002/07/owl#sameAs","http://ar.dbpedia.org/resource/عبد_الرحمن_(سياسي)"
"http://www.w3.org/2002/07/owl#sameAs","http://ta.dbpedia.org/resource/எம்._அப்துல்_ரஹ்மான்"
"http://www.w3.org/2002/07/owl#sameAs","https://global.dbpedia.org/id/4Kdw2"
"http://www.w3.org/2002/07/owl#sameAs","http://rdf.freebase.com/ns/m.025snm8"
"http://www.w3.org/2002/07/owl#sameAs","http://yago-knowledge.org/resource/Chris_Nelson_(politician)"
"http://www.w3.org/2002/07/owl#sameAs","http://www.wikidata.org/entity/Q5107573"
"http://www.w3.org/2002/07/owl#sameAs","http://de.dbpedia.org/resource/Chris_Nelson_(Politiker)"
"http://www.w3.org/2002/07/owl#sameAs","http://ar.dbpedia.org/resource/كريس_نيلسون"
"http://www.w3.org/2002/07/owl#sameAs","http://azb.dbpedia.org/resource/کریس_نلسون_(سیاستچی)"
"http://www.w3.org/2002/07/owl#sameAs","https://global.dbpedia.org/id/4haRS"
"http://www.w3.org/2002/07/owl#sameAs","http://rdf.freebase.com/ns/m.05p2by6"
"http://www.w3.org/2002/07/owl#sameAs","http://viaf.org/viaf/124751777"
"http://www.w3.org/2002/07/owl#sameAs","http://yago-knowledge.org/resource/Daniel_R._Dominguez"
"http://www.w3.org/2002/07/owl#sameAs","http://www.wikidata.org/entity/Q5218517"
"http://www.w3.org/2002/07/owl#sameAs","http://ar.dbpedia.org/resource/دانيال_ر._دومينغيز"
"http://www.w3.org/2002/07/owl#sameAs","http://arz.dbpedia.org/resource/دانيال_ر._دومينجيز"
"http://www.w3.org/2002/07/owl#sameAs","https://global.dbpedia.org/id/4jDHu"
"http://www.w3.org/2002/07/owl#sameAs","http://viaf.org/viaf/56655192"
"http://www.w3.org/2002/07/owl#sameAs","http://rdf.freebase.com/ns/m.0x0dvnq"
"http://www.w3.org/2002/07/owl#sameAs","http://yago-knowledge.org/resource/David_Gillespie_(politician)"
"http://www.w3.org/2002/07/owl#sameAs","http://www.wikidata.org/entity/Q101209155"
"http://www.w3.org/2002/07/owl#sameAs","http://www.wikidata.org/entity/Q16189272"
"http://www.w3.org/2002/07/owl#sameAs","http://zh.dbpedia.org/resource/大衛·吉列斯比"
"http://www.w3.org/2002/07/owl#sameAs","http://d-nb.info/gnd/1089168063"
"http://www.w3.org/2002/07/owl#sameAs","http://d-nb.info/gnd/128577495"
"http://www.w3.org/2002/07/owl#sameAs","http://viaf.org/viaf/279904130"
"http://www.w3.org/2002/07/owl#sameAs","http://data.bibliotheken.nl/id/thes/p072728264"
"http://www.w3.org/2002/07/owl#sameAs","http://data.bibliotheken.nl/id/thes/p317674935"
"http://www.w3.org/2002/07/owl#sameAs","http://ar.dbpedia.org/resource/ديفيد_غيليسبي"
"http://www.w3.org/2002/07/owl#sameAs","http://arz.dbpedia.org/resource/ديفيد_جيليسبى"
"http://www.w3.org/2002/07/owl#sameAs","https://global.dbpedia.org/id/bkBh"
"http://www.w3.org/2002/07/owl#sameAs","http://rdf.freebase.com/ns/m.08rs5f"
"http://www.w3.org/2002/07/owl#sameAs","http://yago-knowledge.org/resource/Edward_M._Bernstein"
"http://www.w3.org/2002/07/owl#sameAs","http://www.wikidata.org/entity/Q5344246"
"http://www.w3.org/2002/07/owl#sameAs","http://ar.dbpedia.org/resource/إدوارد_إم._بيرنستاين"
"http://www.w3.org/2002/07/owl#sameAs","http://arz.dbpedia.org/resource/ادوارد_ام._بيرنستاين"
"http://www.w3.org/2002/07/owl#sameAs","http://azb.dbpedia.org/resource/ادوارد_ام._برنزتئین"
"http://www.w3.org/2002/07/owl#sameAs","https://global.dbpedia.org/id/4j7M5"
"http://www.w3.org/2002/07/owl#sameAs","http://www.wikidata.org/entity/Q12367358"
"http://www.w3.org/2002/07/owl#sameAs","http://ru.dbpedia.org/resource/Провалов,_Константин_Константинович"
"http://www.w3.org/2002/07/owl#sameAs","http://et.dbpedia.org/resource/Konstantin_Provalov"
"http://www.w3.org/2002/07/owl#sameAs","http://ar.dbpedia.org/resource/كونستانتين_كونستانتينوفيتش_بروفالوف"
"http://www.w3.org/2002/07/owl#sameAs","http://arz.dbpedia.org/resource/كونستانتين_كونستانتينوفيتش_بروفالوف"
"http://www.w3.org/2002/07/owl#sameAs","http://fi.dbpedia.org/resource/Konstantin_Provalov"
"http://www.w3.org/2002/07/owl#sameAs","http://hy.dbpedia.org/resource/Կոնստանտին_Պրովալով"
"http://www.w3.org/2002/07/owl#sameAs","https://global.dbpedia.org/id/GGjY"
"http://www.w3.org/2002/07/owl#sameAs","http://viaf.org/viaf/105516286"
"http://www.w3.org/2002/07/owl#sameAs","http://www.wikidata.org/entity/Q28043383"
"http://www.w3.org/2002/07/owl#sameAs","http://ar.dbpedia.org/resource/لويس_ميرفي_(سياسي)"
"http://www.w3.org/2002/07/owl#sameAs","https://global.dbpedia.org/id/2c9fk"
"http://www.w3.org/2002/07/owl#sameAs","http://yago-knowledge.org/resource/Michael_Griffin_(politician)"
"http://www.w3.org/2002/07/owl#sameAs","http://rdf.freebase.com/ns/m.02vrq7y"
"http://www.w3.org/2002/07/owl#sameAs","http://www.wikidata.org/entity/Q1927594"
"http://www.w3.org/2002/07/owl#sameAs","http://de.dbpedia.org/resource/Michael_Griffin_(Politiker)"
"http://www.w3.org/2002/07/owl#sameAs","http://ar.dbpedia.org/resource/ميخائيل_غريفين"
"http://www.w3.org/2002/07/owl#sameAs","http://arz.dbpedia.org/resource/ميخائيل_جريفين"
"http://www.w3.org/2002/07/owl#sameAs","http://azb.dbpedia.org/resource/مایکل_قریفین_(سیاستچی)"
"http://www.w3.org/2002/07/owl#sameAs","https://global.dbpedia.org/id/rkqU"
"http://www.w3.org/2002/07/owl#sameAs","http://yago-knowledge.org/resource/Rufus_D._Hayes"
"http://www.w3.org/2002/07/owl#sameAs","http://rdf.freebase.com/ns/m.0bxyzgz"
"http://www.w3.org/2002/07/owl#sameAs","http://www.wikidata.org/entity/Q7378024"
"http://www.w3.org/2002/07/owl#sameAs","http://ar.dbpedia.org/resource/روفوس_د._هايز"
"http://www.w3.org/2002/07/owl#sameAs","http://arz.dbpedia.org/resource/روفوس_د._هايز"
"http://www.w3.org/2002/07/owl#sameAs","https://global.dbpedia.org/id/4uLwG"
"http://www.w3.org/2002/07/owl#sameAs","http://www.wikidata.org/entity/Q67958229"
"http://www.w3.org/2002/07/owl#sameAs","http://he.dbpedia.org/resource/וליד_טאהא"
"http://www.w3.org/2002/07/owl#sameAs","http://ar.dbpedia.org/resource/وليد_طه"
"http://www.w3.org/2002/07/owl#sameAs","https://global.dbpedia.org/id/AeFdK"
"http://www.w3.org/2002/07/owl#sameAs","http://rdf.freebase.com/ns/m.0p7ccpf"
"http://www.w3.org/2002/07/owl#sameAs","http://yago-knowledge.org/resource/William_West_Bond"
"http://www.w3.org/2002/07/owl#sameAs","http://www.wikidata.org/entity/Q8020211"
"http://www.w3.org/2002/07/owl#sameAs","http://de.dbpedia.org/resource/William_West_Bond"
"http://www.w3.org/2002/07/owl#sameAs","http://ar.dbpedia.org/resource/ويليام_ويست_بوند"
"http://www.w3.org/2002/07/owl#sameAs","http://arz.dbpedia.org/resource/ويليام_ويسانت_بوند"
"http://www.w3.org/2002/07/owl#sameAs","https://global.dbpedia.org/id/4xGir"
"http://www.w3.org/2002/07/owl#sameAs","http://yago-knowledge.org/resource/Francisco_Antonio_De_Zela"
"http://www.w3.org/2002/07/owl#sameAs","http://viaf.org/viaf/71308172"
"http://www.w3.org/2002/07/owl#sameAs","http://rdf.freebase.com/ns/m.06gp6q"
"http://www.w3.org/2002/07/owl#sameAs","http://www.wikidata.org/entity/Q3826590"
"http://www.w3.org/2002/07/owl#sameAs","http://es.dbpedia.org/resource/Francisco_Antonio_de_Zela"
"http://www.w3.org/2002/07/owl#sameAs","http://eu.dbpedia.org/resource/Francisco_Antonio_de_Zela"
"http://www.w3.org/2002/07/owl#sameAs","http://qu.dbpedia.org/resource/Francisco_de_Zela"
"http://www.w3.org/2002/07/owl#sameAs","https://global.dbpedia.org/id/3Y9u4"
"http://www.w3.org/2002/07/owl#sameAs","https://orcid.org/0000-0001-7114-0586"
"http://www.w3.org/2002/07/owl#sameAs","http://www.wikidata.org/entity/Q52717578"
"http://www.w3.org/2002/07/owl#sameAs","http://fr.dbpedia.org/resource/Tomoaki_Shimada"
"http://www.w3.org/2002/07/owl#sameAs","http://ja.dbpedia.org/resource/島田智明"
"http://www.w3.org/2002/07/owl#sameAs","https://global.dbpedia.org/id/613s3"
"http://www.w3.org/2002/07/owl#sameAs","http://www.wikidata.org/entity/Q94949108"
"http://www.w3.org/2002/07/owl#sameAs","http://fr.dbpedia.org/resource/Agnes_Asangalisa_Chigabatia"
"http://www.w3.org/2002/07/owl#sameAs","https://global.dbpedia.org/id/Bw24o"
"http://www.w3.org/2002/07/owl#sameAs","http://www.wikidata.org/entity/Q12839621"
"http://www.w3.org/2002/07/owl#sameAs","http://fr.dbpedia.org/resource/Fuad_Alasgarov"
"http://www.w3.org/2002/07/owl#sameAs","http://ru.dbpedia.org/resource/Алескеров,_Фуад_Муртуз_оглы"
"http://www.w3.org/2002/07/owl#sameAs","http://az.dbpedia.org/resource/Fuad_Ələsgərov_(siyasətçi)"
"http://www.w3.org/2002/07/owl#sameAs","http://fa.dbpedia.org/resource/فؤاد_علی‌عسگروف"
"http://www.w3.org/2002/07/owl#sameAs","https://global.dbpedia.org/id/KE46"
"http://www.w3.org/2002/07/owl#sameAs","http://www.wikidata.org/entity/Q16057936"
"http://www.w3.org/2002/07/owl#sameAs","http://fr.dbpedia.org/resource/Moulana_Abdul_Mannan"
"http://www.w3.org/2002/07/owl#sameAs","http://bn.dbpedia.org/resource/মুহাম্মদ_আবদুল_মান্নান_(চাঁদপুরের_রাজনীতিবিদ)"
"http://www.w3.org/2002/07/owl#sameAs","https://global.dbpedia.org/id/bGJU"
"http://www.w3.org/2002/07/owl#sameAs","http://www.wikidata.org/entity/Q3086904"
"http://www.w3.org/2002/07/owl#sameAs","http://fr.dbpedia.org/resource/Fred_Mitchell"
"http://www.w3.org/2002/07/owl#sameAs","http://uk.dbpedia.org/resource/Фред_Мітчелл"
"http://www.w3.org/2002/07/owl#sameAs","https://global.dbpedia.org/id/2rj2T"
"http://www.w3.org/2002/07/owl#sameAs","http://www.wikidata.org/entity/Q3524185"
"http://www.w3.org/2002/07/owl#sameAs","http://fr.dbpedia.org/resource/Thierry_d'Alsace_de_Hénin-Liétard"
"http://www.w3.org/2002/07/owl#sameAs","https://global.dbpedia.org/id/3Fd5R"
"http://www.w3.org/2002/07/owl#sameAs","http://www.wikidata.org/entity/Q704283"
"http://www.w3.org/2002/07/owl#sameAs","http://ja.dbpedia.org/resource/崔瑀"
"http://www.w3.org/2002/07/owl#sameAs","http://zh.dbpedia.org/resource/崔瑀"
"http://www.w3.org/2002/07/owl#sameAs","http://ko.dbpedia.org/resource/최우"
"http://www.w3.org/2002/07/owl#sameAs","http://no.dbpedia.org/resource/Choe_U"
"http://www.w3.org/2002/07/owl#sameAs","https://global.dbpedia.org/id/4sjMs"
"http://www.w3.org/2002/07/owl#sameAs","http://www.wikidata.org/entity/Q16336792"
"http://www.w3.org/2002/07/owl#sameAs","http://pt.dbpedia.org/resource/Arnaldo_Faria_de_Sá"
"http://www.w3.org/2002/07/owl#sameAs","http://arz.dbpedia.org/resource/ارنالدو_فاريا_د_سا"
"http://www.w3.org/2002/07/owl#sameAs","https://global.dbpedia.org/id/ckXV"
"http://www.w3.org/2002/07/owl#sameAs","http://yago-knowledge.org/resource/Vladimir_Vasilievich_Rusakevich"
"http://www.w3.org/2002/07/owl#sameAs","http://www.wikidata.org/entity/Q6542738"
"http://www.w3.org/2002/07/owl#sameAs","http://ru.dbpedia.org/resource/Русакевич,_Владимир_Васильевич"
"http://www.w3.org/2002/07/owl#sameAs","http://be.dbpedia.org/resource/Уладзімір_Васілевіч_Русакевіч"
"http://www.w3.org/2002/07/owl#sameAs","https://global.dbpedia.org/id/4q6vq"
"http://www.w3.org/2002/07/owl#sameAs","http://www.wikidata.org/entity/Q111227690"
"http://www.w3.org/2002/07/owl#sameAs","https://global.dbpedia.org/id/GUmGk"
"http://www.w3.org/2002/07/owl#sameAs","http://yago-knowledge.org/resource/Barbara_Parker_(politician)"
"http://www.w3.org/2002/07/owl#sameAs","http://rdf.freebase.com/ns/m.0ll4cg_"
"http://www.w3.org/2002/07/owl#sameAs","http://www.wikidata.org/entity/Q4859211"
"http://www.w3.org/2002/07/owl#sameAs","http://arz.dbpedia.org/resource/باربارا_پاركير"
"http://www.w3.org/2002/07/owl#sameAs","https://global.dbpedia.org/id/4VmTp"
"http://www.w3.org/2002/07/owl#sameAs","http://rdf.freebase.com/ns/m.09rtdsh"
"http://www.w3.org/2002/07/owl#sameAs","http://yago-knowledge.org/resource/Brian_Blad"
"http://www.w3.org/2002/07/owl#sameAs","http://www.wikidata.org/entity/Q4963117"
"http://www.w3.org/2002/07/owl#sameAs","https://global.dbpedia.org/id/4bpJZ"
"http://www.w3.org/2002/07/owl#sameAs","http://yago-knowledge.org/resource/Hemant_Batra"
"http://www.w3.org/2002/07/owl#sameAs","http://rdf.freebase.com/ns/m.0vp85y3"
"http://www.w3.org/2002/07/owl#sameAs","http://www.wikidata.org/entity/Q16196825"
"http://www.w3.org/2002/07/owl#sameAs","http://arz.dbpedia.org/resource/هيمانت_باترا"
"http://www.w3.org/2002/07/owl#sameAs","https://global.dbpedia.org/id/c1DZ"
"http://www.w3.org/2002/07/owl#sameAs","http://www.wikidata.org/entity/Q6164550"
"http://www.w3.org/2002/07/owl#sameAs","http://pa.dbpedia.org/resource/ਜਥੇਦਾਰ_ਸਾਧੂ_ਸਿੰਘ_ਭੌਰਾ"
"http://www.w3.org/2002/07/owl#sameAs","https://global.dbpedia.org/id/4ntN3"
"http://www.w3.org/2002/07/owl#sameAs","http://yago-knowledge.org/resource/Jathedar_Sadhu_Singh_Bhaura"
"http://www.w3.org/2002/07/owl#sameAs","http://rdf.freebase.com/ns/m.0803jl0"
"http://www.w3.org/2002/07/owl#sameAs","http://rdf.freebase.com/ns/m.0nfvt24"
"http://www.w3.org/2002/07/owl#sameAs","http://yago-knowledge.org/resource/Naseer_Ahmed_Bhutta"
"http://www.w3.org/2002/07/owl#sameAs","http://www.wikidata.org/entity/Q6966681"
"http://www.w3.org/2002/07/owl#sameAs","https://global.dbpedia.org/id/4sM1G"
"http://www.w3.org/2002/07/owl#sameAs","http://rdf.freebase.com/ns/m.03cz4_c"
"http://www.w3.org/2002/07/owl#sameAs","http://yago-knowledge.org/resource/Philippe_Beaulne"
"http://www.w3.org/2002/07/owl#sameAs","http://www.wikidata.org/entity/Q7184770"
"http://www.w3.org/2002/07/owl#sameAs","https://global.dbpedia.org/id/4tbZo"
"http://www.w3.org/2002/07/owl#sameAs","http://www.wikidata.org/entity/Q52354837"
"http://www.w3.org/2002/07/owl#sameAs","https://global.dbpedia.org/id/5harZ"
"http://www.w3.org/2002/07/owl#sameAs","http://yago-knowledge.org/resource/Bunmi_Famosaya,_Mni"
"http://www.w3.org/2002/07/owl#sameAs","http://www.wikidata.org/entity/Q24962751"
"http://www.w3.org/2002/07/owl#sameAs","https://global.dbpedia.org/id/2MbXV"
"http://www.w3.org/2002/07/owl#sameAs","http://yago-knowledge.org/resource/Christopher_J._Burke"
"http://www.w3.org/2002/07/owl#sameAs","http://www.wikidata.org/entity/Q28655383"
"http://www.w3.org/2002/07/owl#sameAs","https://global.dbpedia.org/id/2fB4M"
"http://www.w3.org/2002/07/owl#sameAs","http://yago-knowledge.org/resource/James_Briden"
"http://www.w3.org/2002/07/owl#sameAs","http://rdf.freebase.com/ns/m.0tkhr5k"
"http://www.w3.org/2002/07/owl#sameAs","http://www.wikidata.org/entity/Q16240827"
"http://www.w3.org/2002/07/owl#sameAs","https://global.dbpedia.org/id/bnug"
"http://www.w3.org/2002/07/owl#sameAs","http://www.wikidata.org/entity/Q97441456"
"http://www.w3.org/2002/07/owl#sameAs","https://global.dbpedia.org/id/Dgdnd"
"http://www.w3.org/2002/07/owl#sameAs","http://rdf.freebase.com/ns/m.05p5b2l"
"http://www.w3.org/2002/07/owl#sameAs","http://yago-knowledge.org/resource/Renee_Marie_Bumb"
"http://www.w3.org/2002/07/owl#sameAs","http://www.wikidata.org/entity/Q7312999"
"http://www.w3.org/2002/07/owl#sameAs","http://arz.dbpedia.org/resource/رينى_مارى_بومب"
"http://www.w3.org/2002/07/owl#sameAs","https://global.dbpedia.org/id/4tib4"
"http://www.w3.org/2002/07/owl#sameAs","http://www.wikidata.org/entity/Q113989155"
"http://www.w3.org/2002/07/owl#sameAs","http://zh.dbpedia.org/resource/王帆"
"http://www.w3.org/2002/07/owl#sameAs","https://global.dbpedia.org/id/Gkm7H"
"http://www.w3.org/2002/07/owl#sameAs","http://rdf.freebase.com/ns/m.0fmd_m"
"http://www.w3.org/2002/07/owl#sameAs","http://yago-knowledge.org/resource/David_Hutcheon"
"http://www.w3.org/2002/07/owl#sameAs","http://www.wikidata.org/entity/Q16226445"
"http://www.w3.org/2002/07/owl#sameAs","https://global.dbpedia.org/id/bWWF"
"http://www.w3.org/2002/07/owl#sameAs","http://www.wikidata.org/entity/Q28783932"
"http://www.w3.org/2002/07/owl#sameAs","http://fi.dbpedia.org/resource/Hanna_Huttunen"
"http://www.w3.org/2002/07/owl#sameAs","https://global.dbpedia.org/id/2fWYC"
"http://www.w3.org/2002/07/owl#sameAs","http://rdf.freebase.com/ns/m.03yjw6_"
"http://www.w3.org/2002/07/owl#sameAs","http://yago-knowledge.org/resource/Henry_Garrett_(politician)"
"http://www.w3.org/2002/07/owl#sameAs","http://www.wikidata.org/entity/Q5721810"
"http://www.w3.org/2002/07/owl#sameAs","https://global.dbpedia.org/id/4mHCm"
"http://www.w3.org/2002/07/owl#sameAs","http://yago-knowledge.org/resource/Jon_Hulburd"
"http://www.w3.org/2002/07/owl#sameAs","http://rdf.freebase.com/ns/m.0czc49c"
"http://www.w3.org/2002/07/owl#sameAs","http://www.wikidata.org/entity/Q6270937"
"http://www.w3.org/2002/07/owl#sameAs","http://arz.dbpedia.org/resource/چون_هولبورد"
"http://www.w3.org/2002/07/owl#sameAs","https://global.dbpedia.org/id/4pAKz"
"http://www.w3.org/2002/07/owl#sameAs","http://rdf.freebase.com/ns/m.0x2dgdd"
"http://www.w3.org/2002/07/owl#sameAs","http://yago-knowledge.org/resource/Prissy_Hickerson"
"http://www.w3.org/2002/07/owl#sameAs","http://www.wikidata.org/entity/Q16148879"
"http://www.w3.org/2002/07/owl#sameAs","https://global.dbpedia.org/id/cDgq"
"http://www.w3.org/2002/07/owl#sameAs","http://www.wikidata.org/entity/Q110405026"
"http://www.w3.org/2002/07/owl#sameAs","http://zh.dbpedia.org/resource/嘎玛泽登"
"http://www.w3.org/2002/07/owl#sameAs","https://global.dbpedia.org/id/GL8vo"
"http://www.w3.org/2002/07/owl#sameAs","http://rdf.freebase.com/ns/m.09gjs4v"
"http://www.w3.org/2002/07/owl#sameAs","http://yago-knowledge.org/resource/Carolyn_Turchin"
"http://www.w3.org/2002/07/owl#sameAs","http://www.wikidata.org/entity/Q5045480"
"http://www.w3.org/2002/07/owl#sameAs","http://arz.dbpedia.org/resource/كارولين_توركين"
"http://www.w3.org/2002/07/owl#sameAs","https://global.dbpedia.org/id/4g9bN"
"http://www.w3.org/2002/07/owl#sameAs","http://yago-knowledge.org/resource/K.P._Unnikrishnan"
"http://www.w3.org/2002/07/owl#sameAs","http://www.wikidata.org/entity/Q20065204"
"http://www.w3.org/2002/07/owl#sameAs","http://ml.dbpedia.org/resource/കെ.പി._ഉണ്ണികൃഷ്ണൻ"
"http://www.w3.org/2002/07/owl#sameAs","https://global.dbpedia.org/id/usiB"
"http://www.w3.org/2002/07/owl#sameAs","http://www.wikidata.org/entity/Q60735488"
"http://www.w3.org/2002/07/owl#sameAs","https://global.dbpedia.org/id/9ZoCK"
"http://www.w3.org/2002/07/owl#sameAs","http://yago-knowledge.org/resource/Vasco_da_Gama_(council_speaker)"
"http://www.w3.org/2002/07/owl#sameAs","http://www.wikidata.org/entity/Q19949500"
"http://www.w3.org/2002/07/owl#sameAs","http://mg.dbpedia.org/resource/Vasco_da_Gama"
"http://www.w3.org/2002/07/owl#sameAs","https://global.dbpedia.org/id/tpoC"
"http://www.w3.org/2002/07/owl#sameAs","http://www.wikidata.org/entity/Q39070204"
"http://www.w3.org/2002/07/owl#sameAs","http://bn.dbpedia.org/resource/জুলহামা_(রাজনীতিবিদ)"
"http://www.w3.org/2002/07/owl#sameAs","https://global.dbpedia.org/id/3cTGP"
"http://www.w3.org/2002/07/owl#sameAs","http://rdf.freebase.com/ns/m.0wzr7rr"
"http://www.w3.org/2002/07/owl#sameAs","http://www.wikidata.org/entity/Q16195353"
"http://www.w3.org/2002/07/owl#sameAs","http://hu.dbpedia.org/resource/Szabó_Zsolt_(politikus,_1963)"
"http://www.w3.org/2002/07/owl#sameAs","http://arz.dbpedia.org/resource/زسولت_سزابو"
"http://www.w3.org/2002/07/owl#sameAs","https://global.dbpedia.org/id/cE1R"
"http://www.w3.org/2002/07/owl#sameAs","http://www.wikidata.org/entity/Q61732787"
"http://www.w3.org/2002/07/owl#sameAs","http://ms.dbpedia.org/resource/Ahmad_Badri_Mohd_Zahir"
"http://www.w3.org/2002/07/owl#sameAs","https://global.dbpedia.org/id/9UkY7"
"http://www.w3.org/2002/07/owl#sameAs","http://www.wikidata.org/entity/Q96236796"
"http://www.w3.org/2002/07/owl#sameAs","https://global.dbpedia.org/id/C1iRA"
"http://www.w3.org/2002/07/owl#sameAs","http://rdf.freebase.com/ns/m.080g7b3"
"http://www.w3.org/2002/07/owl#sameAs","http://yago-knowledge.org/resource/Alan_Jilka"
"http://www.w3.org/2002/07/owl#sameAs","http://www.wikidata.org/entity/Q4706973"
"http://www.w3.org/2002/07/owl#sameAs","https://global.dbpedia.org/id/4MMch"
"http://www.w3.org/2002/07/owl#sameAs","http://rdf.freebase.com/ns/m.03cjhbt"
"http://www.w3.org/2002/07/owl#sameAs","http://yago-knowledge.org/resource/Alan_Paul_Anderson"
"http://www.w3.org/2002/07/owl#sameAs","http://www.wikidata.org/entity/Q4707500"
"http://www.w3.org/2002/07/owl#sameAs","http://azb.dbpedia.org/resource/آلان_پاول_آندرزون"
"http://www.w3.org/2002/07/owl#sameAs","https://global.dbpedia.org/id/4MQWq"
"http://www.w3.org/2002/07/owl#sameAs","http://rdf.freebase.com/ns/m.03bzq6k"
"http://www.w3.org/2002/07/owl#sameAs","http://yago-knowledge.org/resource/Kristin_Mayes"
"http://www.w3.org/2002/07/owl#sameAs","http://www.wikidata.org/entity/Q6438168"
"http://www.w3.org/2002/07/owl#sameAs","http://azb.dbpedia.org/resource/کریستین_مایز"
"http://www.w3.org/2002/07/owl#sameAs","https://global.dbpedia.org/id/4pSDk"
"http://www.w3.org/2002/07/owl#sameAs","http://rdf.freebase.com/ns/m.012cf0b0"
"http://www.w3.org/2002/07/owl#sameAs","http://yago-knowledge.org/resource/Joseph_Atubokiki_Ajienka"
"http://www.w3.org/2002/07/owl#sameAs","http://www.wikidata.org/entity/Q18688117"
"http://www.w3.org/2002/07/owl#sameAs","https://global.dbpedia.org/id/oDsk"
"http://www.w3.org/2002/07/owl#sameAs","http://yago-knowledge.org/resource/Judith_Cajes"
"http://www.w3.org/2002/07/owl#sameAs","http://rdf.freebase.com/ns/m.05q51bf"
"http://www.w3.org/2002/07/owl#sameAs","http://www.wikidata.org/entity/Q6303328"
"http://www.w3.org/2002/07/owl#sameAs","https://global.dbpedia.org/id/4orVv"
"http://www.w3.org/2002/07/owl#sameAs","http://www.wikidata.org/entity/Q104241069"
"http://www.w3.org/2002/07/owl#sameAs","https://global.dbpedia.org/id/FMmH1"
"http://www.w3.org/2002/07/owl#sameAs","http://www.wikidata.org/entity/Q39075459"
"http://www.w3.org/2002/07/owl#sameAs","https://global.dbpedia.org/id/3dAh9"
"http://www.w3.org/2002/07/owl#sameAs","http://www.wikidata.org/entity/Q6368401"
"http://www.w3.org/2002/07/owl#sameAs","http://hi.dbpedia.org/resource/करणसिंह_यादव"
"http://www.w3.org/2002/07/owl#sameAs","http://pa.dbpedia.org/resource/ਕਰਨ_ਸਿੰਘ_ਯਾਦਵ_(ਸਿਆਸਤਦਾਨ)"
"http://www.w3.org/2002/07/owl#sameAs","http://ta.dbpedia.org/resource/கரண்_சிங்_யாதவ்"
"http://www.w3.org/2002/07/owl#sameAs","https://global.dbpedia.org/id/4pBx7"
"http://www.w3.org/2002/07/owl#sameAs","http://rdf.freebase.com/ns/m.0gx_vn1"
"http://www.w3.org/2002/07/owl#sameAs","http://viaf.org/viaf/55647563"
"http://www.w3.org/2002/07/owl#sameAs","http://yago-knowledge.org/resource/Lendley_C._Black"
"http://www.w3.org/2002/07/owl#sameAs","http://www.wikidata.org/entity/Q16199470"
"http://www.w3.org/2002/07/owl#sameAs","https://global.dbpedia.org/id/bkj9"
"http://www.w3.org/2002/07/owl#sameAs","http://www.wikidata.org/entity/Q110970017"
"http://www.w3.org/2002/07/owl#sameAs","https://global.dbpedia.org/id/GLgGP"
"http://www.w3.org/2002/07/owl#sameAs","http://www.wikidata.org/entity/Q70380855"
"http://www.w3.org/2002/07/owl#sameAs","http://bn.dbpedia.org/resource/মজিবুর_রহমান_(জেনারেল)"
"http://www.w3.org/2002/07/owl#sameAs","https://global.dbpedia.org/id/AjEno"
"http://www.w3.org/2002/07/owl#sameAs","http://rdf.freebase.com/ns/m.0121rp6p"
"http://www.w3.org/2002/07/owl#sameAs","http://yago-knowledge.org/resource/Arthur_Richard_Andrew_Scace"
"http://www.w3.org/2002/07/owl#sameAs","http://www.wikidata.org/entity/Q18354412"
"http://www.w3.org/2002/07/owl#sameAs","https://global.dbpedia.org/id/mRba"
"http://www.w3.org/2002/07/owl#sameAs","http://yago-knowledge.org/resource/Arur_Singh_Naushera"
"http://www.w3.org/2002/07/owl#sameAs","http://www.wikidata.org/entity/Q27881189"
"http://www.w3.org/2002/07/owl#sameAs","http://pa.dbpedia.org/resource/ਅਰੂੜ_ਸਿੰਘ_ਨੌਸ਼ਹਿਰਾ"
"http://www.w3.org/2002/07/owl#sameAs","https://global.dbpedia.org/id/2bYyz"
"http://www.w3.org/2002/07/owl#sameAs","http://www.wikidata.org/entity/Q30502012"
"http://www.w3.org/2002/07/owl#sameAs","https://global.dbpedia.org/id/2q8Qq"
"http://www.w3.org/2002/07/owl#sameAs","http://www.wikidata.org/entity/Q111187778"
"http://www.w3.org/2002/07/owl#sameAs","http://ta.dbpedia.org/resource/அசரப்_அலி_கான்"
"http://www.w3.org/2002/07/owl#sameAs","https://global.dbpedia.org/id/GRrJN"
"http://www.w3.org/2002/07/owl#sameAs","http://rdf.freebase.com/ns/m.0gy1_bp"
"http://www.w3.org/2002/07/owl#sameAs","http://yago-knowledge.org/resource/Asrar-ul-Haq_Mian"
"http://www.w3.org/2002/07/owl#sameAs","http://www.wikidata.org/entity/Q4808269"
"http://www.w3.org/2002/07/owl#sameAs","https://global.dbpedia.org/id/4Tdpi"
"http://www.w3.org/2002/07/owl#sameAs","http://www.wikidata.org/entity/Q96372495"
"http://www.w3.org/2002/07/owl#sameAs","http://bn.dbpedia.org/resource/গাজী_আতাউর_রহমান"
"http://www.w3.org/2002/07/owl#sameAs","https://global.dbpedia.org/id/8Je3o"
"http://www.w3.org/2002/07/owl#sameAs","http://www.wikidata.org/entity/Q107185569"
"http://www.w3.org/2002/07/owl#sameAs","https://global.dbpedia.org/id/FrmLL"
"http://www.w3.org/2002/07/owl#sameAs","http://rdf.freebase.com/ns/m.0nbtjyd"
"http://www.w3.org/2002/07/owl#sameAs","http://yago-knowledge.org/resource/Praveen_Kumar_Reddy"
"http://www.w3.org/2002/07/owl#sameAs","http://www.wikidata.org/entity/Q7238856"
"http://www.w3.org/2002/07/owl#sameAs","https://global.dbpedia.org/id/4u5BH"
"http://www.w3.org/2002/07/owl#sameAs","http://www.wikidata.org/entity/Q111131941"
"http://www.w3.org/2002/07/owl#sameAs","http://fa.dbpedia.org/resource/فرد_باند_جونیور"
"http://www.w3.org/2002/07/owl#sameAs","https://global.dbpedia.org/id/GXb6t"
"http://www.w3.org/2002/07/owl#sameAs","http://rdf.freebase.com/ns/m.0bbxq63"
"http://www.w3.org/2002/07/owl#sameAs","http://viaf.org/viaf/61841957"
"http://www.w3.org/2002/07/owl#sameAs","http://www.wikidata.org/entity/Q7851338"
"http://www.w3.org/2002/07/owl#sameAs","http://ro.dbpedia.org/resource/Tudor_Gheorghe_Țopa"
"http://www.w3.org/2002/07/owl#sameAs","http://d-nb.info/gnd/134172221"
"http://www.w3.org/2002/07/owl#sameAs","http://arz.dbpedia.org/resource/تودور_تسوپا"
"http://www.w3.org/2002/07/owl#sameAs","https://global.dbpedia.org/id/4w7zZ"
"http://xmlns.com/foaf/0.1/name","Tony (Antonio Matteo) Fontana"
"http://xmlns.com/foaf/0.1/name","Aaron Thompson"
"http://xmlns.com/foaf/0.1/name","Abdikadir Omar Aden"
"http://xmlns.com/foaf/0.1/name","Abdu'r Rahmani"
"http://xmlns.com/foaf/0.1/name","Abdul Ghafar Ismail"
"http://xmlns.com/foaf/0.1/name","Abdul Jalil Ahmad"
"http://xmlns.com/foaf/0.1/name","Abdulla Muththalib"
"http://xmlns.com/foaf/0.1/name","Abdulla Nazim Ibrahim"
"http://xmlns.com/foaf/0.1/name","Abdullahi Ashafa"
"http://xmlns.com/foaf/0.1/name","Abdulrahman Asipita Salawu"
"http://xmlns.com/foaf/0.1/name","Abel Darlington"
"http://xmlns.com/foaf/0.1/name","Abhimanyu Poonia"
"http://www.w3.org/2000/01/rdf-schema#label","عبد الرحمن (سياسي)"
"http://www.w3.org/2000/01/rdf-schema#label","كريس نيلسون"
"http://www.w3.org/2000/01/rdf-schema#label","Chris Nelson (Politiker)"
"http://www.w3.org/2000/01/rdf-schema#label","دانيال ر. دومينغيز"
"http://www.w3.org/2000/01/rdf-schema#label","ديفيد غيليسبي"
"http://www.w3.org/2000/01/rdf-schema#label","大衛·吉列斯比"
"http://www.w3.org/2000/01/rdf-schema#label","إدوارد إم. بيرنستاين"
"http://www.w3.org/2000/01/rdf-schema#label","كونستانتين كونستانتينوفيتش بروفالوف"
"http://www.w3.org/2000/01/rdf-schema#label","Провалов, Константин Константинович"
"http://www.w3.org/2000/01/rdf-schema#label","لويس ميرفي (سياسي)"
"http://www.w3.org/2000/01/rdf-schema#label","ميخائيل غريفين"
"http://www.w3.org/2000/01/rdf-schema#label","Michael Griffin (Politiker)"
"http://www.w3.org/2000/01/rdf-schema#label","روفوس د. هايز"
"http://www.w3.org/2000/01/rdf-schema#label","وليد طه"
"http://www.w3.org/2000/01/rdf-schema#label","ويليام ويست بوند"
"http://www.w3.org/2000/01/rdf-schema#label","William West Bond"
"http://www.w3.org/2000/01/rdf-schema#label","Francisco Antonio de Zela"
"http://www.w3.org/2000/01/rdf-schema#label","Francisco Antonio de Zela"
"http://www.w3.org/2000/01/rdf-schema#label","Tomoaki Shimada"
"http://www.w3.org/2000/01/rdf-schema#label","島田智明"
"http://www.w3.org/2000/01/rdf-schema#label","Agnes Asangalisa Chigabatia"
"http://www.w3.org/2000/01/rdf-schema#label","Fuad Alasgarov"
"http://www.w3.org/2000/01/rdf-schema#label","Алескеров, Фуад Муртуз оглы"
"http://www.w3.org/2000/01/rdf-schema#label","Moulana Abdul Mannan"
"http://www.w3.org/2000/01/rdf-schema#label","Fred Mitchell"
"http://www.w3.org/2000/01/rdf-schema#label","Фред Мітчелл"
"http://www.w3.org/2000/01/rdf-schema#label","Thierry d'Alsace de Hénin-Liétard"
"http://www.w3.org/2000/01/rdf-schema#label","崔瑀"
"http://www.w3.org/2000/01/rdf-schema#label","최우"
"http://www.w3.org/2000/01/rdf-schema#label","崔瑀"
"http://www.w3.org/2000/01/rdf-schema#label","Arnaldo Faria de Sá"
"http://www.w3.org/2000/01/rdf-schema#label","Русакевич, Владимир Васильевич"
"http://www.w3.org/2000/01/rdf-schema#label","王帆"
"http://www.w3.org/2000/01/rdf-schema#label","嘎玛泽登"
"http://www.w3.org/2000/01/rdf-schema#label","A. A. Crawford"
"http://www.w3.org/2000/01/rdf-schema#label","A. M. Fontana"
"http://www.w3.org/2000/01/rdf-schema#label","Aaron Thompson (politician)"
"http://www.w3.org/2000/01/rdf-schema#label","Abdikadir Aden"
"http://www.w3.org/2000/01/rdf-schema#label","Abdu'r Rahmani"
"http://www.w3.org/2000/01/rdf-schema#label","Abdul Ghafar Ismail"
"http://www.w3.org/2000/01/rdf-schema#label","Abdul Jalil Ahmad"
"http://www.w3.org/2000/01/rdf-schema#label","Abdulla Muththalib"
"http://www.w3.org/2000/01/rdf-schema#label","Abdulla Nazim Ibrahim"
"http://www.w3.org/2000/01/rdf-schema#label","Abdullahi Musa Ashafa"
"http://www.w3.org/2000/01/rdf-schema#label","Abdulrahman Asipita Salawu"
"http://www.w3.org/2000/01/rdf-schema#label","Abel Darlington"
"http://www.w3.org/2000/01/rdf-schema#label","Abhimanyu Poonia"
"http://dbpedia.org/property/honorificSuffix","http://dbpedia.org/resource/Pingat_Hassanal_Bolkiah_Sultan"
"http://dbpedia.org/property/honorificSuffix","http://dbpedia.org/resource/Order_of_Paduka_Seri_Laila_Jasa"
"http://dbpedia.org/property/honorificSuffix","http://dbpedia.org/resource/Order_of_Seri_Paduka_Mahkota_Brunei"
"http://dbpedia.org/property/honorificSuffix","DPMB SNB PJK"
"http://dbpedia.org/ontology/deathPlace","http://dbpedia.org/resource/Tallahassee,_Florida"
"http://dbpedia.org/ontology/deathPlace","http://dbpedia.org/resource/Pocopson_Township,_Pennsylvania"
"http://dbpedia.org/property/deathPlace","Tallahassee, Florida, U.S."
"http://dbpedia.org/property/deathPlace","Pocopson Township, Pennsylvania, U.S."
"http://dbpedia.org/ontology/deathDate",2010-02-25
"http://dbpedia.org/ontology/birthPlace","http://dbpedia.org/resource/Providence,_Rhode_Island"
"http://dbpedia.org/ontology/birthPlace","http://dbpedia.org/resource/Kenya"
"http://dbpedia.org/ontology/birthPlace","http://dbpedia.org/resource/Brunei"
"http://dbpedia.org/ontology/birthPlace","http://dbpedia.org/resource/Tutong_District"
"http://dbpedia.org/ontology/birthPlace","http://dbpedia.org/resource/Kampong_Danau"
"http://dbpedia.org/ontology/birthPlace","http://dbpedia.org/resource/Kampong_Ayer"
"http://dbpedia.org/ontology/birthPlace","http://dbpedia.org/resource/Maldives"
"http://dbpedia.org/ontology/birthPlace","http://dbpedia.org/resource/Fiyoaree"
"http://dbpedia.org/ontology/birthPlace","http://dbpedia.org/resource/Gaafu_Dhaalu_Atoll"
"http://dbpedia.org/ontology/birthPlace","http://dbpedia.org/resource/Hinnavaru"
"http://dbpedia.org/ontology/birthPlace","http://dbpedia.org/resource/Lhaviyani_Atoll"
"http://dbpedia.org/ontology/birthPlace","http://dbpedia.org/resource/Westtown_Township,_Pennsylvania"
"http://dbpedia.org/property/birthPlace","Providence, Rhode Island, U.S."
"http://dbpedia.org/property/birthPlace","Balambala, Garissa County, Kenya"
"http://dbpedia.org/property/birthPlace","http://dbpedia.org/resource/Brunei"
"http://dbpedia.org/property/birthPlace","Kampong Danau, Tutong, Brunei"
"http://dbpedia.org/property/birthPlace","http://dbpedia.org/resource/Kampong_Ayer"
"http://dbpedia.org/property/birthPlace","http://dbpedia.org/resource/Maldives"
"http://dbpedia.org/property/birthPlace","http://dbpedia.org/resource/Fiyoaree"
"http://dbpedia.org/property/birthPlace","http://dbpedia.org/resource/Gaafu_Dhaalu_Atoll"
"http://dbpedia.org/property/birthPlace","http://dbpedia.org/resource/Hinnavaru"
"http://dbpedia.org/property/birthPlace","http://dbpedia.org/resource/Lhaviyani_Atoll"
"http://dbpedia.org/property/birthPlace","Westtown Township, Pennsylvania, U.S."
"http://dbpedia.org/ontology/birthDate",1924-06-04
"http://dbpedia.org/ontology/birthDate",1991-05-31
"http://dbpedia.org/ontology/birthDate",1972-10-21
"http://dbpedia.org/ontology/birthDate",1954-07-28
"http://dbpedia.org/ontology/birthDate",1952-10-01
"http://dbpedia.org/ontology/birthDate",1810-02-22
"http://purl.org/dc/terms/subject","http://dbpedia.org/resource/Category:Members_of_the_North_Carolina_House_of_Representatives"
"http://purl.org/dc/terms/subject","http://dbpedia.org/resource/Category:1830s_births"
"http://purl.org/dc/terms/subject","http://dbpedia.org/resource/Category:1897_deaths"
"http://purl.org/dc/terms/subject","http://dbpedia.org/resource/Category:19th-century_members_of_the_North_Carolina_General_Assembly"
"http://purl.org/dc/terms/subject","http://dbpedia.org/resource/Category:Williams_College_alumni"
"http://purl.org/dc/terms/subject","http://dbpedia.org/resource/Category:1924_births"
"http://purl.org/dc/terms/subject","http://dbpedia.org/resource/Category:2010_deaths"
"http://purl.org/dc/terms/subject","http://dbpedia.org/resource/Category:University_of_North_Carolina_alumni"
"http://purl.org/dc/terms/subject","http://dbpedia.org/resource/Category:Politicians_from_Providence,_Rhode_Island"
"http://purl.org/dc/terms/subject","http://dbpedia.org/resource/Category:Democratic_Party_members_of_the_Florida_House_of_Representatives"
"http://purl.org/dc/terms/subject","http://dbpedia.org/resource/Category:20th-century_members_of_the_Florida_Legislature"
"http://purl.org/dc/terms/subject","http://dbpedia.org/resource/Category:Living_people"
"http://purl.org/dc/terms/subject","http://dbpedia.org/resource/Category:1991_births"
"http://purl.org/dc/terms/subject","http://dbpedia.org/resource/Category:21st-century_members_of_the_Kentucky_General_Assembly"
"http://purl.org/dc/terms/subject","http://dbpedia.org/resource/Category:Republican_Party_members_of_the_Kentucky_House_of_Representatives"
"http://purl.org/dc/terms/subject","http://dbpedia.org/resource/Category:Orange_Democratic_Movement_politicians"
"http://purl.org/dc/terms/subject","http://dbpedia.org/resource/Category:Alumni_of_Lenana_School"
"http://purl.org/dc/terms/subject","http://dbpedia.org/resource/Category:1972_births"
"http://purl.org/dc/terms/subject","http://dbpedia.org/resource/Category:Members_of_the_National_Assembly_(Kenya)"
"http://purl.org/dc/terms/subject","http://dbpedia.org/resource/Category:1954_births"
"http://purl.org/dc/terms/subject","http://dbpedia.org/resource/Category:Bruneian_Muslims"
"http://purl.org/dc/terms/subject","http://dbpedia.org/resource/Category:Recipients_of_the_Pingat_Jasa_Gemilang_(Tentera)"
"http://purl.org/dc/terms/subject","http://dbpedia.org/resource/Category:Bruneian_military_leaders"
"http://purl.org/dc/terms/subject","http://dbpedia.org/resource/Category:Ambassadors_of_Brunei_to_China"
"http://purl.org/dc/terms/subject","http://dbpedia.org/resource/Category:Bruneian_colonels"
"http://purl.org/dc/terms/subject","http://dbpedia.org/resource/Category:Ambassadors_of_Brunei_to_Myanmar"
"http://purl.org/dc/terms/subject","http://dbpedia.org/resource/Category:Permanent_Representatives_of_Brunei_to_the_United_Nations"
"http://purl.org/dc/terms/subject","http://dbpedia.org/resource/Category:1951_births"
"http://purl.org/dc/terms/subject","http://dbpedia.org/resource/Category:Alumni_of_Staffordshire_University"
"http://purl.org/dc/terms/subject","http://dbpedia.org/resource/Category:The_Fletcher_School_at_Tufts_University_alumni"
"http://purl.org/dc/terms/subject","http://dbpedia.org/resource/Category:Commanders_of_the_Legion_of_Honour"
"http://purl.org/dc/terms/subject","http://dbpedia.org/resource/Category:Bruneian_diplomats"
"http://purl.org/dc/terms/subject","http://dbpedia.org/resource/Category:Ambassadors_of_Brunei_to_Nepal"
"http://purl.org/dc/terms/subject","http://dbpedia.org/resource/Category:High_commissioners_of_Brunei_to_South_Africa"
"http://purl.org/dc/terms/subject","http://dbpedia.org/resource/Category:High_commissioners_of_Brunei_to_Sri_Lanka"
"http://purl.org/dc/terms/subject","http://dbpedia.org/resource/Category:High_commissioners_of_Brunei_to_the_Maldives"
"http://purl.org/dc/terms/subject","http://dbpedia.org/resource/Category:High_commissioners_of_Brunei_to_India"
"http://purl.org/dc/terms/subject","http://dbpedia.org/resource/Category:High_commissioners_of_Brunei_to_Singapore"
"http://purl.org/dc/terms/subject","http://dbpedia.org/resource/Category:Year_of_birth_missing_(living_people)"
"http://purl.org/dc/terms/subject","http://dbpedia.org/resource/Category:Graduates_of_the_Royal_College_of_Defence_Studies"
"http://purl.org/dc/terms/subject","http://dbpedia.org/resource/Category:Bruneian_military_personnel"
"http://purl.org/dc/terms/subject","http://dbpedia.org/resource/Category:Graduates_of_Britannia_Royal_Naval_College"
"http://purl.org/dc/terms/subject","http://dbpedia.org/resource/Category:Ambassadors_of_Brunei_to_Germany"
"http://purl.org/dc/terms/subject","http://dbpedia.org/resource/Category:High_commissioners_of_Brunei_to_Pakistan"
"http://purl.org/dc/terms/subject","http://dbpedia.org/resource/Category:Alumni_of_University_College_London"
"http://purl.org/dc/terms/subject","http://dbpedia.org/resource/Category:Government_ministers_of_the_Maldives"
"http://purl.org/dc/terms/subject","http://dbpedia.org/resource/Category:Cabinet_of_Mohamed_Muizzu"
"http://purl.org/dc/terms/subject","http://dbpedia.org/resource/Category:21st-century_Maldivian_politicians"
"http://purl.org/dc/terms/subject","http://dbpedia.org/resource/Category:Centre_for_Higher_Secondary_Education_alumni"
"http://purl.org/dc/terms/subject","http://dbpedia.org/resource/Category:Malé_English_School_alumni"
"http://purl.org/dc/terms/subject","http://dbpedia.org/resource/Category:University_of_Auckland_alumni"
"http://purl.org/dc/terms/subject","http://dbpedia.org/resource/Category:Health_ministers_of_the_Maldives"
"http://purl.org/dc/terms/subject","http://dbpedia.org/resource/Category:Cabinet_of_Abdulla_Yameen"
"http://purl.org/dc/terms/subject","http://dbpedia.org/resource/Category:Place_of_birth_missing_(living_people)"
"http://purl.org/dc/terms/subject","http://dbpedia.org/resource/Category:Vice-chancellors_of_Nigerian_universities"
"http://purl.org/dc/terms/subject","http://dbpedia.org/resource/Category:Nigerian_academics"
"http://purl.org/dc/terms/subject","http://dbpedia.org/resource/Category:Nigerian_educators"
"http://purl.org/dc/terms/subject","http://dbpedia.org/resource/Category:1810_births"
"http://purl.org/dc/terms/subject","http://dbpedia.org/resource/Category:Farmers_from_Pennsylvania"
"http://purl.org/dc/terms/subject","http://dbpedia.org/resource/Category:19th-century_American_farmers"
"http://purl.org/dc/terms/subject","http://dbpedia.org/resource/Category:Politicians_from_Chester_County,_Pennsylvania"
"http://purl.org/dc/terms/subject","http://dbpedia.org/resource/Category:American_justices_of_the_peace"
"http://purl.org/dc/terms/subject","http://dbpedia.org/resource/Category:Republican_Party_members_of_the_Pennsylvania_House_of_Representatives"
"http://purl.org/dc/terms/subject","http://dbpedia.org/resource/Category:19th-century_members_of_the_Pennsylvania_General_Assembly"
"http://purl.org/dc/terms/subject","http://dbpedia.org/resource/Category:People_from_Hanumangarh_district"
"http://purl.org/dc/terms/subject","http://dbpedia.org/resource/Category:Indian_Youth_Congress"
"http://purl.org/dc/terms/subject","http://dbpedia.org/resource/Category:Rajasthan_MLAs_2023–2028"
"http://purl.org/dc/terms/subject","http://dbpedia.org/resource/Category:Indian_National_Congress_politicians_from_Rajasthan"
"http://dbpedia.org/ontology/wikiPageWikiLink","http://dbpedia.org/resource/Jamal_Mohamed_College"
"http://dbpedia.org/ontology/wikiPageWikiLink","http://dbpedia.org/resource/Category:Living_people"
"http://dbpedia.org/ontology/wikiPageWikiLink","http://dbpedia.org/resource/Chennai"
"http://dbpedia.org/ontology/wikiPageWikiLink","http://dbpedia.org/resource/New_Delhi"
"http://dbpedia.org/ontology/wikiPageWikiLink","http://dbpedia.org/resource/Tamil_Nadu"
"http://dbpedia.org/ontology/wikiPageWikiLink","http://dbpedia.org/resource/Diplomat"
"http://dbpedia.org/ontology/wikiPageWikiLink","http://dbpedia.org/resource/Economics"
"http://dbpedia.org/ontology/wikiPageWikiLink","http://dbpedia.org/resource/Lok_Sabha"
"http://dbpedia.org/ontology/wikiPageWikiLink","http://dbpedia.org/resource/Politician"
"http://dbpedia.org/ontology/wikiPageWikiLink","http://dbpedia.org/resource/Tiruvarur_district"
"http://dbpedia.org/ontology/wikiPageWikiLink","http://dbpedia.org/resource/Muthupet"
"http://dbpedia.org/ontology/wikiPageWikiLink","http://dbpedia.org/resource/Category:Indian_Union_Muslim_League_politicians"
"http://dbpedia.org/ontology/wikiPageWikiLink","http://dbpedia.org/resource/Indian_Union_Muslim_League"
"http://dbpedia.org/ontology/wikiPageWikiLink","http://dbpedia.org/resource/15th_Lok_Sabha"
"http://dbpedia.org/ontology/wikiPageWikiLink","http://dbpedia.org/resource/Institute_of_Business_Applications"
"http://dbpedia.org/ontology/wikiPageWikiLink","http://dbpedia.org/resource/Category:India_MPs_2009–2014"
"http://dbpedia.org/ontology/wikiPageWikiLink","http://dbpedia.org/resource/Category:Lok_Sabha_members_from_Tamil_Nadu"
"http://dbpedia.org/ontology/wikiPageWikiLink","http://dbpedia.org/resource/Category:1959_births"
"http://dbpedia.org/ontology/wikiPageWikiLink","http://dbpedia.org/resource/Category:People_from_Muthupet"
"http://dbpedia.org/ontology/wikiPageWikiLink","http://dbpedia.org/resource/Category:Jamal_Mohamed_College_alumni"
"http://dbpedia.org/ontology/wikiPageWikiLink","http://dbpedia.org/resource/Category:People_from_Vellore_district"
"http://dbpedia.org/ontology/wikiPageWikiLink","http://dbpedia.org/resource/Member_of_Parliament"
"http://dbpedia.org/ontology/wikiPageWikiLink","http://dbpedia.org/resource/Tiruvarur"
"http://dbpedia.org/ontology/wikiPageWikiLink","http://dbpedia.org/resource/Vellore_(Lok_Sabha_constituency)"
"http://dbpedia.org/ontology/wikiPageWikiLink","http://dbpedia.org/resource/National_Portal_of_India"
"http://dbpedia.org/ontology/wikiPageWikiLink","http://dbpedia.org/resource/Jason_Gant"
"http://dbpedia.org/ontology/wikiPageWikiLink","http://dbpedia.org/resource/Joyce_Hazeltine"
"http://dbpedia.org/ontology/wikiPageWikiLink","http://dbpedia.org/resource/Democratic_Party_(United_States)"
"http://dbpedia.org/ontology/wikiPageWikiLink","http://dbpedia.org/resource/Republican_Party_(United_States)"
"http://dbpedia.org/ontology/wikiPageWikiLink","http://dbpedia.org/resource/Category:Place_of_birth_missing_(living_people)"
"http://dbpedia.org/ontology/wikiPageWikiLink","http://dbpedia.org/resource/Category:South_Dakota_Republicans"
"http://dbpedia.org/ontology/wikiPageWikiLink","http://dbpedia.org/resource/Category:South_Dakota_State_University_alumni"
"http://dbpedia.org/ontology/wikiPageWikiLink","http://dbpedia.org/resource/Bachelor_of_Science"
"http://dbpedia.org/ontology/wikiPageWikiLink","http://dbpedia.org/resource/Mitchell,_South_Dakota"
"http://dbpedia.org/ontology/wikiPageWikiLink","http://dbpedia.org/resource/Kristi_Noem"
"http://dbpedia.org/ontology/wikiPageWikiLink","http://dbpedia.org/resource/Stroke"
"http://dbpedia.org/ontology/wikiPageWikiLink","http://dbpedia.org/resource/Dennis_Daugaard"
"http://dbpedia.org/ontology/wikiPageWikiLink","http://dbpedia.org/resource/Mike_Rounds"
"http://dbpedia.org/ontology/wikiPageWikiLink","http://dbpedia.org/resource/Dusty_Johnson"
"http://dbpedia.org/ontology/wikiPageWikiLink","http://dbpedia.org/resource/South_Dakota_State_University"
"http://dbpedia.org/ontology/wikiPageWikiLink","http://dbpedia.org/resource/Secretary_of_State_of_South_Dakota"
"http://dbpedia.org/ontology/wikiPageWikiLink","http://dbpedia.org/resource/Congenital"
"http://dbpedia.org/ontology/wikiPageWikiLink","http://dbpedia.org/resource/South_Dakota_Public_Utilities_Commission"
"http://dbpedia.org/ontology/wikiPageWikiLink","http://dbpedia.org/resource/Arteriovenous_malformation"
"http://dbpedia.org/ontology/wikiPageWikiLink","http://dbpedia.org/resource/Category:1964_births"
"http://dbpedia.org/ontology/wikiPageWikiLink","http://dbpedia.org/resource/U.S._Representative"
"http://dbpedia.org/ontology/wikiPageWikiLink","http://dbpedia.org/resource/U.S._Senator"
"http://dbpedia.org/ontology/wikiPageWikiLink","http://dbpedia.org/resource/Tim_Johnson_(South_Dakota)"
"http://dbpedia.org/ontology/wikiPageWikiLink","http://dbpedia.org/resource/South_Dakota's_At-large_congressional_district"
"http://dbpedia.org/ontology/wikiPageWikiLink","http://dbpedia.org/resource/Category:Secretaries_of_State_of_South_Dakota"
"http://dbpedia.org/ontology/wikiPageWikiLink","http://dbpedia.org/resource/Bill_Clinton"
"http://dbpedia.org/ontology/wikiPageWikiLink","http://dbpedia.org/resource/Puerto_Rico"
"http://dbpedia.org/ontology/wikiPageWikiLink","http://dbpedia.org/resource/Bachelor_of_Arts"
"http://dbpedia.org/ontology/wikiPageWikiLink","http://dbpedia.org/resource/Boston_University"
"http://dbpedia.org/ontology/wikiPageWikiLink","http://dbpedia.org/resource/San_Juan,_Puerto_Rico"
"http://dbpedia.org/ontology/wikiPageWikiLink","http://dbpedia.org/resource/United_States_Army_Reserve"
"http://dbpedia.org/ontology/wikiPageWikiLink","http://dbpedia.org/resource/United_States_Senate"
"http://dbpedia.org/ontology/wikiPageWikiLink","http://dbpedia.org/resource/Bachelor_of_Laws"
"http://dbpedia.org/ontology/wikiPageWikiLink","http://dbpedia.org/resource/List_of_federal_judges_appointed_by_Bill_Clinton"
"http://dbpedia.org/ontology/wikiPageWikiLink","http://dbpedia.org/resource/United_States_federal_judge"
"http://dbpedia.org/ontology/wikiPageWikiLink","http://dbpedia.org/resource/United_States_District_Court_for_the_District_of_Puerto_Rico"
"http://dbpedia.org/ontology/wikiPageWikiLink","http://dbpedia.org/resource/Senior_status"
"http://dbpedia.org/ontology/wikiPageWikiLink","http://dbpedia.org/resource/Gilberto_Gierbolini-Ortiz"
"http://dbpedia.org/ontology/wikiPageWikiLink","http://dbpedia.org/resource/Category:Judges_of_the_United_States_District_Court_for_the_District_of_Puerto_Rico"
"http://dbpedia.org/ontology/wikiPageWikiLink","http://dbpedia.org/resource/Category:United_States_district_court_judges_appointed_by_Bill_Clinton"
"http://dbpedia.org/ontology/wikiPageWikiLink","http://dbpedia.org/resource/Category:University_of_Puerto_Rico_alumni"
"http://dbpedia.org/ontology/wikiPageWikiLink","http://dbpedia.org/resource/Category:1945_births"
"http://dbpedia.org/ontology/wikiPageWikiLink","http://dbpedia.org/resource/Category:Boston_University_alumni"
"http://dbpedia.org/ontology/wikiPageWikiLink","http://dbpedia.org/resource/Category:21st-century_American_judges"
"http://dbpedia.org/ontology/wikiPageWikiLink","http://dbpedia.org/resource/Category:Hispanic_and_Latino_American_judges"
"http://dbpedia.org/ontology/wikiPageWikiLink","http://dbpedia.org/resource/Category:United_States_Army_reservists"
"http://dbpedia.org/ontology/wikiPageWikiLink","http://dbpedia.org/resource/Category:United_States_Army_soldiers"
"http://dbpedia.org/ontology/wikiPageWikiLink","http://dbpedia.org/resource/Category:People_from_San_Juan,_Puerto_Rico"
"http://dbpedia.org/ontology/wikiPageWikiLink","http://dbpedia.org/resource/Category:20th-century_American_judges"
"http://dbpedia.org/ontology/wikiPageWikiLink","http://dbpedia.org/resource/University_of_Puerto_Rico_Law_School"
"http://dbpedia.org/ontology/wikiPageWikiLink","http://dbpedia.org/resource/Hato_Rey,_Puerto_Rico"
"http://dbpedia.org/ontology/wikiPageWikiLink","http://dbpedia.org/resource/List_of_Hispanic/Latino_American_jurists"
"http://dbpedia.org/ontology/wikiPageWikiLink","http://dbpedia.org/resource/Pedro_A._Delgado_Hernández"
"http://dbpedia.org/ontology/wikiPageWikiLink","http://dbpedia.org/resource/Senior_Status"
"http://dbpedia.org/ontology/wikiPageWikiLink","http://dbpedia.org/resource/Division_of_Lyne"
"http://dbpedia.org/ontology/wikiPageWikiLink","http://dbpedia.org/resource/2022_Australian_federal_election"
"http://dbpedia.org/ontology/wikiPageWikiLink","http://dbpedia.org/resource/Australian_Capital_Territory"
"http://dbpedia.org/ontology/wikiPageWikiLink","http://dbpedia.org/resource/Australian_House_of_Representatives"
"http://dbpedia.org/ontology/wikiPageWikiLink","http://dbpedia.org/resource/Canberra"
"http://dbpedia.org/ontology/wikiPageWikiLink","http://dbpedia.org/resource/Parliamentary_group"
"http://dbpedia.org/ontology/wikiPageWikiLink","http://dbpedia.org/resource/University_of_Sydney"
"http://dbpedia.org/ontology/wikiPageWikiLink","http://dbpedia.org/resource/Port_Macquarie"
"http://dbpedia.org/ontology/wikiPageWikiLink","http://dbpedia.org/resource/Australian_Labor_Party"
"http://dbpedia.org/ontology/wikiPageWikiLink","http://dbpedia.org/resource/National_Party_of_Australia"
"http://dbpedia.org/ontology/wikiPageWikiLink","http://dbpedia.org/resource/Malcolm_Turnbull"
"http://dbpedia.org/ontology/wikiPageWikiLink","http://dbpedia.org/resource/Keith_Pitt"
"http://dbpedia.org/ontology/wikiPageWikiLink","http://dbpedia.org/resource/The_Honourable"
"http://dbpedia.org/ontology/wikiPageWikiLink","http://dbpedia.org/resource/Michael_McCormack_(Australian_politician)"
"http://dbpedia.org/ontology/wikiPageWikiLink","http://dbpedia.org/resource/2020_National_Party_of_Australia_leadership_spill"
"http://dbpedia.org/ontology/wikiPageWikiLink","http://dbpedia.org/resource/Gastroenterologist"
"http://dbpedia.org/ontology/wikiPageWikiLink","http://dbpedia.org/resource/Australia_Post"
"http://dbpedia.org/ontology/wikiPageWikiLink","http://dbpedia.org/resource/High_Court_of_Australia"
"http://dbpedia.org/ontology/wikiPageWikiLink","http://dbpedia.org/resource/2013_Australian_federal_election"
"http://dbpedia.org/ontology/wikiPageWikiLink","http://dbpedia.org/resource/Mark_Coulton"
"http://dbpedia.org/ontology/wikiPageWikiLink","http://dbpedia.org/resource/Michelle_Landry"
"http://dbpedia.org/ontology/wikiPageWikiLink","http://dbpedia.org/resource/2016_Australian_federal_election"
"http://dbpedia.org/ontology/wikiPageWikiLink","http://dbpedia.org/resource/Morrison_government"
"http://dbpedia.org/ontology/wikiPageWikiLink","http://dbpedia.org/resource/Turnbull_government"
"http://dbpedia.org/ontology/wikiPageWikiLink","http://dbpedia.org/resource/2018_National_Party_of_Australia_leadership_election"
"http://dbpedia.org/ontology/wikiPageWikiLink","http://dbpedia.org/resource/Barnaby_Joyce"
"http://dbpedia.org/ontology/wikiPageWikiLink","http://dbpedia.org/resource/Fiona_Nash"
"http://dbpedia.org/ontology/wikiPageWikiLink","http://dbpedia.org/resource/Saint_Ignatius'_College,_Riverview"
"http://dbpedia.org/ontology/wikiPageWikiLink","http://dbpedia.org/resource/Emma_McBride"
"http://dbpedia.org/ontology/wikiPageWikiLink","http://dbpedia.org/resource/Rob_Oakeshott"
"http://dbpedia.org/ontology/wikiPageWikiLink","http://dbpedia.org/resource/Scott_Morrison"
"http://dbpedia.org/ontology/wikiPageWikiLink","http://dbpedia.org/resource/Bridget_McKenzie"
"http://dbpedia.org/ontology/wikiPageWikiLink","http://dbpedia.org/resource/David_Littleproud"
"http://dbpedia.org/ontology/wikiPageWikiLink","http://dbpedia.org/resource/Bob_Day"
"http://dbpedia.org/ontology/wikiPageWikiLink","http://dbpedia.org/resource/Constitution_of_Australia"
"http://dbpedia.org/ontology/wikiPageWikiLink","http://dbpedia.org/resource/Category:1957_births"
"http://dbpedia.org/ontology/wikiPageWikiLink","http://dbpedia.org/resource/Category:Members_of_the_Australian_House_of_Representatives"
"http://dbpedia.org/ontology/wikiPageWikiLink","http://dbpedia.org/resource/Category:Members_of_the_Australian_House_of_Representatives_for_Lyne"
"http://dbpedia.org/ontology/wikiPageWikiLink","http://dbpedia.org/resource/Category:21st-century_Australian_politicians"
"http://dbpedia.org/ontology/wikiPageWikiLink","http://dbpedia.org/resource/Category:Australian_gastroenterologists"
"http://dbpedia.org/ontology/wikiPageWikiLink","http://dbpedia.org/resource/Category:Sydney_Medical_School_alumni"
"http://dbpedia.org/ontology/wikiPageWikiLink","http://dbpedia.org/resource/Category:Government_ministers_of_Australia"
"http://dbpedia.org/ontology/wikiPageWikiLink","http://dbpedia.org/resource/Category:National_Party_of_Australia_members_of_the_Parliament_of_Australia"
"http://dbpedia.org/ontology/wikiPageWikiLink","http://dbpedia.org/resource/Department_of_Health_(Australia)"
"http://dbpedia.org/ontology/wikiPageWikiLink","http://dbpedia.org/resource/Independent_(politician)"
"http://dbpedia.org/ontology/wikiPageWikiLink","http://dbpedia.org/resource/Minister_for_Social_Services_(Australia)"
"http://dbpedia.org/ontology/wikiPageWikiLink","http://dbpedia.org/resource/Second_Turnbull_Ministry"
"http://dbpedia.org/ontology/wikiPageWikiLink","http://dbpedia.org/resource/Minister_for_Health_(Australia)"
"http://dbpedia.org/ontology/wikiPageWikiLink","http://dbpedia.org/resource/Turnbull_Government"
"http://dbpedia.org/ontology/wikiPageWikiLink","http://dbpedia.org/resource/Sancrox,_New_South_Wales"
"http://dbpedia.org/ontology/wikiPageWikiLink","http://dbpedia.org/resource/Category:Turnbull_Government"
"http://dbpedia.org/ontology/wikiPageWikiLink","http://dbpedia.org/resource/Nevada_Gaming_Commission"
"http://dbpedia.org/ontology/wikiPageWikiLink","http://dbpedia.org/resource/Boomtown"
"http://dbpedia.org/ontology/wikiPageWikiLink","http://dbpedia.org/resource/Nevada"
"http://dbpedia.org/ontology/wikiPageWikiLink","http://dbpedia.org/resource/Pennsylvania"
"http://dbpedia.org/ontology/wikiPageWikiLink","http://dbpedia.org/resource/Philadelphia"
"http://dbpedia.org/ontology/wikiPageWikiLink","http://dbpedia.org/resource/Television"
"http://dbpedia.org/ontology/wikiPageWikiLink","http://dbpedia.org/resource/United_States"
"http://dbpedia.org/ontology/wikiPageWikiLink","http://dbpedia.org/resource/John_Ensign"
"http://dbpedia.org/ontology/wikiPageWikiLink","http://dbpedia.org/resource/Richard_Bryan"
"http://dbpedia.org/ontology/wikiPageWikiLink","http://dbpedia.org/resource/Widener_University"
"http://dbpedia.org/ontology/wikiPageWikiLink","http://dbpedia.org/resource/Al_Gore"
"http://dbpedia.org/ontology/wikiPageWikiLink","http://dbpedia.org/resource/Lawyer"
"http://dbpedia.org/ontology/wikiPageWikiLink","http://dbpedia.org/resource/Bachelor's_degree"
"http://dbpedia.org/ontology/wikiPageWikiLink","http://dbpedia.org/resource/Long_Island_University"
"http://dbpedia.org/ontology/wikiPageWikiLink","http://dbpedia.org/resource/Mothers_Against_Drunk_Driving"
"http://dbpedia.org/ontology/wikiPageWikiLink","http://dbpedia.org/resource/Category:Long_Island_University_alumni"
"http://dbpedia.org/ontology/wikiPageWikiLink","http://dbpedia.org/resource/CNN"
"http://dbpedia.org/ontology/wikiPageWikiLink","http://dbpedia.org/resource/Dan_Aykroyd"
"http://dbpedia.org/ontology/wikiPageWikiLink","http://dbpedia.org/resource/Juris_Doctor"
"http://dbpedia.org/ontology/wikiPageWikiLink","http://dbpedia.org/resource/Philanthropist"
"http://dbpedia.org/ontology/wikiPageWikiLink","http://dbpedia.org/resource/Kelsey_Grammer"
"http://dbpedia.org/ontology/wikiPageWikiLink","http://dbpedia.org/resource/Supreme_Court_of_the_United_States"
"http://dbpedia.org/ontology/wikiPageWikiLink","http://dbpedia.org/resource/Jack_Carter_(politician)"
"http://dbpedia.org/ontology/wikiPageWikiLink","http://dbpedia.org/resource/Wolf_Blitzer"
"http://dbpedia.org/ontology/wikiPageWikiLink","http://dbpedia.org/resource/Anti-Defamation_League"
"http://dbpedia.org/ontology/wikiPageWikiLink","http://dbpedia.org/resource/Regis_Philbin"
"http://dbpedia.org/ontology/wikiPageWikiLink","http://dbpedia.org/resource/Southern_Highlands_Golf_Club"
"http://dbpedia.org/ontology/wikiPageWikiLink","http://dbpedia.org/resource/Leslie_Nielsen"
"http://dbpedia.org/ontology/wikiPageWikiLink","http://dbpedia.org/resource/Robert_Urich"
"http://dbpedia.org/ontology/wikiPageWikiLink","http://dbpedia.org/resource/Public_defender"
"http://dbpedia.org/ontology/wikiPageWikiLink","http://dbpedia.org/resource/Supreme_Court_of_Nevada"
"http://dbpedia.org/ontology/wikiPageWikiLink","http://dbpedia.org/resource/2000_United_States_Senate_election_in_Nevada"
"http://dbpedia.org/ontology/wikiPageWikiLink","http://dbpedia.org/resource/George_Foreman"
"http://dbpedia.org/ontology/wikiPageWikiLink","http://dbpedia.org/resource/Supreme_Court_of_Pennsylvania"
"http://dbpedia.org/ontology/wikiPageWikiLink","http://dbpedia.org/resource/Category:Year_of_birth_missing_(living_people)"
"http://dbpedia.org/ontology/wikiPageWikiLink","http://dbpedia.org/resource/United_States_District_Court_for_the_District_of_Nevada"
"http://dbpedia.org/ontology/wikiPageWikiLink","http://dbpedia.org/resource/United_States_District_Court_for_the_District_of_New_Jersey"
"http://dbpedia.org/ontology/wikiPageWikiLink","http://dbpedia.org/resource/Southern_Nevada"
"http://dbpedia.org/ontology/wikiPageWikiLink","http://dbpedia.org/resource/United_States_Court_of_Appeals_for_the_Ninth_Circuit"
"http://dbpedia.org/ontology/wikiPageWikiLink","http://dbpedia.org/resource/Category:People_from_the_Las_Vegas_Valley"
"http://dbpedia.org/ontology/wikiPageWikiLink","http://dbpedia.org/resource/Category:Candidates_in_the_2000_United_States_elections"
"http://dbpedia.org/ontology/wikiPageWikiLink","http://dbpedia.org/resource/Category:Widener_University_alumni"
"http://dbpedia.org/ontology/wikiPageWikiLink","http://dbpedia.org/resource/Category:Nevada_Democrats"
"http://dbpedia.org/ontology/wikiPageWikiLink","http://dbpedia.org/resource/Las_Vegas,_Nevada"
"http://dbpedia.org/ontology/wikiPageWikiLink","http://dbpedia.org/resource/New_York_State"
"http://dbpedia.org/ontology/wikiPageWikiLink","http://dbpedia.org/resource/United_States_Democratic_Party"
"http://dbpedia.org/ontology/wikiPageWikiLink","http://dbpedia.org/resource/United_States_Senator"
"http://dbpedia.org/ontology/wikiPageWikiLink","http://dbpedia.org/resource/Endoscopy_Center_of_Southern_Nevada"
"http://dbpedia.org/ontology/wikiPageWikiLink","http://dbpedia.org/resource/New_Jersey_Supreme_Court"
"http://dbpedia.org/ontology/wikiPageWikiLink","http://dbpedia.org/resource/Classes_of_United_States_Senators"
"http://dbpedia.org/ontology/wikiPageWikiLink","http://dbpedia.org/resource/National_Conference_of_Christians_and_Jews"
"http://dbpedia.org/ontology/wikiPageWikiLink","http://dbpedia.org/resource/United_States_District_Court_for_the_District_of_Pennsylvania"
"http://dbpedia.org/ontology/wikiPageWikiLink","http://dbpedia.org/resource/Czech_Republic"
"http://dbpedia.org/ontology/wikiPageWikiLink","http://dbpedia.org/resource/English_language"
"http://dbpedia.org/ontology/wikiPageWikiLink","http://dbpedia.org/resource/Moscow"
"http://dbpedia.org/ontology/wikiPageWikiLink","http://dbpedia.org/resource/Russian_Soviet_Federative_Socialist_Republic"
"http://dbpedia.org/ontology/wikiPageWikiLink","http://dbpedia.org/resource/Ministry_of_Foreign_Affairs_(Soviet_Union)"
"http://dbpedia.org/ontology/wikiPageWikiLink","http://dbpedia.org/resource/Bengali_language"
"http://dbpedia.org/ontology/wikiPageWikiLink","http://dbpedia.org/resource/Russian_language"
"http://dbpedia.org/ontology/wikiPageWikiLink","http://dbpedia.org/resource/Soviet_Union"
"http://dbpedia.org/ontology/wikiPageWikiLink","http://dbpedia.org/resource/Consul_(representative)"
"http://dbpedia.org/ontology/wikiPageWikiLink","http://dbpedia.org/resource/Category:Recipients_of_the_Order_of_the_Cross_of_Terra_Mariana,_1st_Class"
"http://dbpedia.org/ontology/wikiPageWikiLink","http://dbpedia.org/resource/Karlovy_Vary"
"http://dbpedia.org/ontology/wikiPageWikiLink","http://dbpedia.org/resource/Central_Committee_of_the_Communist_Party_of_the_Soviet_Union"
"http://dbpedia.org/ontology/wikiPageWikiLink","http://dbpedia.org/resource/Diplomatic_rank"
"http://dbpedia.org/ontology/wikiPageWikiLink","http://dbpedia.org/resource/Moscow_State_Institute_of_International_Relations"
"http://dbpedia.org/ontology/wikiPageWikiLink","http://dbpedia.org/resource/Ministry_of_Foreign_Affairs_(Russia)"
"http://dbpedia.org/ontology/wikiPageWikiLink","http://dbpedia.org/resource/Diplomatic_Academy_of_the_Ministry_of_Foreign_Affairs_of_the_Russian_Federation"
"http://dbpedia.org/ontology/wikiPageWikiLink","http://dbpedia.org/resource/Order_of_the_Cross_of_Terra_Mariana"
"http://dbpedia.org/ontology/wikiPageWikiLink","http://dbpedia.org/resource/Envoy_(title)"
"http://dbpedia.org/ontology/wikiPageWikiLink","http://dbpedia.org/resource/Category:Ambassadors_of_Russia_to_Estonia"
"http://dbpedia.org/ontology/wikiPageWikiLink","http://dbpedia.org/resource/List_of_ambassadors_of_Russia_to_Estonia"
"http://dbpedia.org/ontology/wikiPageWikiLink","http://dbpedia.org/resource/Category:2021_deaths"
"http://dbpedia.org/ontology/wikiPageWikiLink","http://dbpedia.org/resource/Category:Moscow_State_Institute_of_International_Relations_alumni"
"http://dbpedia.org/ontology/wikiPageWikiLink","http://dbpedia.org/resource/Category:1949_births"
"http://dbpedia.org/ontology/wikiPageWikiLink","http://dbpedia.org/resource/Category:Diplomatic_Academy_of_the_Ministry_of_Foreign_Affairs_of_the_Russian_Federation_alumni"
"http://dbpedia.org/ontology/wikiPageWikiLink","http://dbpedia.org/resource/Category:Diplomats_from_Moscow"
"http://dbpedia.org/ontology/wikiPageWikiLink","http://dbpedia.org/resource/Russian_SFSR"
"http://dbpedia.org/ontology/wikiPageWikiLink","http://dbpedia.org/resource/New_Brunswick_Liberal_Association"
"http://dbpedia.org/ontology/wikiPageWikiLink","http://dbpedia.org/resource/Elizabeth_Weir"
"http://dbpedia.org/ontology/wikiPageWikiLink","http://dbpedia.org/resource/Saint_John_Harbour_(1974–1995)"
"http://dbpedia.org/ontology/wikiPageWikiLink","http://dbpedia.org/resource/Saint_John,_New_Brunswick"
"http://dbpedia.org/ontology/wikiPageWikiLink","http://dbpedia.org/resource/Legislative_Assembly_of_New_Brunswick"
"http://dbpedia.org/ontology/wikiPageWikiLink","http://dbpedia.org/resource/John_W._Turnbull"
"http://dbpedia.org/ontology/wikiPageWikiLink","http://dbpedia.org/resource/Category:1995_deaths"
"http://dbpedia.org/ontology/wikiPageWikiLink","http://dbpedia.org/resource/Category:1913_births"
"http://dbpedia.org/ontology/wikiPageWikiLink","http://dbpedia.org/resource/Category:New_Brunswick_Liberal_Association_MLAs"
"http://dbpedia.org/ontology/wikiPageWikiLink","http://dbpedia.org/resource/Saint_John_Harbour_(1974-1995)"
"http://dbpedia.org/ontology/wikiPageWikiLink","http://dbpedia.org/resource/Ohio"
"http://dbpedia.org/ontology/wikiPageWikiLink","http://dbpedia.org/resource/Wisconsin"
"http://dbpedia.org/ontology/wikiPageWikiLink","http://dbpedia.org/resource/County_Clare"
"http://dbpedia.org/ontology/wikiPageWikiLink","http://dbpedia.org/resource/Irish_Americans"
"http://dbpedia.org/ontology/wikiPageWikiLink","http://dbpedia.org/resource/12th_Wisconsin_Infantry_Regiment"
"http://dbpedia.org/ontology/wikiPageWikiLink","http://dbpedia.org/resource/Abraham_D._Andrews"
"http://dbpedia.org/ontology/wikiPageWikiLink","http://dbpedia.org/resource/David_Owen_(Wisconsin_politician)"
"http://dbpedia.org/ontology/wikiPageWikiLink","http://dbpedia.org/resource/Rockwell_J._Flint"
"http://dbpedia.org/ontology/wikiPageWikiLink","http://dbpedia.org/resource/Category:Republican_Party_members_of_the_United_States_House_of_Representatives_from_Wisconsin"
"http://dbpedia.org/ontology/wikiPageWikiLink","http://dbpedia.org/resource/American_Civil_War"
"http://dbpedia.org/ontology/wikiPageWikiLink","http://dbpedia.org/resource/First_lieutenant"
"http://dbpedia.org/ontology/wikiPageWikiLink","http://dbpedia.org/resource/Ireland"
"http://dbpedia.org/ontology/wikiPageWikiLink","http://dbpedia.org/resource/United_Kingdom_of_Great_Britain_and_Ireland"
"http://dbpedia.org/ontology/wikiPageWikiLink","http://dbpedia.org/resource/United_States_Congress"
"http://dbpedia.org/ontology/wikiPageWikiLink","http://dbpedia.org/resource/United_States_House_of_Representatives"
"http://dbpedia.org/ontology/wikiPageWikiLink","http://dbpedia.org/resource/Wisconsin_Senate"
"http://dbpedia.org/ontology/wikiPageWikiLink","http://dbpedia.org/resource/Category:Members_of_the_Wisconsin_State_Assembly"
"http://dbpedia.org/ontology/wikiPageWikiLink","http://dbpedia.org/resource/Category:People_of_Wisconsin_in_the_American_Civil_War"
"http://dbpedia.org/ontology/wikiPageWikiLink","http://dbpedia.org/resource/Columbia_County,_Wisconsin"
"http://dbpedia.org/ontology/wikiPageWikiLink","http://dbpedia.org/resource/Sauk_County,_Wisconsin"
"http://dbpedia.org/ontology/wikiPageWikiLink","http://dbpedia.org/resource/United_States_Volunteers"
"http://dbpedia.org/ontology/wikiPageWikiLink","http://dbpedia.org/resource/Siege_of_Vicksburg"
"http://dbpedia.org/ontology/wikiPageWikiLink","http://dbpedia.org/resource/Vicksburg_campaign"
"http://dbpedia.org/ontology/wikiPageWikiLink","http://dbpedia.org/resource/Edward_Scofield"
"http://dbpedia.org/ontology/wikiPageWikiLink","http://dbpedia.org/resource/John_J._Esch"
"http://dbpedia.org/ontology/wikiPageWikiLink","http://dbpedia.org/resource/Atlanta_campaign"
"http://dbpedia.org/ontology/wikiPageWikiLink","http://dbpedia.org/resource/Battle_of_Bentonville"
"http://dbpedia.org/ontology/wikiPageWikiLink","http://dbpedia.org/resource/Grand_Army_of_the_Republic"
"http://dbpedia.org/ontology/wikiPageWikiLink","http://dbpedia.org/resource/George_B._Shaw"
"http://dbpedia.org/ontology/wikiPageWikiLink","http://dbpedia.org/resource/Battle_of_Atlanta"
"http://dbpedia.org/ontology/wikiPageWikiLink","http://dbpedia.org/resource/Battle_of_Kennesaw_Mountain"
"http://dbpedia.org/ontology/wikiPageWikiLink","http://dbpedia.org/resource/Wisconsin's_7th_congressional_district"
"http://dbpedia.org/ontology/wikiPageWikiLink","http://dbpedia.org/resource/Eau_Claire,_Wisconsin"
"http://dbpedia.org/ontology/wikiPageWikiLink","http://dbpedia.org/resource/Wisconsin_Legislature"
"http://dbpedia.org/ontology/wikiPageWikiLink","http://dbpedia.org/resource/Wisconsin_Dells,_Wisconsin"
"http://dbpedia.org/ontology/wikiPageWikiLink","http://dbpedia.org/resource/Newport,_Wisconsin"
"http://dbpedia.org/ontology/wikiPageWikiLink","http://dbpedia.org/resource/Wisconsin_State_Assembly"
"http://dbpedia.org/ontology/wikiPageWikiLink","http://dbpedia.org/resource/1972_Democratic_National_Convention"
"http://dbpedia.org/ontology/wikiPageWikiLink","http://dbpedia.org/resource/Category:1899_deaths"
"http://dbpedia.org/ontology/wikiPageWikiLink","http://dbpedia.org/resource/Category:Wisconsin_state_senators"
"http://dbpedia.org/ontology/wikiPageWikiLink","http://dbpedia.org/resource/Category:19th-century_American_politicians"
"http://dbpedia.org/ontology/wikiPageWikiLink","http://dbpedia.org/resource/Category:People_from_Wisconsin_Dells,_Wisconsin"
"http://dbpedia.org/ontology/wikiPageWikiLink","http://dbpedia.org/resource/Category:County_supervisors_in_Wisconsin"
"http://dbpedia.org/ontology/wikiPageWikiLink","http://dbpedia.org/resource/Category:1842_births"
"http://dbpedia.org/ontology/wikiPageWikiLink","http://dbpedia.org/resource/Category:Irish_soldiers_in_the_United_States_Army"
"http://dbpedia.org/ontology/wikiPageWikiLink","http://dbpedia.org/resource/Category:People_from_County_Clare"
"http://dbpedia.org/ontology/wikiPageWikiLink","http://dbpedia.org/resource/Category:Politicians_from_Eau_Claire,_Wisconsin"
"http://dbpedia.org/ontology/wikiPageWikiLink","http://dbpedia.org/resource/Category:Grand_Army_of_the_Republic_officials"
"http://dbpedia.org/ontology/wikiPageWikiLink","http://dbpedia.org/resource/Campaign_of_the_Carolinas"
"http://dbpedia.org/ontology/wikiPageWikiLink","http://dbpedia.org/resource/Union_Army"
"http://dbpedia.org/ontology/wikiPageWikiLink","http://dbpedia.org/resource/Wisconsin_State_Senate"
"http://dbpedia.org/ontology/wikiPageWikiLink","http://dbpedia.org/resource/Canada_under_British_rule"
"http://dbpedia.org/ontology/wikiPageWikiLink","http://dbpedia.org/resource/County_Clare,_Ireland"
"http://dbpedia.org/ontology/wikiPageWikiLink","http://dbpedia.org/resource/Wisconsin_Senate,_District_30"
"http://dbpedia.org/ontology/wikiPageWikiLink","http://dbpedia.org/resource/Fifty-third_Congress"
"http://dbpedia.org/ontology/wikiPageWikiLink","http://dbpedia.org/resource/Category:Irish_emigrants_to_the_United_States_(before_1923)"
"http://dbpedia.org/ontology/wikiPageWikiLink","http://dbpedia.org/resource/Category:Union_Army_officers"
"http://dbpedia.org/ontology/wikiPageWikiLink","http://dbpedia.org/resource/File:Michael_Griffin.png"
"http://dbpedia.org/ontology/wikiPageWikiLink","http://dbpedia.org/resource/Earl_Kemp_Long"
"http://dbpedia.org/ontology/wikiPageWikiLink","http://dbpedia.org/resource/Oklahoma"
"http://dbpedia.org/ontology/wikiPageWikiLink","http://dbpedia.org/resource/World_War_II"
"http://dbpedia.org/ontology/wikiPageWikiLink","http://dbpedia.org/resource/Baton_Rouge,_Louisiana"
"http://dbpedia.org/ontology/wikiPageWikiLink","http://dbpedia.org/resource/District_attorney"
"http://dbpedia.org/ontology/wikiPageWikiLink","http://dbpedia.org/resource/Jimmie_Davis"
"http://dbpedia.org/ontology/wikiPageWikiLink","http://dbpedia.org/resource/Evangeline_Parish,_Louisiana"
"http://dbpedia.org/ontology/wikiPageWikiLink","http://dbpedia.org/resource/Governor_of_Louisiana"
"http://dbpedia.org/ontology/wikiPageWikiLink","http://dbpedia.org/resource/Louisiana_State_Legislature"
"http://dbpedia.org/ontology/wikiPageWikiLink","http://dbpedia.org/resource/Pineville,_Louisiana"
"http://dbpedia.org/ontology/wikiPageWikiLink","http://dbpedia.org/resource/Bill_Dodd"
"http://dbpedia.org/ontology/wikiPageWikiLink","http://dbpedia.org/resource/Robert_F._Kennon"
"http://dbpedia.org/ontology/wikiPageWikiLink","http://dbpedia.org/resource/Shelby_M._Jackson"
"http://dbpedia.org/ontology/wikiPageWikiLink","http://dbpedia.org/resource/Dudley_A._Guglielmo"
"http://dbpedia.org/ontology/wikiPageWikiLink","http://dbpedia.org/resource/Insurance_commissioner"
"http://dbpedia.org/ontology/wikiPageWikiLink","http://dbpedia.org/resource/Jimmy_Swaggart"
"http://dbpedia.org/ontology/wikiPageWikiLink","http://dbpedia.org/resource/Jack_M._Dyer"
"http://dbpedia.org/ontology/wikiPageWikiLink","http://dbpedia.org/resource/Category:Louisiana_State_University_Law_Center_alumni"
"http://dbpedia.org/ontology/wikiPageWikiLink","http://dbpedia.org/resource/Category:American_military_personnel_of_World_War_II"
"http://dbpedia.org/ontology/wikiPageWikiLink","http://dbpedia.org/resource/DeLesseps_Story_Morrison"
"http://dbpedia.org/ontology/wikiPageWikiLink","http://dbpedia.org/resource/Social_Security_number"
"http://dbpedia.org/ontology/wikiPageWikiLink","http://dbpedia.org/resource/Mamou"
"http://dbpedia.org/ontology/wikiPageWikiLink","http://dbpedia.org/resource/Earl_Long"
"http://dbpedia.org/ontology/wikiPageWikiLink","http://dbpedia.org/resource/1956_Democratic_National_Convention"
"http://dbpedia.org/ontology/wikiPageWikiLink","http://dbpedia.org/resource/1960_Democratic_National_Convention"
"http://dbpedia.org/ontology/wikiPageWikiLink","http://dbpedia.org/resource/Category:2002_deaths"
"http://dbpedia.org/ontology/wikiPageWikiLink","http://dbpedia.org/resource/Category:Louisiana_state_court_judges"
"http://dbpedia.org/ontology/wikiPageWikiLink","http://dbpedia.org/resource/Category:Louisiana_Christian_University_alumni"
"http://dbpedia.org/ontology/wikiPageWikiLink","http://dbpedia.org/resource/Category:Louisiana_Democrats"
"http://dbpedia.org/ontology/wikiPageWikiLink","http://dbpedia.org/resource/Category:Louisiana_State_Democratic_Chairmen"
"http://dbpedia.org/ontology/wikiPageWikiLink","http://dbpedia.org/resource/Category:Louisiana_insurance_commissioners"
"http://dbpedia.org/ontology/wikiPageWikiLink","http://dbpedia.org/resource/Category:District_attorneys_in_Louisiana"
"http://dbpedia.org/ontology/wikiPageWikiLink","http://dbpedia.org/resource/Category:Politicians_from_Baton_Rouge,_Louisiana"
"http://dbpedia.org/ontology/wikiPageWikiLink","http://dbpedia.org/resource/Category:People_from_East_Baton_Rouge_Parish,_Louisiana"
"http://dbpedia.org/ontology/wikiPageWikiLink","http://dbpedia.org/resource/Louisiana_Insurance_Commissioner"
"http://dbpedia.org/ontology/wikiPageWikiLink","http://dbpedia.org/resource/Asiatic-Pacific_Theater"
"http://dbpedia.org/ontology/wikiPageWikiLink","http://dbpedia.org/resource/East_Baton_Rouge_Parish"
"http://dbpedia.org/ontology/wikiPageWikiLink","http://dbpedia.org/resource/Louisiana_College"
"http://dbpedia.org/ontology/wikiPageWikiLink","http://dbpedia.org/resource/Runoff_election"
"http://dbpedia.org/ontology/wikiPageWikiLink","http://dbpedia.org/resource/Southern_Baptist"
"http://dbpedia.org/ontology/wikiPageWikiLink","http://dbpedia.org/resource/Louisiana_State_University_Law_Center"
"http://dbpedia.org/ontology/wikiPageWikiLink","http://dbpedia.org/resource/John_J._McKeithen"
"http://dbpedia.org/ontology/wikiPageWikiLink","http://dbpedia.org/resource/Attorney_at_law_(United_States)"
"http://dbpedia.org/ontology/wikiPageWikiLink","http://dbpedia.org/resource/La_Salle_Parish,_Louisiana"
"http://dbpedia.org/ontology/wikiPageWikiLink","http://dbpedia.org/resource/Wade_O._Martin,_Jr."
"http://dbpedia.org/ontology/wikiPageWikiLink","http://dbpedia.org/resource/Claude_Kirkpatrick"
"http://dbpedia.org/ontology/wikiPageWikiLink","http://dbpedia.org/resource/Gillis_Long"
"http://dbpedia.org/ontology/wikiPageWikiLink","http://dbpedia.org/resource/Ticket_(politics)"
"http://dbpedia.org/ontology/wikiPageWikiLink","http://dbpedia.org/resource/Speedy_O._Long"
"http://dbpedia.org/ontology/wikiPageWikiLink","http://dbpedia.org/resource/Abd_al-Hakim_Hajj_Yahya"
"http://dbpedia.org/ontology/wikiPageWikiLink","http://dbpedia.org/resource/Knesset"
"http://dbpedia.org/ontology/wikiPageWikiLink","http://dbpedia.org/resource/United_Arab_List"
"http://dbpedia.org/ontology/wikiPageWikiLink","http://dbpedia.org/resource/Category:Israeli_Muslims"
"http://dbpedia.org/ontology/wikiPageWikiLink","http://dbpedia.org/resource/Category:Israeli_educators"
"http://dbpedia.org/ontology/wikiPageWikiLink","http://dbpedia.org/resource/Category:People_from_Kafr_Qasim"
"http://dbpedia.org/ontology/wikiPageWikiLink","http://dbpedia.org/resource/Ramla"
"http://dbpedia.org/ontology/wikiPageWikiLink","http://dbpedia.org/resource/Tel_Aviv_University"
"http://dbpedia.org/ontology/wikiPageWikiLink","http://dbpedia.org/resource/Open_University_of_Israel"
"http://dbpedia.org/ontology/wikiPageWikiLink","http://dbpedia.org/resource/Arab_citizens_of_Israel"
"http://dbpedia.org/ontology/wikiPageWikiLink","http://dbpedia.org/resource/Joint_List"
"http://dbpedia.org/ontology/wikiPageWikiLink","http://dbpedia.org/resource/Kafr_Qasim"
"http://dbpedia.org/ontology/wikiPageWikiLink","http://dbpedia.org/resource/2021_Israeli_legislative_election"
"http://dbpedia.org/ontology/wikiPageWikiLink","http://dbpedia.org/resource/Islamic_Movement_in_Israel"
"http://dbpedia.org/ontology/wikiPageWikiLink","http://dbpedia.org/resource/2015_Israeli_legislative_election"
"http://dbpedia.org/ontology/wikiPageWikiLink","http://dbpedia.org/resource/September_2019_Israeli_legislative_election"
"http://dbpedia.org/ontology/wikiPageWikiLink","http://dbpedia.org/resource/Category:Tel_Aviv_University_alumni"
"http://dbpedia.org/ontology/wikiPageWikiLink","http://dbpedia.org/resource/Category:Open_University_of_Israel_alumni"
"http://dbpedia.org/ontology/wikiPageWikiLink","http://dbpedia.org/resource/Category:1968_births"
"http://dbpedia.org/ontology/wikiPageWikiLink","http://dbpedia.org/resource/Category:Members_of_the_24th_Knesset_(2021–2022)"
"http://dbpedia.org/ontology/wikiPageWikiLink","http://dbpedia.org/resource/Category:Arab_members_of_the_Knesset"
"http://dbpedia.org/ontology/wikiPageWikiLink","http://dbpedia.org/resource/Category:United_Arab_List_politicians"
"http://dbpedia.org/ontology/wikiPageWikiLink","http://dbpedia.org/resource/Category:Joint_List_politicians"
"http://dbpedia.org/ontology/wikiPageWikiLink","http://dbpedia.org/resource/Category:Members_of_the_23rd_Knesset_(2020–2021)"
"http://dbpedia.org/ontology/wikiPageWikiLink","http://dbpedia.org/resource/Category:Members_of_the_22nd_Knesset_(2019–2020)"
"http://dbpedia.org/ontology/wikiPageWikiLink","http://dbpedia.org/resource/Category:Members_of_the_25th_Knesset_(2022–)"
"http://dbpedia.org/ontology/wikiPageWikiLink","http://dbpedia.org/resource/Tennessee"
"http://dbpedia.org/ontology/wikiPageWikiLink","http://dbpedia.org/resource/List_of_lieutenant_governors_of_Tennessee"
"http://dbpedia.org/ontology/wikiPageWikiLink","http://dbpedia.org/resource/Category:1975_deaths"
"http://dbpedia.org/ontology/wikiPageWikiLink","http://dbpedia.org/resource/Brownsville,_Tennessee"
"http://dbpedia.org/ontology/wikiPageWikiLink","http://dbpedia.org/resource/Haywood_County,_Tennessee"
"http://dbpedia.org/ontology/wikiPageWikiLink","http://dbpedia.org/resource/Vanderbilt_University"
"http://dbpedia.org/ontology/wikiPageWikiLink","http://dbpedia.org/resource/Cumberland_School_of_Law"
"http://dbpedia.org/ontology/wikiPageWikiLink","http://dbpedia.org/resource/Fayette_County,_Tennessee"
"http://dbpedia.org/ontology/wikiPageWikiLink","http://dbpedia.org/resource/Tennessee_House_of_Representatives"
"http://dbpedia.org/ontology/wikiPageWikiLink","http://dbpedia.org/resource/Tennessee_Senate"
"http://dbpedia.org/ontology/wikiPageWikiLink","http://dbpedia.org/resource/Bethel_University_(Tennessee)"
"http://dbpedia.org/ontology/wikiPageWikiLink","http://dbpedia.org/resource/Phi_Gamma_Delta"
"http://dbpedia.org/ontology/wikiPageWikiLink","http://dbpedia.org/resource/Category:20th-century_American_politicians"
"http://dbpedia.org/ontology/wikiPageWikiLink","http://dbpedia.org/resource/Category:1884_births"
"http://dbpedia.org/ontology/wikiPageWikiLink","http://dbpedia.org/resource/Category:Tennessee_Democrats"
"http://dbpedia.org/ontology/wikiPageWikiLink","http://dbpedia.org/resource/Category:Tennessee_lawyers"
"http://dbpedia.org/ontology/wikiPageWikiLink","http://dbpedia.org/resource/Category:Tennessee_state_senators"
"http://dbpedia.org/ontology/wikiPageWikiLink","http://dbpedia.org/resource/Category:Vanderbilt_University_alumni"
"http://dbpedia.org/ontology/wikiPageWikiLink","http://dbpedia.org/resource/Category:Webb_School_(Bell_Buckle,_Tennessee)_alumni"
"http://dbpedia.org/ontology/wikiPageWikiLink","http://dbpedia.org/resource/Category:People_from_Brownsville,_Tennessee"
"http://dbpedia.org/ontology/wikiPageWikiLink","http://dbpedia.org/resource/Category:20th-century_American_lawyers"
"http://dbpedia.org/ontology/wikiPageWikiLink","http://dbpedia.org/resource/Freemasons"
"http://dbpedia.org/ontology/wikiPageWikiLink","http://dbpedia.org/resource/Bolivia"
"http://dbpedia.org/ontology/wikiPageWikiLink","http://dbpedia.org/resource/Panama"
"http://dbpedia.org/ontology/wikiPageWikiLink","http://dbpedia.org/resource/Peru"
"http://dbpedia.org/ontology/wikiPageWikiLink","http://dbpedia.org/resource/Juan_José_Castelli"
"http://dbpedia.org/ontology/wikiPageWikiLink","http://dbpedia.org/resource/Lima"
"http://dbpedia.org/ontology/wikiPageWikiLink","http://dbpedia.org/resource/Soldier"
"http://dbpedia.org/ontology/wikiPageWikiLink","http://dbpedia.org/resource/Category:Peruvian_rebels"
"http://dbpedia.org/ontology/wikiPageWikiLink","http://dbpedia.org/resource/Creole_peoples"
"http://dbpedia.org/ontology/wikiPageWikiLink","http://dbpedia.org/resource/Tacna"
"http://dbpedia.org/ontology/wikiPageWikiLink","http://dbpedia.org/resource/Category:People_from_Lima"
"http://dbpedia.org/ontology/wikiPageWikiLink","http://dbpedia.org/resource/Lake_Titicaca"
"http://dbpedia.org/ontology/wikiPageWikiLink","http://dbpedia.org/resource/Charcas_Province"
"http://dbpedia.org/ontology/wikiPageWikiLink","http://dbpedia.org/resource/Battle_of_Huaqui"
"http://dbpedia.org/ontology/wikiPageWikiLink","http://dbpedia.org/resource/Antonio_González_de_Balcarce"
"http://dbpedia.org/ontology/wikiPageWikiLink","http://dbpedia.org/resource/History_of_Peru"
"http://dbpedia.org/ontology/wikiPageWikiLink","http://dbpedia.org/resource/Category:1786_births"
"http://dbpedia.org/ontology/wikiPageWikiLink","http://dbpedia.org/resource/Category:1821_deaths"
"http://dbpedia.org/ontology/wikiPageWikiLink","http://dbpedia.org/resource/Category:19th-century_Peruvian_people"
"http://dbpedia.org/ontology/wikiPageWikiLink","http://dbpedia.org/resource/Mestizos"
"http://dbpedia.org/ontology/wikiPageWikiLink","http://dbpedia.org/resource/Chagres"
"http://dbpedia.org/ontology/wikiPageWikiLink","http://dbpedia.org/resource/Native_Americans_(Americas)"
"http://dbpedia.org/ontology/wikiPageWikiLink","http://dbpedia.org/resource/José_Rosa_Ara"
"http://dbpedia.org/ontology/wikiPageWikiLink","http://dbpedia.org/resource/Miguel_Copaja"
"http://dbpedia.org/ontology/wikiPageWikiLink","http://dbpedia.org/resource/Management"
"http://dbpedia.org/ontology/wikiPageWikiLink","http://dbpedia.org/resource/Fujitsu"
"http://dbpedia.org/ontology/wikiPageWikiLink","http://dbpedia.org/resource/Doctor_of_Philosophy"
"http://dbpedia.org/ontology/wikiPageWikiLink","http://dbpedia.org/resource/INSEAD"
"http://dbpedia.org/ontology/wikiPageWikiLink","http://dbpedia.org/resource/Information_science"
"http://dbpedia.org/ontology/wikiPageWikiLink","http://dbpedia.org/resource/Master_of_Business_Administration"
"http://dbpedia.org/ontology/wikiPageWikiLink","http://dbpedia.org/resource/Master_of_Science"
"http://dbpedia.org/ontology/wikiPageWikiLink","http://dbpedia.org/resource/National_University_of_Singapore"
"http://dbpedia.org/ontology/wikiPageWikiLink","http://dbpedia.org/resource/University_of_Tokyo"
"http://dbpedia.org/ontology/wikiPageWikiLink","http://dbpedia.org/resource/Kobe_University"
"http://dbpedia.org/ontology/wikiPageWikiLink","http://dbpedia.org/resource/Category:People_from_Kawachinagano"
"http://dbpedia.org/ontology/wikiPageWikiLink","http://dbpedia.org/resource/Osaka_Prefecture"
"http://dbpedia.org/ontology/wikiPageWikiLink","http://dbpedia.org/resource/Bachelor_of_Engineering"
"http://dbpedia.org/ontology/wikiPageWikiLink","http://dbpedia.org/resource/Kyoto_University"
"http://dbpedia.org/ontology/wikiPageWikiLink","http://dbpedia.org/resource/Framatome"
"http://dbpedia.org/ontology/wikiPageWikiLink","http://dbpedia.org/resource/International_University_of_Japan"
"http://dbpedia.org/ontology/wikiPageWikiLink","http://dbpedia.org/resource/Category:Politicians_from_Osaka_Prefecture"
"http://dbpedia.org/ontology/wikiPageWikiLink","http://dbpedia.org/resource/Category:21st-century_Japanese_politicians"
"http://dbpedia.org/ontology/wikiPageWikiLink","http://dbpedia.org/resource/Category:Kyoto_University_alumni"
"http://dbpedia.org/ontology/wikiPageWikiLink","http://dbpedia.org/resource/Category:University_of_Tokyo_alumni"
"http://dbpedia.org/ontology/wikiPageWikiLink","http://dbpedia.org/resource/Category:1969_births"
"http://dbpedia.org/ontology/wikiPageWikiLink","http://dbpedia.org/resource/Category:Mayors_of_places_in_Japan"
"http://dbpedia.org/ontology/wikiPageWikiLink","http://dbpedia.org/resource/Category:INSEAD_alumni"
"http://dbpedia.org/ontology/wikiPageWikiLink","http://dbpedia.org/resource/Category:National_University_of_Singapore_alumni"
"http://dbpedia.org/ontology/wikiPageWikiLink","http://dbpedia.org/resource/A.T._Kearney"
"http://dbpedia.org/ontology/wikiPageWikiLink","http://dbpedia.org/resource/Associate_Professor"
"http://dbpedia.org/ontology/wikiPageWikiLink","http://dbpedia.org/resource/Operations_Management"
"http://dbpedia.org/ontology/wikiPageWikiLink","http://dbpedia.org/resource/Kawachinagano,_Osaka"
"http://dbpedia.org/ontology/wikiPageWikiLink","http://dbpedia.org/resource/Assistant_Professor"
"http://dbpedia.org/ontology/wikiPageWikiLink","http://dbpedia.org/resource/Ghana"
"http://dbpedia.org/ontology/wikiPageWikiLink","http://dbpedia.org/resource/Chuchuliga"
"http://dbpedia.org/ontology/wikiPageWikiLink","http://dbpedia.org/resource/John_Kufuor"
"http://dbpedia.org/ontology/wikiPageWikiLink","http://dbpedia.org/resource/St._Francis_Girls'_Senior_High_School"
"http://dbpedia.org/ontology/wikiPageWikiLink","http://dbpedia.org/resource/National_Democratic_Congress_(Ghana)"
"http://dbpedia.org/ontology/wikiPageWikiLink","http://dbpedia.org/resource/New_Patriotic_Party"
"http://dbpedia.org/ontology/wikiPageWikiLink","http://dbpedia.org/resource/People's_National_Convention_(Ghana)"
"http://dbpedia.org/ontology/wikiPageWikiLink","http://dbpedia.org/resource/Convention_People's_Party"
"http://dbpedia.org/ontology/wikiPageWikiLink","http://dbpedia.org/resource/Ghanaian_nationality_law"
"http://dbpedia.org/ontology/wikiPageWikiLink","http://dbpedia.org/resource/Navrongo"
"http://dbpedia.org/ontology/wikiPageWikiLink","http://dbpedia.org/resource/Builsa_North_(Ghana_parliament_constituency)"
"http://dbpedia.org/ontology/wikiPageWikiLink","http://dbpedia.org/resource/Upper_East_Region"
"http://dbpedia.org/ontology/wikiPageWikiLink","http://dbpedia.org/resource/Sandema"
"http://dbpedia.org/ontology/wikiPageWikiLink","http://dbpedia.org/resource/Category:1956_births"
"http://dbpedia.org/ontology/wikiPageWikiLink","http://dbpedia.org/resource/Category:Ghanaian_MPs_2005–2009"
"http://dbpedia.org/ontology/wikiPageWikiLink","http://dbpedia.org/resource/Category:Women_members_of_the_Parliament_of_Ghana"
"http://dbpedia.org/ontology/wikiPageWikiLink","http://dbpedia.org/resource/Category:New_Patriotic_Party_politicians"
"http://dbpedia.org/ontology/wikiPageWikiLink","http://dbpedia.org/resource/Accra_Polytechnic"
"http://dbpedia.org/ontology/wikiPageWikiLink","http://dbpedia.org/resource/European_Union"
"http://dbpedia.org/ontology/wikiPageWikiLink","http://dbpedia.org/resource/Azerbaijani_language"
"http://dbpedia.org/ontology/wikiPageWikiLink","http://dbpedia.org/resource/Baku"
"http://dbpedia.org/ontology/wikiPageWikiLink","http://dbpedia.org/resource/Ilham_Aliyev"
"http://dbpedia.org/ontology/wikiPageWikiLink","http://dbpedia.org/resource/Baku_State_University"
"http://dbpedia.org/ontology/wikiPageWikiLink","http://dbpedia.org/resource/Supreme_Court_of_Azerbaijan"
"http://dbpedia.org/ontology/wikiPageWikiLink","http://dbpedia.org/resource/Murtuz_Alasgarov"
"http://dbpedia.org/ontology/wikiPageWikiLink","http://dbpedia.org/resource/Presidential_Administration_of_Azerbaijan"
"http://dbpedia.org/ontology/wikiPageWikiLink","http://dbpedia.org/resource/Category:New_Azerbaijan_Party_politicians"
"http://dbpedia.org/ontology/wikiPageWikiLink","http://dbpedia.org/resource/Category:Azerbaijani_politicians"
"http://dbpedia.org/ontology/wikiPageWikiLink","http://dbpedia.org/resource/Category:Political_office-holders_in_Azerbaijan"
"http://dbpedia.org/ontology/wikiPageWikiLink","http://dbpedia.org/resource/Commission_on_Combating_Corruption"
"http://dbpedia.org/ontology/wikiPageWikiLink","http://dbpedia.org/resource/Azerbaijan_SSR"
"http://dbpedia.org/ontology/wikiPageWikiLink","http://dbpedia.org/resource/USSR"
"http://dbpedia.org/ontology/wikiPageWikiLink","http://dbpedia.org/resource/Dhaka"
"http://dbpedia.org/ontology/wikiPageWikiLink","http://dbpedia.org/resource/Alamgir_Hyder_Khan"
"http://dbpedia.org/ontology/wikiPageWikiLink","http://dbpedia.org/resource/Hussain_Muhammad_Ershad"
"http://dbpedia.org/ontology/wikiPageWikiLink","http://dbpedia.org/resource/Pakistan_Army"
"http://dbpedia.org/ontology/wikiPageWikiLink","http://dbpedia.org/resource/Mohakhali"
"http://dbpedia.org/ontology/wikiPageWikiLink","http://dbpedia.org/resource/Daily_Inqilab"
"http://dbpedia.org/ontology/wikiPageWikiLink","http://dbpedia.org/resource/Chandpur_District"
"http://dbpedia.org/ontology/wikiPageWikiLink","http://dbpedia.org/resource/Bangladesh_Liberation_War"
"http://dbpedia.org/ontology/wikiPageWikiLink","http://dbpedia.org/resource/Ghulam_Azam"
"http://dbpedia.org/ontology/wikiPageWikiLink","http://dbpedia.org/resource/Ministry_of_Religious_Affairs_(Bangladesh)"
"http://dbpedia.org/ontology/wikiPageWikiLink","http://dbpedia.org/resource/Azimpur,_Dhaka"
"http://dbpedia.org/ontology/wikiPageWikiLink","http://dbpedia.org/resource/AFM_Alim_Chowdhury"
"http://dbpedia.org/ontology/wikiPageWikiLink","http://dbpedia.org/resource/Shyamoli_Nasrin_Chowdhury"
"http://dbpedia.org/ontology/wikiPageWikiLink","http://dbpedia.org/resource/Al-Badr_(East_Pakistan)"
"http://dbpedia.org/ontology/wikiPageWikiLink","http://dbpedia.org/resource/Category:2006_deaths"
"http://dbpedia.org/ontology/wikiPageWikiLink","http://dbpedia.org/resource/Peace_committee"
"http://dbpedia.org/ontology/wikiPageWikiLink","http://dbpedia.org/resource/Banani_Model_Town"
"http://dbpedia.org/ontology/wikiPageWikiLink","http://dbpedia.org/resource/Category:People_from_Chandpur_District"
"http://dbpedia.org/ontology/wikiPageWikiLink","http://dbpedia.org/resource/Amir_Abdullah_Khan_Niazi"
"http://dbpedia.org/ontology/wikiPageWikiLink","http://dbpedia.org/resource/Category:2nd_Jatiya_Sangsad_members"
"http://dbpedia.org/ontology/wikiPageWikiLink","http://dbpedia.org/resource/Category:3rd_Jatiya_Sangsad_members"
"http://dbpedia.org/ontology/wikiPageWikiLink","http://dbpedia.org/resource/Category:4th_Jatiya_Sangsad_members"
"http://dbpedia.org/ontology/wikiPageWikiLink","http://dbpedia.org/resource/Chandpur-6"
"http://dbpedia.org/ontology/wikiPageWikiLink","http://dbpedia.org/resource/Madrasah"
"http://dbpedia.org/ontology/wikiPageWikiLink","http://dbpedia.org/resource/Ayub_Khan_(Field_Marshal)"
"http://dbpedia.org/ontology/wikiPageWikiLink","http://dbpedia.org/resource/Dhaka_Central_Jail"
"http://dbpedia.org/ontology/wikiPageWikiLink","http://dbpedia.org/resource/Category:Religious_affairs_ministries_of_Bangladesh"
"http://dbpedia.org/ontology/wikiPageWikiLink","http://dbpedia.org/resource/2017_Bahamian_general_election"
"http://dbpedia.org/ontology/wikiPageWikiLink","http://dbpedia.org/resource/Haiti"
"http://dbpedia.org/ontology/wikiPageWikiLink","http://dbpedia.org/resource/Category:Harvard_University_alumni"
"http://dbpedia.org/ontology/wikiPageWikiLink","http://dbpedia.org/resource/Harvard_University"
"http://dbpedia.org/ontology/wikiPageWikiLink","http://dbpedia.org/resource/Philip_Davis_(Bahamian_politician)"
"http://dbpedia.org/ontology/wikiPageWikiLink","http://dbpedia.org/resource/St._Augustine's_College_(Bahamas)"
"http://dbpedia.org/ontology/wikiPageWikiLink","http://dbpedia.org/resource/Category:Progressive_Liberal_Party_politicians"
"http://dbpedia.org/ontology/wikiPageWikiLink","http://dbpedia.org/resource/Antioch_University"
"http://dbpedia.org/ontology/wikiPageWikiLink","http://dbpedia.org/resource/Brent_Symonette"
"http://dbpedia.org/ontology/wikiPageWikiLink","http://dbpedia.org/resource/Free_National_Movement"
"http://dbpedia.org/ontology/wikiPageWikiLink","http://dbpedia.org/resource/Hubert_Ingraham"
"http://dbpedia.org/ontology/wikiPageWikiLink","http://dbpedia.org/resource/Perry_Christie"
"http://dbpedia.org/ontology/wikiPageWikiLink","http://dbpedia.org/resource/Monarchy_of_the_Bahamas"
"http://dbpedia.org/ontology/wikiPageWikiLink","http://dbpedia.org/resource/List_of_foreign_ministers_in_2017"
"http://dbpedia.org/ontology/wikiPageWikiLink","http://dbpedia.org/resource/Category:Antioch_College_alumni"
"http://dbpedia.org/ontology/wikiPageWikiLink","http://dbpedia.org/resource/Category:Bahamian_Anglicans"
"http://dbpedia.org/ontology/wikiPageWikiLink","http://dbpedia.org/resource/University_of_Buckingham"
"http://dbpedia.org/ontology/wikiPageWikiLink","http://dbpedia.org/resource/List_of_current_foreign_ministers"
"http://dbpedia.org/ontology/wikiPageWikiLink","http://dbpedia.org/resource/Darren_Henfield"
"http://dbpedia.org/ontology/wikiPageWikiLink","http://dbpedia.org/resource/Janet_Bostwick"
"http://dbpedia.org/ontology/wikiPageWikiLink","http://dbpedia.org/resource/1997_Bahamian_general_election"
"http://dbpedia.org/ontology/wikiPageWikiLink","http://dbpedia.org/resource/2002_Bahamian_general_election"
"http://dbpedia.org/ontology/wikiPageWikiLink","http://dbpedia.org/resource/Category:Alumni_of_the_University_of_Buckingham"
"http://dbpedia.org/ontology/wikiPageWikiLink","http://dbpedia.org/resource/Category:Government_ministers_of_the_Bahamas"
"http://dbpedia.org/ontology/wikiPageWikiLink","http://dbpedia.org/resource/Category:1953_births"
"http://dbpedia.org/ontology/wikiPageWikiLink","http://dbpedia.org/resource/Category:Members_of_the_House_of_Assembly_of_the_Bahamas"
"http://dbpedia.org/ontology/wikiPageWikiLink","http://dbpedia.org/resource/Category:Members_of_the_Senate_of_the_Bahamas"
"http://dbpedia.org/ontology/wikiPageWikiLink","http://dbpedia.org/resource/Category:20th-century_Bahamian_lawyers"
"http://dbpedia.org/ontology/wikiPageWikiLink","http://dbpedia.org/resource/Category:Foreign_ministers_of_the_Bahamas"
"http://dbpedia.org/ontology/wikiPageWikiLink","http://dbpedia.org/resource/Category:Bahamian_people_of_Barbadian_descent"
"http://dbpedia.org/ontology/wikiPageWikiLink","http://dbpedia.org/resource/Category:Bahamian_republicans"
"http://dbpedia.org/ontology/wikiPageWikiLink","http://dbpedia.org/resource/Nassau,_Bahamas"
"http://dbpedia.org/ontology/wikiPageWikiLink","http://dbpedia.org/resource/Progressive_Liberal_Party"
"http://dbpedia.org/ontology/wikiPageWikiLink","http://dbpedia.org/resource/Minister_of_Foreign_Affairs_(Bahamas)"
"http://dbpedia.org/ontology/wikiPageWikiLink","http://dbpedia.org/resource/CARICOM"
"http://dbpedia.org/ontology/wikiPageWikiLink","http://dbpedia.org/resource/Bar_of_England_and_Wales"
"http://dbpedia.org/ontology/wikiPageWikiLink","http://dbpedia.org/resource/Bar_of_the_Bahamas"
"http://dbpedia.org/ontology/wikiPageWikiLink","http://dbpedia.org/resource/File:Rice_et_Mitchell.jpg"
"http://dbpedia.org/ontology/wikiPageWikiLink","http://dbpedia.org/resource/Holy_Roman_Emperor"
"http://dbpedia.org/ontology/wikiPageWikiLink","http://dbpedia.org/resource/Algeria"
"http://dbpedia.org/ontology/wikiPageWikiLink","http://dbpedia.org/resource/France"
"http://dbpedia.org/ontology/wikiPageWikiLink","http://dbpedia.org/resource/Lorraine"
"http://dbpedia.org/ontology/wikiPageWikiLink","http://dbpedia.org/resource/Netherlands"
"http://dbpedia.org/ontology/wikiPageWikiLink","http://dbpedia.org/resource/Paris"
"http://dbpedia.org/ontology/wikiPageWikiLink","http://dbpedia.org/resource/Tunisia"
"http://dbpedia.org/ontology/wikiPageWikiLink","http://dbpedia.org/resource/World_War_I"
"http://dbpedia.org/ontology/wikiPageWikiLink","http://dbpedia.org/resource/Magdeleine_Goüin"
"http://dbpedia.org/ontology/wikiPageWikiLink","http://dbpedia.org/resource/Category:Hénin-Liétard"
"http://dbpedia.org/ontology/wikiPageWikiLink","http://dbpedia.org/resource/French_Army"
"http://dbpedia.org/ontology/wikiPageWikiLink","http://dbpedia.org/resource/French_Parliament"
"http://dbpedia.org/ontology/wikiPageWikiLink","http://dbpedia.org/resource/French_Revolution"
"http://dbpedia.org/ontology/wikiPageWikiLink","http://dbpedia.org/resource/French_Third_Republic"
"http://dbpedia.org/ontology/wikiPageWikiLink","http://dbpedia.org/resource/Georges_Clemenceau"
"http://dbpedia.org/ontology/wikiPageWikiLink","http://dbpedia.org/resource/Marie_Antoinette"
"http://dbpedia.org/ontology/wikiPageWikiLink","http://dbpedia.org/resource/National_Assembly_(France)"
"http://dbpedia.org/ontology/wikiPageWikiLink","http://dbpedia.org/resource/Senate_(France)"
"http://dbpedia.org/ontology/wikiPageWikiLink","http://dbpedia.org/resource/The_Hague"
"http://dbpedia.org/ontology/wikiPageWikiLink","http://dbpedia.org/resource/Vosges_(department)"
"http://dbpedia.org/ontology/wikiPageWikiLink","http://dbpedia.org/resource/Charles-Alexandre_de_Hénin-Liétard_d'Alsace"
"http://dbpedia.org/ontology/wikiPageWikiLink","http://dbpedia.org/resource/Croix_de_guerre_1914–1918_(France)"
"http://dbpedia.org/ontology/wikiPageWikiLink","http://dbpedia.org/resource/Jules_Méline"
"http://dbpedia.org/ontology/wikiPageWikiLink","http://dbpedia.org/resource/Prince_of_the_Holy_Roman_Empire"
"http://dbpedia.org/ontology/wikiPageWikiLink","http://dbpedia.org/resource/Army_of_Africa_(France)"
"http://dbpedia.org/ontology/wikiPageWikiLink","http://dbpedia.org/resource/List_of_senators_of_Vosges"
"http://dbpedia.org/ontology/wikiPageWikiLink","http://dbpedia.org/resource/Bauffremont"
"http://dbpedia.org/ontology/wikiPageWikiLink","http://dbpedia.org/resource/Chamberlain_(office)"
"http://dbpedia.org/ontology/wikiPageWikiLink","http://dbpedia.org/resource/1898_French_legislative_election"
"http://dbpedia.org/ontology/wikiPageWikiLink","http://dbpedia.org/resource/Charge_of_the_Light_Brigade"
"http://dbpedia.org/ontology/wikiPageWikiLink","http://dbpedia.org/resource/André_Barbier"
"http://dbpedia.org/ontology/wikiPageWikiLink","http://dbpedia.org/resource/Paul_Frogier_de_Ponlevoy"
"http://dbpedia.org/ontology/wikiPageWikiLink","http://dbpedia.org/resource/Charles-Alexandre,_Marquis_de_Ganay"
"http://dbpedia.org/ontology/wikiPageWikiLink","http://dbpedia.org/resource/Joseph_II,_Holy_Roman_Emperor"
"http://dbpedia.org/ontology/wikiPageWikiLink","http://dbpedia.org/resource/Frebécourt"
"http://dbpedia.org/ontology/wikiPageWikiLink","http://dbpedia.org/resource/Category:Recipients_of_the_Croix_de_Guerre_1914–1918_(France)"
"http://dbpedia.org/ontology/wikiPageWikiLink","http://dbpedia.org/resource/Gaston,_Marquis_de_Galliffet"
"http://dbpedia.org/ontology/wikiPageWikiLink","http://dbpedia.org/resource/General_council_(France)"
"http://dbpedia.org/ontology/wikiPageWikiLink","http://dbpedia.org/resource/Chamber_of_Deputies_(France)"
"http://dbpedia.org/ontology/wikiPageWikiLink","http://dbpedia.org/resource/Prime_Minister_of_France"
"http://dbpedia.org/ontology/wikiPageWikiLink","http://dbpedia.org/resource/1893_French_legislative_election"
"http://dbpedia.org/ontology/wikiPageWikiLink","http://dbpedia.org/resource/1902_French_legislative_election"
"http://dbpedia.org/ontology/wikiPageWikiLink","http://dbpedia.org/resource/1906_French_legislative_election"
"http://dbpedia.org/ontology/wikiPageWikiLink","http://dbpedia.org/resource/House_of_Rohan-Chabot"
"http://dbpedia.org/ontology/wikiPageWikiLink","http://dbpedia.org/resource/Etienne,_Marquis_de_Ganay"
"http://dbpedia.org/ontology/wikiPageWikiLink","http://dbpedia.org/resource/Jacob_Ridgway"
"http://dbpedia.org/ontology/wikiPageWikiLink","http://dbpedia.org/resource/Chasseurs_d'Afrique"
"http://dbpedia.org/ontology/wikiPageWikiLink","http://dbpedia.org/resource/Canton_of_Neufchâteau"
"http://dbpedia.org/ontology/wikiPageWikiLink","http://dbpedia.org/resource/House_of_Hénin"
"http://dbpedia.org/ontology/wikiPageWikiLink","http://dbpedia.org/resource/Category:1935_deaths"
"http://dbpedia.org/ontology/wikiPageWikiLink","http://dbpedia.org/resource/Category:Members_of_the_8th_Chamber_of_Deputies_of_the_French_Third_Republic"
"http://dbpedia.org/ontology/wikiPageWikiLink","http://dbpedia.org/resource/Category:Members_of_the_9th_Chamber_of_Deputies_of_the_French_Third_Republic"
"http://dbpedia.org/ontology/wikiPageWikiLink","http://dbpedia.org/resource/Category:1853_births"
"http://dbpedia.org/ontology/wikiPageWikiLink","http://dbpedia.org/resource/Category:Progressive_Republicans_(France)"
"http://dbpedia.org/ontology/wikiPageWikiLink","http://dbpedia.org/resource/Category:Nobility_from_The_Hague"
"http://dbpedia.org/ontology/wikiPageWikiLink","http://dbpedia.org/resource/Category:Senators_of_Vosges_(department)"
"http://dbpedia.org/ontology/wikiPageWikiLink","http://dbpedia.org/resource/Category:Members_of_the_6th_Chamber_of_Deputies_of_the_French_Third_Republic"
"http://dbpedia.org/ontology/wikiPageWikiLink","http://dbpedia.org/resource/Category:Members_of_the_7th_Chamber_of_Deputies_of_the_French_Third_Republic"
"http://dbpedia.org/ontology/wikiPageWikiLink","http://dbpedia.org/resource/Archduke_of_Austria"
"http://dbpedia.org/ontology/wikiPageWikiLink","http://dbpedia.org/resource/Legion_of_Honor"
"http://dbpedia.org/ontology/wikiPageWikiLink","http://dbpedia.org/resource/Opportunist_Republicans"
"http://dbpedia.org/ontology/wikiPageWikiLink","http://dbpedia.org/resource/Salonnière"
"http://dbpedia.org/ontology/wikiPageWikiLink","http://dbpedia.org/resource/Officier_de_la_Légion_d'honneur"
"http://dbpedia.org/ontology/wikiPageWikiLink","http://dbpedia.org/resource/Category:French_Senators_of_the_Third_Republic"
"http://dbpedia.org/ontology/wikiPageWikiLink","http://dbpedia.org/resource/Category:Officiers_of_the_Légion_d'honneur"
"http://dbpedia.org/ontology/wikiPageWikiLink","http://dbpedia.org/resource/Château_de_Bourlémont"
"http://dbpedia.org/ontology/wikiPageWikiLink","http://dbpedia.org/resource/File:Portrait_équestre_de_Thierry_d’Alsace_de_Hénin-Liétard_(1853-1934).jpg"
"http://dbpedia.org/ontology/wikiPageWikiLink","http://dbpedia.org/resource/Choe_Chung-heon"
"http://dbpedia.org/ontology/wikiPageWikiLink","http://dbpedia.org/resource/Kaesong"
"http://dbpedia.org/ontology/wikiPageWikiLink","http://dbpedia.org/resource/Ganghwa_Island"
"http://dbpedia.org/ontology/wikiPageWikiLink","http://dbpedia.org/resource/Gojong_of_Goryeo"
"http://dbpedia.org/ontology/wikiPageWikiLink","http://dbpedia.org/resource/Goryeo"
"http://dbpedia.org/ontology/wikiPageWikiLink","http://dbpedia.org/resource/Mongol_invasions_of_Korea"
"http://dbpedia.org/ontology/wikiPageWikiLink","http://dbpedia.org/resource/Queen_Jeongsun_(Wonjong)"
"http://dbpedia.org/ontology/wikiPageWikiLink","http://dbpedia.org/resource/Sword"
"http://dbpedia.org/ontology/wikiPageWikiLink","http://dbpedia.org/resource/Duel"
"http://dbpedia.org/ontology/wikiPageWikiLink","http://dbpedia.org/resource/Dictator"
"http://dbpedia.org/ontology/wikiPageWikiLink","http://dbpedia.org/resource/Category:Goryeo_writers"
"http://dbpedia.org/ontology/wikiPageWikiLink","http://dbpedia.org/resource/History_of_Korea"
"http://dbpedia.org/ontology/wikiPageWikiLink","http://dbpedia.org/resource/List_of_Goryeo_people"
"http://dbpedia.org/ontology/wikiPageWikiLink","http://dbpedia.org/resource/Category:1166_births"
"http://dbpedia.org/ontology/wikiPageWikiLink","http://dbpedia.org/resource/Category:1249_deaths"
"http://dbpedia.org/ontology/wikiPageWikiLink","http://dbpedia.org/resource/Category:Korean_generals"
"http://dbpedia.org/ontology/wikiPageWikiLink","http://dbpedia.org/resource/Category:Regents_of_Korea"
"http://dbpedia.org/ontology/wikiPageWikiLink","http://dbpedia.org/resource/Posterity_of_Heaven"
"http://dbpedia.org/ontology/wikiPageWikiLink","http://dbpedia.org/resource/Choe_Hang_(military_official)"
"http://dbpedia.org/ontology/wikiPageWikiLink","http://dbpedia.org/resource/Military_Leader_of_Goryeo"
"http://dbpedia.org/ontology/wikiPageWikiLink","http://dbpedia.org/resource/Choe"
"http://dbpedia.org/ontology/wikiPageWikiLink","http://dbpedia.org/resource/Assassinate"
"http://dbpedia.org/ontology/wikiPageWikiLink","http://dbpedia.org/resource/Goryeo_Dynasty"
"http://dbpedia.org/ontology/wikiPageWikiLink","http://dbpedia.org/resource/Choe_Chung-Heon"
"http://dbpedia.org/ontology/wikiPageWikiLink","http://dbpedia.org/resource/Yi_Ui-Min"
"http://dbpedia.org/ontology/wikiPageWikiLink","http://dbpedia.org/resource/Category:12th-century_Korean_calligraphers"
"http://dbpedia.org/ontology/wikiPageWikiLink","http://dbpedia.org/resource/Category:13th-century_Korean_calligraphers"
"http://dbpedia.org/ontology/wikiPageWikiLink","http://dbpedia.org/resource/Category:Choe_clan_of_Ubong"
"http://dbpedia.org/ontology/wikiPageWikiLink","http://dbpedia.org/resource/Choe_Won-Ho"
"http://dbpedia.org/ontology/wikiPageWikiLink","http://dbpedia.org/resource/Chamber_of_Deputies_(Brazil)"
"http://dbpedia.org/ontology/wikiPageWikiLink","http://dbpedia.org/resource/COVID-19"
"http://dbpedia.org/ontology/wikiPageWikiLink","http://dbpedia.org/resource/Sâmia_Bomfim"
"http://dbpedia.org/ontology/wikiPageWikiLink","http://dbpedia.org/resource/Category:2022_deaths"
"http://dbpedia.org/ontology/wikiPageWikiLink","http://dbpedia.org/resource/Category:Members_of_the_Chamber_of_Deputies_(Brazil)_from_São_Paulo"
"http://dbpedia.org/ontology/wikiPageWikiLink","http://dbpedia.org/resource/Category:Deaths_from_the_COVID-19_pandemic_in_São_Paulo_(state)"
"http://dbpedia.org/ontology/wikiPageWikiLink","http://dbpedia.org/resource/Hantsavichy_District"
"http://dbpedia.org/ontology/wikiPageWikiLink","http://dbpedia.org/resource/Beijing"
"http://dbpedia.org/ontology/wikiPageWikiLink","http://dbpedia.org/resource/Belarus"
"http://dbpedia.org/ontology/wikiPageWikiLink","http://dbpedia.org/resource/China"
"http://dbpedia.org/ontology/wikiPageWikiLink","http://dbpedia.org/resource/Brest_Region"
"http://dbpedia.org/ontology/wikiPageWikiLink","http://dbpedia.org/resource/Oleg_Proleskovsky"
"http://dbpedia.org/ontology/wikiPageWikiLink","http://dbpedia.org/resource/Ambassador"
"http://dbpedia.org/ontology/wikiPageWikiLink","http://dbpedia.org/resource/Ivatsevichy_District"
"http://dbpedia.org/ontology/wikiPageWikiLink","http://dbpedia.org/resource/Category:Ambassadors_of_Belarus_to_China"
"http://dbpedia.org/ontology/wikiPageWikiLink","http://dbpedia.org/resource/Category:Belarusian_politicians"
"http://dbpedia.org/ontology/wikiPageWikiLink","http://dbpedia.org/resource/Category:1947_births"
"http://dbpedia.org/ontology/wikiPageWikiLink","http://dbpedia.org/resource/Category:People_from_Ivatsevichy_District"
"http://dbpedia.org/ontology/wikiPageWikiLink","http://dbpedia.org/resource/Category:Recipients_of_the_Order_of_Francysk_Skaryna"
"http://dbpedia.org/ontology/wikiPageWikiLink","http://dbpedia.org/resource/Category:Communist_Party_of_the_Soviet_Union_members"
"http://dbpedia.org/ontology/wikiPageWikiLink","http://dbpedia.org/resource/Category:Government_ministers_of_Belarus"
"http://dbpedia.org/ontology/wikiPageWikiLink","http://dbpedia.org/resource/Category:Specially_Designated_Nationals_and_Blocked_Persons_List"
"http://dbpedia.org/ontology/wikiPageWikiLink","http://dbpedia.org/resource/Vyacheslav_Nikolayevich_Kuznetsov"
"http://dbpedia.org/ontology/wikiPageWikiLink","http://dbpedia.org/resource/Category:Belarusian_individuals_subject_to_the_U.S._Department_of_the_Treasury_sanctions"
"http://dbpedia.org/ontology/wikiPageWikiLink","http://dbpedia.org/resource/Banwarilal_Purohit"
"http://dbpedia.org/ontology/wikiPageWikiLink","http://dbpedia.org/resource/Government_of_Tamil_Nadu"
"http://dbpedia.org/ontology/wikiPageWikiLink","http://dbpedia.org/resource/2021_Tamil_Nadu_Legislative_Assembly_election"
"http://dbpedia.org/ontology/wikiPageWikiLink","http://dbpedia.org/resource/16th_Tamil_Nadu_Assembly"
"http://dbpedia.org/ontology/wikiPageWikiLink","http://dbpedia.org/resource/Category:Tamil_Nadu_Legislative_Assembly"
"http://dbpedia.org/ontology/wikiPageWikiLink","http://dbpedia.org/resource/List_of_Chief_Ministers_of_Tamil_Nadu"
"http://dbpedia.org/ontology/wikiPageWikiLink","http://dbpedia.org/resource/Assembly_of_Tamil_Nadu"
"http://dbpedia.org/ontology/wikiPageWikiLink","http://dbpedia.org/resource/Fifteenth_Assembly_of_Tamil_Nadu"
"http://dbpedia.org/ontology/wikiPageWikiLink","http://dbpedia.org/resource/Category:1871_births"
"http://dbpedia.org/ontology/wikiPageWikiLink","http://dbpedia.org/resource/Category:1962_deaths"
"http://dbpedia.org/ontology/wikiPageWikiLink","http://dbpedia.org/resource/Albert_Lea,_Minnesota"
"http://dbpedia.org/ontology/wikiPageWikiLink","http://dbpedia.org/resource/Independent_politician"
"http://dbpedia.org/ontology/wikiPageWikiLink","http://dbpedia.org/resource/Minnesota_Senate"
"http://dbpedia.org/ontology/wikiPageWikiLink","http://dbpedia.org/resource/Category:Minnesota_state_senators"
"http://dbpedia.org/ontology/wikiPageWikiLink","http://dbpedia.org/resource/Category:Farmers_from_Minnesota"
"http://dbpedia.org/ontology/wikiPageWikiLink","http://dbpedia.org/resource/Category:People_from_Freeborn_County,_Minnesota"
"http://dbpedia.org/ontology/wikiPageWikiLink","http://dbpedia.org/resource/Category:People_from_Albert_Lea,_Minnesota"
"http://dbpedia.org/ontology/wikiPageWikiLink","http://dbpedia.org/resource/Harvard_Law_School"
"http://dbpedia.org/ontology/wikiPageWikiLink","http://dbpedia.org/resource/University_of_Washington"
"http://dbpedia.org/ontology/wikiPageWikiLink","http://dbpedia.org/resource/Alameda,_California"
"http://dbpedia.org/ontology/wikiPageWikiLink","http://dbpedia.org/resource/Oakland,_California"
"http://dbpedia.org/ontology/wikiPageWikiLink","http://dbpedia.org/resource/Oakland_City_Council"
"http://dbpedia.org/ontology/wikiPageWikiLink","http://dbpedia.org/resource/Effects_of_climate_change"
"http://dbpedia.org/ontology/wikiPageWikiLink","http://dbpedia.org/resource/Jane_Brunner"
"http://dbpedia.org/ontology/wikiPageWikiLink","http://dbpedia.org/resource/Category:Harvard_Law_School_alumni"
"http://dbpedia.org/ontology/wikiPageWikiLink","http://dbpedia.org/resource/Category:American_women_lawyers"
"http://dbpedia.org/ontology/wikiPageWikiLink","http://dbpedia.org/resource/John_A._Russo_(politician)"
"http://dbpedia.org/ontology/wikiPageWikiLink","http://dbpedia.org/resource/Advocacy"
"http://dbpedia.org/ontology/wikiPageWikiLink","http://dbpedia.org/resource/Category:20th-century_births"
"http://dbpedia.org/ontology/wikiPageWikiLink","http://dbpedia.org/resource/Category:Lawyers_from_Oakland,_California"
"http://dbpedia.org/ontology/wikiPageWikiLink","http://dbpedia.org/resource/Category:California_Democrats"
"http://dbpedia.org/ontology/wikiPageWikiLink","http://dbpedia.org/resource/Category:21st-century_American_women"
"http://dbpedia.org/ontology/wikiPageWikiLink","http://dbpedia.org/resource/Category:Women_in_California_politics"
"http://dbpedia.org/ontology/wikiPageWikiLink","http://dbpedia.org/resource/Category:Lawyers_from_Seattle"
"http://dbpedia.org/ontology/wikiPageWikiLink","http://dbpedia.org/resource/Category:University_of_Washington_College_of_Arts_and_Sciences_alumni"
"http://dbpedia.org/ontology/wikiPageWikiLink","http://dbpedia.org/resource/Seattle,_Washington"
"http://dbpedia.org/ontology/wikiPageWikiLink","http://dbpedia.org/resource/File:BPlogo.jpg"
"http://dbpedia.org/ontology/wikiPageWikiLink","http://dbpedia.org/resource/File:Naral_Champions_Annie_Barbara-01.png"
"http://dbpedia.org/ontology/wikiPageWikiLink","http://dbpedia.org/resource/North_America"
"http://dbpedia.org/ontology/wikiPageWikiLink","http://dbpedia.org/resource/Pocatello,_Idaho"
"http://dbpedia.org/ontology/wikiPageWikiLink","http://dbpedia.org/resource/Category:Pocatello,_Idaho"
"http://dbpedia.org/ontology/wikiPageWikiLink","http://dbpedia.org/resource/Category:Mayors_of_places_in_Idaho"
"http://dbpedia.org/ontology/wikiPageWikiLink","http://dbpedia.org/resource/Nonpartisan"
"http://dbpedia.org/ontology/wikiPageWikiLink","http://dbpedia.org/resource/Pocatello"
"http://dbpedia.org/ontology/wikiPageWikiLink","http://dbpedia.org/resource/World_Bank"
"http://dbpedia.org/ontology/wikiPageWikiLink","http://dbpedia.org/resource/United_Nations_Development_Programme"
"http://dbpedia.org/ontology/wikiPageWikiLink","http://dbpedia.org/resource/Hisar_(city)"
"http://dbpedia.org/ontology/wikiPageWikiLink","http://dbpedia.org/resource/Amitabh_Kant"
"http://dbpedia.org/ontology/wikiPageWikiLink","http://dbpedia.org/resource/Gandhi_Global_Family_medals_and_awards"
"http://dbpedia.org/ontology/wikiPageWikiLink","http://dbpedia.org/resource/Sansad_TV"
"http://dbpedia.org/ontology/wikiPageWikiLink","http://dbpedia.org/resource/Bangladesh"
"http://dbpedia.org/ontology/wikiPageWikiLink","http://dbpedia.org/resource/Bhutan"
"http://dbpedia.org/ontology/wikiPageWikiLink","http://dbpedia.org/resource/Haryana"
"http://dbpedia.org/ontology/wikiPageWikiLink","http://dbpedia.org/resource/India"
"http://dbpedia.org/ontology/wikiPageWikiLink","http://dbpedia.org/resource/Narendra_Modi"
"http://dbpedia.org/ontology/wikiPageWikiLink","http://dbpedia.org/resource/Pakistan"
"http://dbpedia.org/ontology/wikiPageWikiLink","http://dbpedia.org/resource/Sri_Lanka"
"http://dbpedia.org/ontology/wikiPageWikiLink","http://dbpedia.org/resource/India_Today"
"http://dbpedia.org/ontology/wikiPageWikiLink","http://dbpedia.org/resource/Tehelka"
"http://dbpedia.org/ontology/wikiPageWikiLink","http://dbpedia.org/resource/Bibek_Debroy"
"http://dbpedia.org/ontology/wikiPageWikiLink","http://dbpedia.org/resource/Amarchand_&_Mangaldas_&_Suresh_A_Shroff_&_Co"
"http://dbpedia.org/ontology/wikiPageWikiLink","http://dbpedia.org/resource/Chandigarh"
"http://dbpedia.org/ontology/wikiPageWikiLink","http://dbpedia.org/resource/Coca-Cola"
"http://dbpedia.org/ontology/wikiPageWikiLink","http://dbpedia.org/resource/International_Monetary_Fund"
"http://dbpedia.org/ontology/wikiPageWikiLink","http://dbpedia.org/resource/Karachi"
"http://dbpedia.org/ontology/wikiPageWikiLink","http://dbpedia.org/resource/Kathmandu"
"http://dbpedia.org/ontology/wikiPageWikiLink","http://dbpedia.org/resource/Macau"
"http://dbpedia.org/ontology/wikiPageWikiLink","http://dbpedia.org/resource/Venkaiah_Naidu"
"http://dbpedia.org/ontology/wikiPageWikiLink","http://dbpedia.org/resource/Karan_Singh"
"http://dbpedia.org/ontology/wikiPageWikiLink","http://dbpedia.org/resource/Gurgaon"
"http://dbpedia.org/ontology/wikiPageWikiLink","http://dbpedia.org/resource/Suzuki"
"http://dbpedia.org/ontology/wikiPageWikiLink","http://dbpedia.org/resource/Wagah"
"http://dbpedia.org/ontology/wikiPageWikiLink","http://dbpedia.org/resource/Commerce"
"http://dbpedia.org/ontology/wikiPageWikiLink","http://dbpedia.org/resource/Philip_Morris_International"
"http://dbpedia.org/ontology/wikiPageWikiLink","http://dbpedia.org/resource/Western_Union"
"http://dbpedia.org/ontology/wikiPageWikiLink","http://dbpedia.org/resource/Shashi_Tharoor"
"http://dbpedia.org/ontology/wikiPageWikiLink","http://dbpedia.org/resource/The_Wall_Street_Journal"
"http://dbpedia.org/ontology/wikiPageWikiLink","http://dbpedia.org/resource/Financial_Action_Task_Force"
"http://dbpedia.org/ontology/wikiPageWikiLink","http://dbpedia.org/resource/Lalit_Modi"
"http://dbpedia.org/ontology/wikiPageWikiLink","http://dbpedia.org/resource/Conciliatory_Resolution"
"http://dbpedia.org/ontology/wikiPageWikiLink","http://dbpedia.org/resource/Ramesh_Chandra_Lahoti"
"http://dbpedia.org/ontology/wikiPageWikiLink","http://dbpedia.org/resource/Cornell_Law_School"
"http://dbpedia.org/ontology/wikiPageWikiLink","http://dbpedia.org/resource/Public_policy"
"http://dbpedia.org/ontology/wikiPageWikiLink","http://dbpedia.org/resource/Panjab_University"
"http://dbpedia.org/ontology/wikiPageWikiLink","http://dbpedia.org/resource/South_Asian_Association_for_Regional_Cooperation"
"http://dbpedia.org/ontology/wikiPageWikiLink","http://dbpedia.org/resource/Om_Birla"
"http://dbpedia.org/ontology/wikiPageWikiLink","http://dbpedia.org/resource/Rana_Bhagwandas"
"http://dbpedia.org/ontology/wikiPageWikiLink","http://dbpedia.org/resource/Union_of_International_Associations"
"http://dbpedia.org/ontology/wikiPageWikiLink","http://dbpedia.org/resource/Mediation"
"http://dbpedia.org/ontology/wikiPageWikiLink","http://dbpedia.org/resource/National_Law_University,_Delhi"
"http://dbpedia.org/ontology/wikiPageWikiLink","http://dbpedia.org/resource/Sarabjit_Singh"
"http://dbpedia.org/ontology/wikiPageWikiLink","http://dbpedia.org/resource/Bayer"
"http://dbpedia.org/ontology/wikiPageWikiLink","http://dbpedia.org/resource/American_Express"
"http://dbpedia.org/ontology/wikiPageWikiLink","http://dbpedia.org/resource/Asian_Development_Bank"
"http://dbpedia.org/ontology/wikiPageWikiLink","http://dbpedia.org/resource/Mergers_and_acquisitions"
"http://dbpedia.org/ontology/wikiPageWikiLink","http://dbpedia.org/resource/Accor"
"http://dbpedia.org/ontology/wikiPageWikiLink","http://dbpedia.org/resource/Knight_Frank"
"http://dbpedia.org/ontology/wikiPageWikiLink","http://dbpedia.org/resource/Chief_Justice_of_India"
"http://dbpedia.org/ontology/wikiPageWikiLink","http://dbpedia.org/resource/Coronavirus"
"http://dbpedia.org/ontology/wikiPageWikiLink","http://dbpedia.org/resource/Sanjeev_Sanyal"
"http://dbpedia.org/ontology/wikiPageWikiLink","http://dbpedia.org/resource/K._K._Venugopal"
"http://dbpedia.org/ontology/wikiPageWikiLink","http://dbpedia.org/resource/Civil_service_commission"
"http://dbpedia.org/ontology/wikiPageWikiLink","http://dbpedia.org/resource/Cryptocurrency"
"http://dbpedia.org/ontology/wikiPageWikiLink","http://dbpedia.org/resource/Category:Law_firm_founders"
"http://dbpedia.org/ontology/wikiPageWikiLink","http://dbpedia.org/resource/Maroof_Raza"
"http://dbpedia.org/ontology/wikiPageWikiLink","http://dbpedia.org/resource/Category:Indian_lawyers"
"http://dbpedia.org/ontology/wikiPageWikiLink","http://dbpedia.org/resource/Category:1967_births"
"http://dbpedia.org/ontology/wikiPageWikiLink","http://dbpedia.org/resource/Category:Punjabi_people"
"http://dbpedia.org/ontology/wikiPageWikiLink","http://dbpedia.org/resource/UNAIDS"
"http://dbpedia.org/ontology/wikiPageWikiLink","http://dbpedia.org/resource/UNDP"
"http://dbpedia.org/ontology/wikiPageWikiLink","http://dbpedia.org/resource/Arbitrator"
"http://dbpedia.org/ontology/wikiPageWikiLink","http://dbpedia.org/resource/Category:Panjab_University_alumni"
"http://dbpedia.org/ontology/wikiPageWikiLink","http://dbpedia.org/resource/Category:20th-century_Indian_lawyers"
"http://dbpedia.org/ontology/wikiPageWikiLink","http://dbpedia.org/resource/World_NGO_Day"
"http://dbpedia.org/ontology/wikiPageWikiLink","http://dbpedia.org/resource/TV_anchor"
"http://dbpedia.org/ontology/wikiPageWikiLink","http://dbpedia.org/resource/ABB_Group"
"http://dbpedia.org/ontology/wikiPageWikiLink","http://dbpedia.org/resource/BJP"
"http://dbpedia.org/ontology/wikiPageWikiLink","http://dbpedia.org/resource/Secretary_General"
"http://dbpedia.org/ontology/wikiPageWikiLink","http://dbpedia.org/resource/WTO"
"http://dbpedia.org/ontology/wikiPageWikiLink","http://dbpedia.org/resource/Insolvency_and_Bankruptcy_Code,_2016"
"http://dbpedia.org/ontology/wikiPageWikiLink","http://dbpedia.org/resource/The_Tribune_(Chandigarh)"
"http://dbpedia.org/ontology/wikiPageWikiLink","http://dbpedia.org/resource/Attorney-General_for_India"
"http://dbpedia.org/ontology/wikiPageWikiLink","http://dbpedia.org/resource/Corporate"
"http://dbpedia.org/ontology/wikiPageWikiLink","http://dbpedia.org/resource/SAARC"
"http://dbpedia.org/ontology/wikiPageWikiLink","http://dbpedia.org/resource/Public_Policy"
"http://dbpedia.org/ontology/wikiPageWikiLink","http://dbpedia.org/resource/Daily_Mail_UK"
"http://dbpedia.org/ontology/wikiPageWikiLink","http://dbpedia.org/resource/Panjab_University,_Chandigarh"
"http://dbpedia.org/ontology/wikiPageWikiLink","http://dbpedia.org/resource/Indian_parliament"
"http://dbpedia.org/ontology/wikiPageWikiLink","http://dbpedia.org/resource/Live_Mint"
"http://dbpedia.org/ontology/wikiPageWikiLink","http://dbpedia.org/resource/Category:Secretaries_General_of_the_South_Asian_Association_for_Regional_Cooperation"
"http://dbpedia.org/ontology/wikiPageWikiLink","http://dbpedia.org/resource/File:HemantBatra_Library_Law.jpg"
"http://dbpedia.org/ontology/wikiPageWikiLink","http://dbpedia.org/resource/Jathedar"
"http://dbpedia.org/ontology/wikiPageWikiLink","http://dbpedia.org/resource/Saini"
"http://dbpedia.org/ontology/wikiPageWikiLink","http://dbpedia.org/resource/Akali_movement"
"http://dbpedia.org/ontology/wikiPageWikiLink","http://dbpedia.org/resource/Jalandhar"
"http://dbpedia.org/ontology/wikiPageWikiLink","http://dbpedia.org/resource/Category:Sikh_missionaries"
"http://dbpedia.org/ontology/wikiPageWikiLink","http://dbpedia.org/resource/Faisalabad"
"http://dbpedia.org/ontology/wikiPageWikiLink","http://dbpedia.org/resource/Akal_Takht"
"http://dbpedia.org/ontology/wikiPageWikiLink","http://dbpedia.org/resource/Amritsar"
"http://dbpedia.org/ontology/wikiPageWikiLink","http://dbpedia.org/resource/Shiromani_Akali_Dal"
"http://dbpedia.org/ontology/wikiPageWikiLink","http://dbpedia.org/resource/Zaildar"
"http://dbpedia.org/ontology/wikiPageWikiLink","http://dbpedia.org/resource/Nirankari"
"http://dbpedia.org/ontology/wikiPageWikiLink","http://dbpedia.org/resource/Category:1984_deaths"
"http://dbpedia.org/ontology/wikiPageWikiLink","http://dbpedia.org/resource/Category:1905_births"
"http://dbpedia.org/ontology/wikiPageWikiLink","http://dbpedia.org/resource/Category:People_from_Faisalabad"
"http://dbpedia.org/ontology/wikiPageWikiLink","http://dbpedia.org/resource/Category:Jathedars_of_Akal_Takht"
"http://dbpedia.org/ontology/wikiPageWikiLink","http://dbpedia.org/resource/Category:History_of_Sikhism"
"http://dbpedia.org/ontology/wikiPageWikiLink","http://dbpedia.org/resource/Category:Indian_Sikhs"
"http://dbpedia.org/ontology/wikiPageWikiLink","http://dbpedia.org/resource/Jathedar_of_Akal_Takht"
"http://dbpedia.org/ontology/wikiPageWikiLink","http://dbpedia.org/resource/Sikh_rites"
"http://dbpedia.org/ontology/wikiPageWikiLink","http://dbpedia.org/resource/Master_Tara_Singh"
"http://dbpedia.org/ontology/wikiPageWikiLink","http://dbpedia.org/resource/Punjab_(region)"
"http://dbpedia.org/ontology/wikiPageWikiLink","http://dbpedia.org/resource/Sikh"
"http://dbpedia.org/ontology/wikiPageWikiLink","http://dbpedia.org/resource/Shahid_Khaqan_Abbasi"
"http://dbpedia.org/ontology/wikiPageWikiLink","http://dbpedia.org/resource/Category:Politicians_from_Lahore"
"http://dbpedia.org/ontology/wikiPageWikiLink","http://dbpedia.org/resource/Lahore"
"http://dbpedia.org/ontology/wikiPageWikiLink","http://dbpedia.org/resource/Pakistan_Muslim_League_(N)"
"http://dbpedia.org/ontology/wikiPageWikiLink","http://dbpedia.org/resource/Pervez_Musharraf"
"http://dbpedia.org/ontology/wikiPageWikiLink","http://dbpedia.org/resource/Mamnoon_Hussain"
"http://dbpedia.org/ontology/wikiPageWikiLink","http://dbpedia.org/resource/Category:Pakistan_Muslim_League_(N)_politicians"
"http://dbpedia.org/ontology/wikiPageWikiLink","http://dbpedia.org/resource/Arain"
"http://dbpedia.org/ontology/wikiPageWikiLink","http://dbpedia.org/resource/Lawyers'_Movement"
"http://dbpedia.org/ontology/wikiPageWikiLink","http://dbpedia.org/resource/Category:Lawyers_from_Lahore"
"http://dbpedia.org/ontology/wikiPageWikiLink","http://dbpedia.org/resource/Category:Pakistani_MNAs_2008–2013"
"http://dbpedia.org/ontology/wikiPageWikiLink","http://dbpedia.org/resource/Category:Pakistani_lawyers"
"http://dbpedia.org/ontology/wikiPageWikiLink","http://dbpedia.org/resource/Advisor"
"http://dbpedia.org/ontology/wikiPageWikiLink","http://dbpedia.org/resource/Prime_Minister"
"http://dbpedia.org/ontology/wikiPageWikiLink","http://dbpedia.org/resource/Yousaf_Raza_Gillani"
"http://dbpedia.org/ontology/wikiPageWikiLink","http://dbpedia.org/resource/File:State_emblem_of_Pakistan.svg"
"http://dbpedia.org/ontology/wikiPageWikiLink","http://dbpedia.org/resource/National_Assembly_(Pakistan)"
"http://dbpedia.org/ontology/wikiPageWikiLink","http://dbpedia.org/resource/File:Lahore_High_Court_Building.jpg"
"http://dbpedia.org/ontology/wikiPageWikiLink","http://dbpedia.org/resource/Guinea"
"http://dbpedia.org/ontology/wikiPageWikiLink","http://dbpedia.org/resource/Ottawa"
"http://dbpedia.org/ontology/wikiPageWikiLink","http://dbpedia.org/resource/Quebec_City"
"http://dbpedia.org/ontology/wikiPageWikiLink","http://dbpedia.org/resource/Sierra_Leone"
"http://dbpedia.org/ontology/wikiPageWikiLink","http://dbpedia.org/resource/Minister_of_Foreign_Affairs_(Canada)"
"http://dbpedia.org/ontology/wikiPageWikiLink","http://dbpedia.org/resource/Canada"
"http://dbpedia.org/ontology/wikiPageWikiLink","http://dbpedia.org/resource/Dakar"
"http://dbpedia.org/ontology/wikiPageWikiLink","http://dbpedia.org/resource/Francophonie"
"http://dbpedia.org/ontology/wikiPageWikiLink","http://dbpedia.org/resource/Middle_East"
"http://dbpedia.org/ontology/wikiPageWikiLink","http://dbpedia.org/resource/Port-au-Prince"
"http://dbpedia.org/ontology/wikiPageWikiLink","http://dbpedia.org/resource/Lawrence_Cannon"
"http://dbpedia.org/ontology/wikiPageWikiLink","http://dbpedia.org/resource/University_of_Ottawa"
"http://dbpedia.org/ontology/wikiPageWikiLink","http://dbpedia.org/resource/Caribbean"
"http://dbpedia.org/ontology/wikiPageWikiLink","http://dbpedia.org/resource/Category:Ambassadors_of_Canada_to_Bulgaria"
"http://dbpedia.org/ontology/wikiPageWikiLink","http://dbpedia.org/resource/Category:Ambassadors_of_Canada_to_Guinea"
"http://dbpedia.org/ontology/wikiPageWikiLink","http://dbpedia.org/resource/Category:Ambassadors_of_Canada_to_Romania"
"http://dbpedia.org/ontology/wikiPageWikiLink","http://dbpedia.org/resource/Marie_Isabelle_Massip"
"http://dbpedia.org/ontology/wikiPageWikiLink","http://dbpedia.org/resource/Canadian"
"http://dbpedia.org/ontology/wikiPageWikiLink","http://dbpedia.org/resource/Republic_of_Cyprus"
"http://dbpedia.org/ontology/wikiPageWikiLink","http://dbpedia.org/resource/Department_of_Foreign_Affairs_and_International_Trade"
"http://dbpedia.org/ontology/wikiPageWikiLink","http://dbpedia.org/resource/Central_American"
"http://dbpedia.org/ontology/wikiPageWikiLink","http://dbpedia.org/resource/Embassy_of_Canada_in_Bucharest"
"http://dbpedia.org/ontology/wikiPageWikiLink","http://dbpedia.org/resource/Marta_Moszczenska"
"http://dbpedia.org/ontology/wikiPageWikiLink","http://dbpedia.org/resource/Category:High_Commissioners_of_Canada_to_Cyprus"
"http://dbpedia.org/ontology/wikiPageWikiLink","http://dbpedia.org/resource/Category:High_Commissioners_of_Canada_to_Sierra_Leone"
"http://dbpedia.org/ontology/wikiPageWikiLink","http://dbpedia.org/resource/Jean-Pierre_Lavoie"
"http://dbpedia.org/ontology/wikiPageWikiLink","http://dbpedia.org/resource/Kolkata"
"http://dbpedia.org/ontology/wikiPageWikiLink","http://dbpedia.org/resource/Milan"
"http://dbpedia.org/ontology/wikiPageWikiLink","http://dbpedia.org/resource/Amman"
"http://dbpedia.org/ontology/wikiPageWikiLink","http://dbpedia.org/resource/Durham_University"
"http://dbpedia.org/ontology/wikiPageWikiLink","http://dbpedia.org/resource/European_Higher_Education_Area"
"http://dbpedia.org/ontology/wikiPageWikiLink","http://dbpedia.org/resource/Embassy_of_the_United_Kingdom,_Madrid"
"http://dbpedia.org/ontology/wikiPageWikiLink","http://dbpedia.org/resource/Engagement_(diplomacy)"
"http://dbpedia.org/ontology/wikiPageWikiLink","http://dbpedia.org/resource/Department_for_International_Development"
"http://dbpedia.org/ontology/wikiPageWikiLink","http://dbpedia.org/resource/Category:Ambassadors_of_the_United_Kingdom_to_Belarus"
"http://dbpedia.org/ontology/wikiPageWikiLink","http://dbpedia.org/resource/Category:Alumni_of_Hatfield_College,_Durham"
"http://dbpedia.org/ontology/wikiPageWikiLink","http://dbpedia.org/resource/Foreign_and_Commonwealth_Office"
"http://dbpedia.org/ontology/wikiPageWikiLink","http://dbpedia.org/resource/List_of_Ambassadors_from_the_United_Kingdom_to_Belarus"
"http://dbpedia.org/ontology/wikiPageWikiLink","http://dbpedia.org/resource/List_of_Ambassadors_of_the_United_Kingdom_to_Belarus"
"http://dbpedia.org/ontology/wikiPageWikiLink","http://dbpedia.org/resource/Rosemary_Thomas_(diplomat)"
"http://dbpedia.org/ontology/wikiPageWikiLink","http://dbpedia.org/resource/Nigeria"
"http://dbpedia.org/ontology/wikiPageWikiLink","http://dbpedia.org/resource/Ekiti_State"
"http://dbpedia.org/ontology/wikiPageWikiLink","http://dbpedia.org/resource/Ondo_State"
"http://dbpedia.org/ontology/wikiPageWikiLink","http://dbpedia.org/resource/Obafemi_Awolowo_University"
"http://dbpedia.org/ontology/wikiPageWikiLink","http://dbpedia.org/resource/Category:Obafemi_Awolowo_University_alumni"
"http://dbpedia.org/ontology/wikiPageWikiLink","http://dbpedia.org/resource/Category:People_from_Ekiti_State"
"http://dbpedia.org/ontology/wikiPageWikiLink","http://dbpedia.org/resource/Christ's_School_Ado_Ekiti"
"http://dbpedia.org/ontology/wikiPageWikiLink","http://dbpedia.org/resource/Washington,_D.C."
"http://dbpedia.org/ontology/wikiPageWikiLink","http://dbpedia.org/resource/Richard_G._Andrews"
"http://dbpedia.org/ontology/wikiPageWikiLink","http://dbpedia.org/resource/Georgetown_University"
"http://dbpedia.org/ontology/wikiPageWikiLink","http://dbpedia.org/resource/United_States_Court_of_Appeals_for_the_Second_Circuit"
"http://dbpedia.org/ontology/wikiPageWikiLink","http://dbpedia.org/resource/University_of_Michigan_Law_School"
"http://dbpedia.org/ontology/wikiPageWikiLink","http://dbpedia.org/resource/Covington_&_Burling"
"http://dbpedia.org/ontology/wikiPageWikiLink","http://dbpedia.org/resource/United_States_District_Court_for_the_District_of_Delaware"
"http://dbpedia.org/ontology/wikiPageWikiLink","http://dbpedia.org/resource/Category:University_of_Michigan_Law_School_alumni"
"http://dbpedia.org/ontology/wikiPageWikiLink","http://dbpedia.org/resource/Law_clerk"
"http://dbpedia.org/ontology/wikiPageWikiLink","http://dbpedia.org/resource/Category:United_States_magistrate_judges"
"http://dbpedia.org/ontology/wikiPageWikiLink","http://dbpedia.org/resource/Category:Georgetown_University_alumni"
"http://dbpedia.org/ontology/wikiPageWikiLink","http://dbpedia.org/resource/Kenneth_Ripple"
"http://dbpedia.org/ontology/wikiPageWikiLink","http://dbpedia.org/resource/Assistant_U.S._Attorney"
"http://dbpedia.org/ontology/wikiPageWikiLink","http://dbpedia.org/resource/Gregory_Sleet"
"http://dbpedia.org/ontology/wikiPageWikiLink","http://dbpedia.org/resource/Sue_Robinson"
"http://dbpedia.org/ontology/wikiPageWikiLink","http://dbpedia.org/resource/U.S._Attorney's_Office"
"http://dbpedia.org/ontology/wikiPageWikiLink","http://dbpedia.org/resource/U.S._Court_of_Appeals_for_the_Seventh_Circuit"
"http://dbpedia.org/ontology/wikiPageWikiLink","http://dbpedia.org/resource/U.S._District_Court_for_the_District_of_Delaware"
"http://dbpedia.org/ontology/wikiPageWikiLink","http://dbpedia.org/resource/U.S._Magistrate_Judge"
"http://dbpedia.org/ontology/wikiPageWikiLink","http://dbpedia.org/resource/Leonard_Stark"
"http://dbpedia.org/ontology/wikiPageWikiLink","http://dbpedia.org/resource/Boston_College"
"http://dbpedia.org/ontology/wikiPageWikiLink","http://dbpedia.org/resource/Gordon_School"
"http://dbpedia.org/ontology/wikiPageWikiLink","http://dbpedia.org/resource/Moses_Brown_School"
"http://dbpedia.org/ontology/wikiPageWikiLink","http://dbpedia.org/resource/James_E._Rogers_College_of_Law"
"http://dbpedia.org/ontology/wikiPageWikiLink","http://dbpedia.org/resource/Category:James_E._Rogers_College_of_Law_alumni"
"http://dbpedia.org/ontology/wikiPageWikiLink","http://dbpedia.org/resource/Category:Boston_College_alumni"
"http://dbpedia.org/ontology/wikiPageWikiLink","http://dbpedia.org/resource/Category:People_from_East_Providence,_Rhode_Island"
"http://dbpedia.org/ontology/wikiPageWikiLink","http://dbpedia.org/resource/Category:Rhode_Island_Democrats"
"http://dbpedia.org/ontology/wikiPageWikiLink","http://dbpedia.org/resource/Category:Rhode_Island_lawyers"
"http://dbpedia.org/ontology/wikiPageWikiLink","http://dbpedia.org/resource/Category:Moses_Brown_School_alumni"
"http://dbpedia.org/ontology/wikiPageWikiLink","http://dbpedia.org/resource/Category:Politicians_in_East_Providence,_Rhode_Island"
"http://dbpedia.org/ontology/wikiPageWikiLink","http://dbpedia.org/resource/Corazon_Aquino"
"http://dbpedia.org/ontology/wikiPageWikiLink","http://dbpedia.org/resource/Philippines"
"http://dbpedia.org/ontology/wikiPageWikiLink","http://dbpedia.org/resource/Presidential_Commission_on_Good_Government"
"http://dbpedia.org/ontology/wikiPageWikiLink","http://dbpedia.org/resource/Tarlac"
"http://dbpedia.org/ontology/wikiPageWikiLink","http://dbpedia.org/resource/Adolfo_Azcuna"
"http://dbpedia.org/ontology/wikiPageWikiLink","http://dbpedia.org/resource/University_of_the_Philippines_Diliman"
"http://dbpedia.org/ontology/wikiPageWikiLink","http://dbpedia.org/resource/Cuyapo"
"http://dbpedia.org/ontology/wikiPageWikiLink","http://dbpedia.org/resource/Rotary_International"
"http://dbpedia.org/ontology/wikiPageWikiLink","http://dbpedia.org/resource/University_of_the_Philippines_College_of_Law"
"http://dbpedia.org/ontology/wikiPageWikiLink","http://dbpedia.org/resource/Upsilon_Sigma_Phi"
"http://dbpedia.org/ontology/wikiPageWikiLink","http://dbpedia.org/resource/Category:2020_deaths"
"http://dbpedia.org/ontology/wikiPageWikiLink","http://dbpedia.org/resource/Category:University_of_the_Philippines_alumni"
"http://dbpedia.org/ontology/wikiPageWikiLink","http://dbpedia.org/resource/Category:1923_births"
"http://dbpedia.org/ontology/wikiPageWikiLink","http://dbpedia.org/resource/Category:University_of_the_Philippines_College_of_Law_alumni"
"http://dbpedia.org/ontology/wikiPageWikiLink","http://dbpedia.org/resource/Category:20th-century_Filipino_lawyers"
"http://dbpedia.org/ontology/wikiPageWikiLink","http://dbpedia.org/resource/Constitutional_Convention_(Philippines)"
"http://dbpedia.org/ontology/wikiPageWikiLink","http://dbpedia.org/resource/Presidency_of_Ferdinand_Marcos"
"http://dbpedia.org/ontology/wikiPageWikiLink","http://dbpedia.org/resource/List_of_federal_judges_appointed_by_George_W._Bush"
"http://dbpedia.org/ontology/wikiPageWikiLink","http://dbpedia.org/resource/George_W._Bush"
"http://dbpedia.org/ontology/wikiPageWikiLink","http://dbpedia.org/resource/New_Jersey"
"http://dbpedia.org/ontology/wikiPageWikiLink","http://dbpedia.org/resource/Master_of_Arts"
"http://dbpedia.org/ontology/wikiPageWikiLink","http://dbpedia.org/resource/Ohio_State_University"
"http://dbpedia.org/ontology/wikiPageWikiLink","http://dbpedia.org/resource/University_of_Chicago"
"http://dbpedia.org/ontology/wikiPageWikiLink","http://dbpedia.org/resource/Assistant_United_States_Attorney"
"http://dbpedia.org/ontology/wikiPageWikiLink","http://dbpedia.org/resource/Bellevue,_Ohio"
"http://dbpedia.org/ontology/wikiPageWikiLink","http://dbpedia.org/resource/William_H._Walls"
"http://dbpedia.org/ontology/wikiPageWikiLink","http://dbpedia.org/resource/Category:1960_births"
"http://dbpedia.org/ontology/wikiPageWikiLink","http://dbpedia.org/resource/Category:Rutgers_School_of_Law–Newark_alumni"
"http://dbpedia.org/ontology/wikiPageWikiLink","http://dbpedia.org/resource/Category:Ohio_State_University_alumni"
"http://dbpedia.org/ontology/wikiPageWikiLink","http://dbpedia.org/resource/Category:University_of_Chicago_alumni"
"http://dbpedia.org/ontology/wikiPageWikiLink","http://dbpedia.org/resource/Category:Judges_of_the_United_States_District_Court_for_the_District_of_New_Jersey"
"http://dbpedia.org/ontology/wikiPageWikiLink","http://dbpedia.org/resource/Category:United_States_district_court_judges_appointed_by_George_W._Bush"
"http://dbpedia.org/ontology/wikiPageWikiLink","http://dbpedia.org/resource/Category:People_from_Bellevue,_Ohio"
"http://dbpedia.org/ontology/wikiPageWikiLink","http://dbpedia.org/resource/Category:Rutgers_University_alumni"
"http://dbpedia.org/ontology/wikiPageWikiLink","http://dbpedia.org/resource/Category:Assistant_United_States_Attorneys"
"http://dbpedia.org/ontology/wikiPageWikiLink","http://dbpedia.org/resource/Category:21st-century_American_women_judges"
"http://dbpedia.org/ontology/wikiPageWikiLink","http://dbpedia.org/resource/Rutgers_School_of_Law–Newark"
"http://dbpedia.org/ontology/wikiPageWikiLink","http://dbpedia.org/resource/Garrett_E._Brown,_Jr."
"http://dbpedia.org/ontology/wikiPageWikiLink","http://dbpedia.org/resource/Category:1963_births"
"http://dbpedia.org/ontology/wikiPageWikiLink","http://dbpedia.org/resource/Category:People_from_Shenyang"
"http://dbpedia.org/ontology/wikiPageWikiLink","http://dbpedia.org/resource/Chinese_Communist_Party"
"http://dbpedia.org/ontology/wikiPageWikiLink","http://dbpedia.org/resource/Shenyang"
"http://dbpedia.org/ontology/wikiPageWikiLink","http://dbpedia.org/resource/Peking_University"
"http://dbpedia.org/ontology/wikiPageWikiLink","http://dbpedia.org/resource/Liaoning"
"http://dbpedia.org/ontology/wikiPageWikiLink","http://dbpedia.org/resource/Tongji_University"
"http://dbpedia.org/ontology/wikiPageWikiLink","http://dbpedia.org/resource/Capital_Normal_University"
"http://dbpedia.org/ontology/wikiPageWikiLink","http://dbpedia.org/resource/Wang_(surname)"
"http://dbpedia.org/ontology/wikiPageWikiLink","http://dbpedia.org/resource/University_of_International_Relations"
"http://dbpedia.org/ontology/wikiPageWikiLink","http://dbpedia.org/resource/Embassy_of_China,_London"
"http://dbpedia.org/ontology/wikiPageWikiLink","http://dbpedia.org/resource/China_Foreign_Affairs_University"
"http://dbpedia.org/ontology/wikiPageWikiLink","http://dbpedia.org/resource/Category:Peking_University_alumni"
"http://dbpedia.org/ontology/wikiPageWikiLink","http://dbpedia.org/resource/Category:China_Foreign_Affairs_University_alumni"
"http://dbpedia.org/ontology/wikiPageWikiLink","http://dbpedia.org/resource/Category:Presidents_of_China_Foreign_Affairs_University"
"http://dbpedia.org/ontology/wikiPageWikiLink","http://dbpedia.org/resource/Category:University_of_International_Relations_alumni"
"http://dbpedia.org/ontology/wikiPageWikiLink","http://dbpedia.org/resource/Category:Diplomats_of_the_People's_Republic_of_China"
"http://dbpedia.org/ontology/wikiPageWikiLink","http://dbpedia.org/resource/Category:21st-century_Chinese_educators"
"http://dbpedia.org/ontology/wikiPageWikiLink","http://dbpedia.org/resource/Category:Tongji_University_faculty"
"http://dbpedia.org/ontology/wikiPageWikiLink","http://dbpedia.org/resource/Chris_Korwin-Kuczynski"
"http://dbpedia.org/ontology/wikiPageWikiLink","http://dbpedia.org/resource/Sylvia_Watson"
"http://dbpedia.org/ontology/wikiPageWikiLink","http://dbpedia.org/resource/Ontario"
"http://dbpedia.org/ontology/wikiPageWikiLink","http://dbpedia.org/resource/Toronto"
"http://dbpedia.org/ontology/wikiPageWikiLink","http://dbpedia.org/resource/Liberal_Party_of_Canada"
"http://dbpedia.org/ontology/wikiPageWikiLink","http://dbpedia.org/resource/Rutgers_University"
"http://dbpedia.org/ontology/wikiPageWikiLink","http://dbpedia.org/resource/Toronto_City_Council"
"http://dbpedia.org/ontology/wikiPageWikiLink","http://dbpedia.org/resource/Category:Progressive_Conservative_Party_of_Ontario_candidates_in_Ontario_provincial_elections"
"http://dbpedia.org/ontology/wikiPageWikiLink","http://dbpedia.org/resource/Master's_degree"
"http://dbpedia.org/ontology/wikiPageWikiLink","http://dbpedia.org/resource/University_of_Western_Ontario"
"http://dbpedia.org/ontology/wikiPageWikiLink","http://dbpedia.org/resource/Progressive_Conservative_Party_of_Ontario"
"http://dbpedia.org/ontology/wikiPageWikiLink","http://dbpedia.org/resource/Public_administration"
"http://dbpedia.org/ontology/wikiPageWikiLink","http://dbpedia.org/resource/David_Miller_(Canadian_politician)"
"http://dbpedia.org/ontology/wikiPageWikiLink","http://dbpedia.org/resource/Legislative_Assembly_of_Ontario"
"http://dbpedia.org/ontology/wikiPageWikiLink","http://dbpedia.org/resource/1994_Toronto_municipal_election"
"http://dbpedia.org/ontology/wikiPageWikiLink","http://dbpedia.org/resource/2006_Liberal_Party_of_Canada_leadership_election"
"http://dbpedia.org/ontology/wikiPageWikiLink","http://dbpedia.org/resource/By-election"
"http://dbpedia.org/ontology/wikiPageWikiLink","http://dbpedia.org/resource/2007_Ontario_general_election"
"http://dbpedia.org/ontology/wikiPageWikiLink","http://dbpedia.org/resource/Cheri_DiNovo"
"http://dbpedia.org/ontology/wikiPageWikiLink","http://dbpedia.org/resource/Gerard_Kennedy"
"http://dbpedia.org/ontology/wikiPageWikiLink","http://dbpedia.org/resource/Toronto_Sun"
"http://dbpedia.org/ontology/wikiPageWikiLink","http://dbpedia.org/resource/Ministry_of_Education_(Ontario)"
"http://dbpedia.org/ontology/wikiPageWikiLink","http://dbpedia.org/resource/Category:Toronto_city_councillors"
"http://dbpedia.org/ontology/wikiPageWikiLink","http://dbpedia.org/resource/Category:University_of_Western_Ontario_alumni"
"http://dbpedia.org/ontology/wikiPageWikiLink","http://dbpedia.org/resource/Parkdale—High_Park"
"http://dbpedia.org/ontology/wikiPageWikiLink","http://dbpedia.org/resource/Constituency"
"http://dbpedia.org/ontology/wikiPageWikiLink","http://dbpedia.org/resource/Toronto_City_Councillor"
"http://dbpedia.org/ontology/wikiPageWikiLink","http://dbpedia.org/resource/William_Boytchuk"
"http://dbpedia.org/ontology/wikiPageWikiLink","http://dbpedia.org/resource/Outokumpu,_Finland"
"http://dbpedia.org/ontology/wikiPageWikiLink","http://dbpedia.org/resource/Finland"
"http://dbpedia.org/ontology/wikiPageWikiLink","http://dbpedia.org/resource/North_Karelia"
"http://dbpedia.org/ontology/wikiPageWikiLink","http://dbpedia.org/resource/Parliament_of_Finland"
"http://dbpedia.org/ontology/wikiPageWikiLink","http://dbpedia.org/resource/Category:Centre_Party_(Finland)_politicians"
"http://dbpedia.org/ontology/wikiPageWikiLink","http://dbpedia.org/resource/Category:People_from_Outokumpu"
"http://dbpedia.org/ontology/wikiPageWikiLink","http://dbpedia.org/resource/Centre_Party_(Finland)"
"http://dbpedia.org/ontology/wikiPageWikiLink","http://dbpedia.org/resource/Category:Women_members_of_the_Parliament_of_Finland"
"http://dbpedia.org/ontology/wikiPageWikiLink","http://dbpedia.org/resource/Category:21st-century_Finnish_women_politicians"
"http://dbpedia.org/ontology/wikiPageWikiLink","http://dbpedia.org/resource/Savonia-Karelia_(constituency)"
"http://dbpedia.org/ontology/wikiPageWikiLink","http://dbpedia.org/resource/Category:Members_of_the_Parliament_of_Finland_(2019–23)"
"http://dbpedia.org/ontology/wikiPageWikiLink","http://dbpedia.org/resource/Texas"
"http://dbpedia.org/ontology/wikiPageWikiLink","http://dbpedia.org/resource/Joe_Adame"
"http://dbpedia.org/ontology/wikiPageWikiLink","http://dbpedia.org/resource/Corpus_Christi,_Texas"
"http://dbpedia.org/ontology/wikiPageWikiLink","http://dbpedia.org/resource/Category:Mayors_of_Corpus_Christi,_Texas"
"http://dbpedia.org/ontology/wikiPageWikiLink","http://dbpedia.org/resource/Jim_Waring"
"http://dbpedia.org/ontology/wikiPageWikiLink","http://dbpedia.org/resource/Alaska"
"http://dbpedia.org/ontology/wikiPageWikiLink","http://dbpedia.org/resource/Arizona"
"http://dbpedia.org/ontology/wikiPageWikiLink","http://dbpedia.org/resource/New_York_City"
"http://dbpedia.org/ontology/wikiPageWikiLink","http://dbpedia.org/resource/Washington_(state)"
"http://dbpedia.org/ontology/wikiPageWikiLink","http://dbpedia.org/resource/George_Washington_University"
"http://dbpedia.org/ontology/wikiPageWikiLink","http://dbpedia.org/resource/Phoenix,_Arizona"
"http://dbpedia.org/ontology/wikiPageWikiLink","http://dbpedia.org/resource/Colorado_College"
"http://dbpedia.org/ontology/wikiPageWikiLink","http://dbpedia.org/resource/Fennemore_Craig"
"http://dbpedia.org/ontology/wikiPageWikiLink","http://dbpedia.org/resource/Colorado_Springs,_Colorado"
"http://dbpedia.org/ontology/wikiPageWikiLink","http://dbpedia.org/resource/Tulsa,_Oklahoma"
"http://dbpedia.org/ontology/wikiPageWikiLink","http://dbpedia.org/resource/Dan_Quayle"
"http://dbpedia.org/ontology/wikiPageWikiLink","http://dbpedia.org/resource/New_York_Law_School"
"http://dbpedia.org/ontology/wikiPageWikiLink","http://dbpedia.org/resource/Ben_Quayle"
"http://dbpedia.org/ontology/wikiPageWikiLink","http://dbpedia.org/resource/Arizona's_3rd_congressional_district"
"http://dbpedia.org/ontology/wikiPageWikiLink","http://dbpedia.org/resource/Gary_Hart"
"http://dbpedia.org/ontology/wikiPageWikiLink","http://dbpedia.org/resource/John_Shadegg"
"http://dbpedia.org/ontology/wikiPageWikiLink","http://dbpedia.org/resource/Category:Arizona_Democrats"
"http://dbpedia.org/ontology/wikiPageWikiLink","http://dbpedia.org/resource/Democratic_Congressional_Campaign_Committee"
"http://dbpedia.org/ontology/wikiPageWikiLink","http://dbpedia.org/resource/Pamela_Gorman"
"http://dbpedia.org/ontology/wikiPageWikiLink","http://dbpedia.org/resource/Paradise_Valley,_Arizona"
"http://dbpedia.org/ontology/wikiPageWikiLink","http://dbpedia.org/resource/Elliott_School_of_International_Affairs"
"http://dbpedia.org/ontology/wikiPageWikiLink","http://dbpedia.org/resource/Category:Lawyers_from_Phoenix,_Arizona"
"http://dbpedia.org/ontology/wikiPageWikiLink","http://dbpedia.org/resource/Category:Businesspeople_from_Phoenix,_Arizona"
"http://dbpedia.org/ontology/wikiPageWikiLink","http://dbpedia.org/resource/On_the_Record_w/_Greta_Van_Susteren"
"http://dbpedia.org/ontology/wikiPageWikiLink","http://dbpedia.org/resource/U.S._House_of_Representatives"
"http://dbpedia.org/ontology/wikiPageWikiLink","http://dbpedia.org/resource/United_States_of_America"
"http://dbpedia.org/ontology/wikiPageWikiLink","http://dbpedia.org/resource/Longshoreman"
"http://dbpedia.org/ontology/wikiPageWikiLink","http://dbpedia.org/resource/Bar_Exam"
"http://dbpedia.org/ontology/wikiPageWikiLink","http://dbpedia.org/resource/OpenSecrets.org"
"http://dbpedia.org/ontology/wikiPageWikiLink","http://dbpedia.org/resource/U.S._House_election,_2010"
"http://dbpedia.org/ontology/wikiPageWikiLink","http://dbpedia.org/resource/Masters_in_International_Affairs"
"http://dbpedia.org/ontology/wikiPageWikiLink","http://dbpedia.org/resource/Arkansas"
"http://dbpedia.org/ontology/wikiPageWikiLink","http://dbpedia.org/resource/Category:People_from_Texarkana,_Arkansas"
"http://dbpedia.org/ontology/wikiPageWikiLink","http://dbpedia.org/resource/Abortion"
"http://dbpedia.org/ontology/wikiPageWikiLink","http://dbpedia.org/resource/Knoxville,_Tennessee"
"http://dbpedia.org/ontology/wikiPageWikiLink","http://dbpedia.org/resource/Rest_area"
"http://dbpedia.org/ontology/wikiPageWikiLink","http://dbpedia.org/resource/Fetus"
"http://dbpedia.org/ontology/wikiPageWikiLink","http://dbpedia.org/resource/University_of_Tennessee"
"http://dbpedia.org/ontology/wikiPageWikiLink","http://dbpedia.org/resource/Dentist"
"http://dbpedia.org/ontology/wikiPageWikiLink","http://dbpedia.org/resource/Arkansas_House_of_Representatives"
"http://dbpedia.org/ontology/wikiPageWikiLink","http://dbpedia.org/resource/General_election"
"http://dbpedia.org/ontology/wikiPageWikiLink","http://dbpedia.org/resource/2004_Republican_National_Convention"
"http://dbpedia.org/ontology/wikiPageWikiLink","http://dbpedia.org/resource/Republican_National_Convention"
"http://dbpedia.org/ontology/wikiPageWikiLink","http://dbpedia.org/resource/Texarkana,_Arkansas"
"http://dbpedia.org/ontology/wikiPageWikiLink","http://dbpedia.org/resource/Arkansas's_1st_House_of_Representatives_district"
"http://dbpedia.org/ontology/wikiPageWikiLink","http://dbpedia.org/resource/Miller_County,_Arkansas"
"http://dbpedia.org/ontology/wikiPageWikiLink","http://dbpedia.org/resource/Carol_Dalby"
"http://dbpedia.org/ontology/wikiPageWikiLink","http://dbpedia.org/resource/Category:1951_births"
"http://dbpedia.org/ontology/wikiPageWikiLink","http://dbpedia.org/resource/Category:Arkansas_Republicans"
"http://dbpedia.org/ontology/wikiPageWikiLink","http://dbpedia.org/resource/2008_Republican_National_Convention"
"http://dbpedia.org/ontology/wikiPageWikiLink","http://dbpedia.org/resource/Steve_Harrelson"
"http://dbpedia.org/ontology/wikiPageWikiLink","http://dbpedia.org/resource/Felony"
"http://dbpedia.org/ontology/wikiPageWikiLink","http://dbpedia.org/resource/Category:University_of_Tennessee_alumni"
"http://dbpedia.org/ontology/wikiPageWikiLink","http://dbpedia.org/resource/Category:21st-century_American_politicians"
"http://dbpedia.org/ontology/wikiPageWikiLink","http://dbpedia.org/resource/Category:Members_of_the_Arkansas_House_of_Representatives"
"http://dbpedia.org/ontology/wikiPageWikiLink","http://dbpedia.org/resource/Category:Women_state_legislators_in_Arkansas"
"http://dbpedia.org/ontology/wikiPageWikiLink","http://dbpedia.org/resource/Category:21st-century_American_women_politicians"
"http://dbpedia.org/ontology/wikiPageWikiLink","http://dbpedia.org/resource/Category:Members_of_the_Arkansas_State_Highway_Commission"
"http://dbpedia.org/ontology/wikiPageWikiLink","http://dbpedia.org/resource/Arkansas_State_Highway_Commission"
"http://dbpedia.org/ontology/wikiPageWikiLink","http://dbpedia.org/resource/Category:Baptists_from_Arkansas"
"http://dbpedia.org/ontology/wikiPageWikiLink","http://dbpedia.org/resource/Baptist"
"http://dbpedia.org/ontology/wikiPageWikiLink","http://dbpedia.org/resource/Arkansas_Highway_549"
"http://dbpedia.org/ontology/wikiPageWikiLink","http://dbpedia.org/resource/Arkansas_Highway_245"
"http://dbpedia.org/ontology/wikiPageWikiLink","http://dbpedia.org/resource/Chinese_People's_Political_Consultative_Conference"
"http://dbpedia.org/ontology/wikiPageWikiLink","http://dbpedia.org/resource/Tibet_Autonomous_Region"
"http://dbpedia.org/ontology/wikiPageWikiLink","http://dbpedia.org/resource/Tibetan_people"
"http://dbpedia.org/ontology/wikiPageWikiLink","http://dbpedia.org/resource/Category:Sichuan_University_alumni"
"http://dbpedia.org/ontology/wikiPageWikiLink","http://dbpedia.org/resource/Pagbalha_Geleg_Namgyai"
"http://dbpedia.org/ontology/wikiPageWikiLink","http://dbpedia.org/resource/Sichuan_University"
"http://dbpedia.org/ontology/wikiPageWikiLink","http://dbpedia.org/resource/Nagqu"
"http://dbpedia.org/ontology/wikiPageWikiLink","http://dbpedia.org/resource/United_Front_Work_Department"
"http://dbpedia.org/ontology/wikiPageWikiLink","http://dbpedia.org/resource/Jomda_County"
"http://dbpedia.org/ontology/wikiPageWikiLink","http://dbpedia.org/resource/Nyima_County"
"http://dbpedia.org/ontology/wikiPageWikiLink","http://dbpedia.org/resource/20th_Central_Committee_of_the_Chinese_Communist_Party"
"http://dbpedia.org/ontology/wikiPageWikiLink","http://dbpedia.org/resource/Minzu_University_of_China"
"http://dbpedia.org/ontology/wikiPageWikiLink","http://dbpedia.org/resource/Category:Minzu_University_of_China_alumni"
"http://dbpedia.org/ontology/wikiPageWikiLink","http://dbpedia.org/resource/Category:People_from_Jomda_County"
"http://dbpedia.org/ontology/wikiPageWikiLink","http://dbpedia.org/resource/Category:Chinese_Communist_Party_politicians_from_Tibet"
"http://dbpedia.org/ontology/wikiPageWikiLink","http://dbpedia.org/resource/Category:Central_Party_School_of_the_Chinese_Communist_Party_alumni"
"http://dbpedia.org/ontology/wikiPageWikiLink","http://dbpedia.org/resource/Chinese_Communist_Party_Deputy_Committee_Secretary"
"http://dbpedia.org/ontology/wikiPageWikiLink","http://dbpedia.org/resource/Category:People's_Republic_of_China_politicians_from_Tibet"
"http://dbpedia.org/ontology/wikiPageWikiLink","http://dbpedia.org/resource/Central_Party_School_of_the_Chinese_Communist_Party"
"http://dbpedia.org/ontology/wikiPageWikiLink","http://dbpedia.org/resource/Category:Alternate_members_of_the_20th_Central_Committee_of_the_Chinese_Communist_Party"
"http://dbpedia.org/ontology/wikiPageWikiLink","http://dbpedia.org/resource/Ministry_of_Culture_and_Tourism_of_the_People's_Republic_of_China"
"http://dbpedia.org/ontology/wikiPageWikiLink","http://dbpedia.org/resource/Seni_District"
"http://dbpedia.org/ontology/wikiPageWikiLink","http://dbpedia.org/resource/Loyola_Law_School"
"http://dbpedia.org/ontology/wikiPageWikiLink","http://dbpedia.org/resource/University_of_California,_Berkeley"
"http://dbpedia.org/ontology/wikiPageWikiLink","http://dbpedia.org/resource/United_States_magistrate_judge"
"http://dbpedia.org/ontology/wikiPageWikiLink","http://dbpedia.org/resource/Edward_R._Roybal_Federal_Building_and_United_States_Courthouse"
"http://dbpedia.org/ontology/wikiPageWikiLink","http://dbpedia.org/resource/United_States_District_Court_for_the_Central_District_of_California"
"http://dbpedia.org/ontology/wikiPageWikiLink","http://dbpedia.org/resource/Category:Loyola_Law_School_alumni"
"http://dbpedia.org/ontology/wikiPageWikiLink","http://dbpedia.org/resource/Category:American_women_judges"
"http://dbpedia.org/ontology/wikiPageWikiLink","http://dbpedia.org/resource/Category:University_of_California,_Berkeley_alumni"
"http://dbpedia.org/ontology/wikiPageWikiLink","http://dbpedia.org/resource/Los_Angeles,_California"
"http://dbpedia.org/ontology/wikiPageWikiLink","http://dbpedia.org/resource/United_States_Magistrate_Judge"
"http://dbpedia.org/ontology/wikiPageWikiLink","http://dbpedia.org/resource/Member_of_Parliament,_Lok_Sabha"
"http://dbpedia.org/ontology/wikiPageWikiLink","http://dbpedia.org/resource/Malabar_Coast"
"http://dbpedia.org/ontology/wikiPageWikiLink","http://dbpedia.org/resource/Coimbatore"
"http://dbpedia.org/ontology/wikiPageWikiLink","http://dbpedia.org/resource/Gulf_War"
"http://dbpedia.org/ontology/wikiPageWikiLink","http://dbpedia.org/resource/Indian_National_Congress"
"http://dbpedia.org/ontology/wikiPageWikiLink","http://dbpedia.org/resource/Indian_people"
"http://dbpedia.org/ontology/wikiPageWikiLink","http://dbpedia.org/resource/Madras_Presidency"
"http://dbpedia.org/ontology/wikiPageWikiLink","http://dbpedia.org/resource/Madras_Christian_College"
"http://dbpedia.org/ontology/wikiPageWikiLink","http://dbpedia.org/resource/Panniyankara"
"http://dbpedia.org/ontology/wikiPageWikiLink","http://dbpedia.org/resource/Kozhikode_district"
"http://dbpedia.org/ontology/wikiPageWikiLink","http://dbpedia.org/resource/Praja_Socialist_Party"
"http://dbpedia.org/ontology/wikiPageWikiLink","http://dbpedia.org/resource/Congress_(Secular)"
"http://dbpedia.org/ontology/wikiPageWikiLink","http://dbpedia.org/resource/Indian_National_Congress_(U)"
"http://dbpedia.org/ontology/wikiPageWikiLink","http://dbpedia.org/resource/Public_Accounts_Committee_(India)"
"http://dbpedia.org/ontology/wikiPageWikiLink","http://dbpedia.org/resource/Mathrubhumi"
"http://dbpedia.org/ontology/wikiPageWikiLink","http://dbpedia.org/resource/Category:India_MPs_1971–1977"
"http://dbpedia.org/ontology/wikiPageWikiLink","http://dbpedia.org/resource/Category:India_MPs_1977–1979"
"http://dbpedia.org/ontology/wikiPageWikiLink","http://dbpedia.org/resource/Category:India_MPs_1980–1984"
"http://dbpedia.org/ontology/wikiPageWikiLink","http://dbpedia.org/resource/Category:India_MPs_1984–1989"
"http://dbpedia.org/ontology/wikiPageWikiLink","http://dbpedia.org/resource/Category:India_MPs_1989–1991"
"http://dbpedia.org/ontology/wikiPageWikiLink","http://dbpedia.org/resource/All_India_Congress_Committee"
"http://dbpedia.org/ontology/wikiPageWikiLink","http://dbpedia.org/resource/1990_airlift_of_Indians_from_Kuwait"
"http://dbpedia.org/ontology/wikiPageWikiLink","http://dbpedia.org/resource/Category:India_MPs_1991–1996"
"http://dbpedia.org/ontology/wikiPageWikiLink","http://dbpedia.org/resource/Category:Lok_Sabha_members_from_Kerala"
"http://dbpedia.org/ontology/wikiPageWikiLink","http://dbpedia.org/resource/Category:Praja_Socialist_Party_politicians"
"http://dbpedia.org/ontology/wikiPageWikiLink","http://dbpedia.org/resource/Category:1936_births"
"http://dbpedia.org/ontology/wikiPageWikiLink","http://dbpedia.org/resource/Category:People_from_Kozhikode_district"
"http://dbpedia.org/ontology/wikiPageWikiLink","http://dbpedia.org/resource/Category:Indian_National_Congress_politicians_from_Kerala"
"http://dbpedia.org/ontology/wikiPageWikiLink","http://dbpedia.org/resource/Category:People_from_Coimbatore"
"http://dbpedia.org/ontology/wikiPageWikiLink","http://dbpedia.org/resource/Category:Indian_Congress_(Socialist)_politicians"
"http://dbpedia.org/ontology/wikiPageWikiLink","http://dbpedia.org/resource/Category:Indian_National_Congress_(U)_politicians"
"http://dbpedia.org/ontology/wikiPageWikiLink","http://dbpedia.org/resource/British_India"
"http://dbpedia.org/ontology/wikiPageWikiLink","http://dbpedia.org/resource/Vatakara_(Lok_Sabha_constituency)"
"http://dbpedia.org/ontology/wikiPageWikiLink","http://dbpedia.org/resource/Indian_National_Congress_(I)"
"http://dbpedia.org/ontology/wikiPageWikiLink","http://dbpedia.org/resource/Vishwanath_Pratap_Singh_ministry"
"http://dbpedia.org/ontology/wikiPageWikiLink","http://dbpedia.org/resource/British_Columbia"
"http://dbpedia.org/ontology/wikiPageWikiLink","http://dbpedia.org/resource/North_Vancouver_(city)"
"http://dbpedia.org/ontology/wikiPageWikiLink","http://dbpedia.org/resource/Cycling_infrastructure"
"http://dbpedia.org/ontology/wikiPageWikiLink","http://dbpedia.org/resource/Category:People_from_North_Vancouver"
"http://dbpedia.org/ontology/wikiPageWikiLink","http://dbpedia.org/resource/Category:1982_births"
"http://dbpedia.org/ontology/wikiPageWikiLink","http://dbpedia.org/resource/Category:British_Columbia_municipal_councillors"
"http://dbpedia.org/ontology/wikiPageWikiLink","http://dbpedia.org/resource/Category:Date_of_birth_missing_(living_people)"
"http://dbpedia.org/ontology/wikiPageWikiLink","http://dbpedia.org/resource/South_Africa"
"http://dbpedia.org/ontology/wikiPageWikiLink","http://dbpedia.org/resource/Johannesburg"
"http://dbpedia.org/ontology/wikiPageWikiLink","http://dbpedia.org/resource/Democratic_Alliance_(South_Africa)"
"http://dbpedia.org/ontology/wikiPageWikiLink","http://dbpedia.org/resource/Louis_Trichardt"
"http://dbpedia.org/ontology/wikiPageWikiLink","http://dbpedia.org/resource/Category:South_African_people_of_Mozambican_descent"
"http://dbpedia.org/ontology/wikiPageWikiLink","http://dbpedia.org/resource/City_of_Johannesburg_Metropolitan_Municipality"
"http://dbpedia.org/ontology/wikiPageWikiLink","http://dbpedia.org/resource/Speaker_(politics)"
"http://dbpedia.org/ontology/wikiPageWikiLink","http://dbpedia.org/resource/Mmusi_Maimane"
"http://dbpedia.org/ontology/wikiPageWikiLink","http://dbpedia.org/resource/Constance_Bapela"
"http://dbpedia.org/ontology/wikiPageWikiLink","http://dbpedia.org/resource/Category:Democratic_Alliance_(South_Africa)_politicians"
"http://dbpedia.org/ontology/wikiPageWikiLink","http://dbpedia.org/resource/Category:People_from_Johannesburg"
"http://dbpedia.org/ontology/wikiPageWikiLink","http://dbpedia.org/resource/Category:People_from_Alexandra,_Gauteng"
"http://dbpedia.org/ontology/wikiPageWikiLink","http://dbpedia.org/resource/Category:People_from_Louis_Trichardt"
"http://dbpedia.org/ontology/wikiPageWikiLink","http://dbpedia.org/resource/Transvaal_Province"
"http://dbpedia.org/ontology/wikiPageWikiLink","http://dbpedia.org/resource/Category:Coloured_South_African_people"
"http://dbpedia.org/ontology/wikiPageWikiLink","http://dbpedia.org/resource/Colleen_Makhubela"
"http://dbpedia.org/ontology/wikiPageWikiLink","http://dbpedia.org/resource/Category:21st-century_Pakistani_women_politicians"
"http://dbpedia.org/ontology/wikiPageWikiLink","http://dbpedia.org/resource/National_Assembly_of_Pakistan"
"http://dbpedia.org/ontology/wikiPageWikiLink","http://dbpedia.org/resource/Balochistan,_Pakistan"
"http://dbpedia.org/ontology/wikiPageWikiLink","http://dbpedia.org/resource/2008_Pakistani_general_election"
"http://dbpedia.org/ontology/wikiPageWikiLink","http://dbpedia.org/resource/Category:Women_members_of_the_National_Assembly_of_Pakistan"
"http://dbpedia.org/ontology/wikiPageWikiLink","http://dbpedia.org/resource/Pakistan_Peoples_Party"
"http://dbpedia.org/ontology/wikiPageWikiLink","http://dbpedia.org/resource/Belize"
"http://dbpedia.org/ontology/wikiPageWikiLink","http://dbpedia.org/resource/Fidesz"
"http://dbpedia.org/ontology/wikiPageWikiLink","http://dbpedia.org/resource/Eger"
"http://dbpedia.org/ontology/wikiPageWikiLink","http://dbpedia.org/resource/Heves_County"
"http://dbpedia.org/ontology/wikiPageWikiLink","http://dbpedia.org/resource/Hatvan"
"http://dbpedia.org/ontology/wikiPageWikiLink","http://dbpedia.org/resource/Magyar_Nemzet"
"http://dbpedia.org/ontology/wikiPageWikiLink","http://dbpedia.org/resource/Category:Hungarian_agronomists"
"http://dbpedia.org/ontology/wikiPageWikiLink","http://dbpedia.org/resource/Category:Members_of_the_National_Assembly_of_Hungary_(2014–2018)"
"http://dbpedia.org/ontology/wikiPageWikiLink","http://dbpedia.org/resource/Category:People_from_Eger"
"http://dbpedia.org/ontology/wikiPageWikiLink","http://dbpedia.org/resource/Category:Mayors_of_places_in_Hungary"
"http://dbpedia.org/ontology/wikiPageWikiLink","http://dbpedia.org/resource/Category:Members_of_the_National_Assembly_of_Hungary_(2010–2014)"
"http://dbpedia.org/ontology/wikiPageWikiLink","http://dbpedia.org/resource/Category:Fidesz_politicians"
"http://dbpedia.org/ontology/wikiPageWikiLink","http://dbpedia.org/resource/Category:Members_of_the_National_Assembly_of_Hungary_(2018–2022)"
"http://dbpedia.org/ontology/wikiPageWikiLink","http://dbpedia.org/resource/Category:Members_of_the_National_Assembly_of_Hungary_(2022–2026)"
"http://dbpedia.org/ontology/wikiPageWikiLink","http://dbpedia.org/resource/National_Assembly_of_Hungary"
"http://dbpedia.org/ontology/wikiPageWikiLink","http://dbpedia.org/resource/People's_Republic_of_Hungary"
"http://dbpedia.org/ontology/wikiPageWikiLink","http://dbpedia.org/resource/Abdullah_of_Pahang"
"http://dbpedia.org/ontology/wikiPageWikiLink","http://dbpedia.org/resource/University_of_Hull"
"http://dbpedia.org/ontology/wikiPageWikiLink","http://dbpedia.org/resource/Malaysia"
"http://dbpedia.org/ontology/wikiPageWikiLink","http://dbpedia.org/resource/United_Kingdom"
"http://dbpedia.org/ontology/wikiPageWikiLink","http://dbpedia.org/resource/Mahathir_Mohamad"
"http://dbpedia.org/ontology/wikiPageWikiLink","http://dbpedia.org/resource/Category:Malaysian_people_of_Malay_descent"
"http://dbpedia.org/ontology/wikiPageWikiLink","http://dbpedia.org/resource/Orders,_decorations,_and_medals_of_Pahang"
"http://dbpedia.org/ontology/wikiPageWikiLink","http://dbpedia.org/resource/Board_of_directors"
"http://dbpedia.org/ontology/wikiPageWikiLink","http://dbpedia.org/resource/Federation_of_Malaya"
"http://dbpedia.org/ontology/wikiPageWikiLink","http://dbpedia.org/resource/Secretary"
"http://dbpedia.org/ontology/wikiPageWikiLink","http://dbpedia.org/resource/Employees_Provident_Fund_(Malaysia)"
"http://dbpedia.org/ontology/wikiPageWikiLink","http://dbpedia.org/resource/Retirement_Fund_(Incorporated)"
"http://dbpedia.org/ontology/wikiPageWikiLink","http://dbpedia.org/resource/Tenaga_Nasional"
"http://dbpedia.org/ontology/wikiPageWikiLink","http://dbpedia.org/resource/Muhammad_V_of_Kelantan"
"http://dbpedia.org/ontology/wikiPageWikiLink","http://dbpedia.org/resource/Glorious_Order_of_the_Crown_of_Kedah"
"http://dbpedia.org/ontology/wikiPageWikiLink","http://dbpedia.org/resource/Order_of_Loyalty_to_the_Royal_House_of_Kedah"
"http://dbpedia.org/ontology/wikiPageWikiLink","http://dbpedia.org/resource/Asri_Hamidon"
"http://dbpedia.org/ontology/wikiPageWikiLink","http://dbpedia.org/resource/National_Institute_of_Public_Administration_(Malaysia)"
"http://dbpedia.org/ontology/wikiPageWikiLink","http://dbpedia.org/resource/Central_Bank_of_Malaysia"
"http://dbpedia.org/ontology/wikiPageWikiLink","http://dbpedia.org/resource/Diploma"
"http://dbpedia.org/ontology/wikiPageWikiLink","http://dbpedia.org/resource/Permodalan_Nasional_Berhad"
"http://dbpedia.org/ontology/wikiPageWikiLink","http://dbpedia.org/resource/Order_of_Loyalty_to_the_Crown_of_Malaysia"
"http://dbpedia.org/ontology/wikiPageWikiLink","http://dbpedia.org/resource/Non-executive_director"
"http://dbpedia.org/ontology/wikiPageWikiLink","http://dbpedia.org/resource/Tabung_Haji"
"http://dbpedia.org/ontology/wikiPageWikiLink","http://dbpedia.org/resource/Order_of_Sultan_Ahmad_Shah_of_Pahang"
"http://dbpedia.org/ontology/wikiPageWikiLink","http://dbpedia.org/resource/Universiti_Teknologi_MARA"
"http://dbpedia.org/ontology/wikiPageWikiLink","http://dbpedia.org/resource/Chief_Secretary_to_the_Government_of_Malaysia"
"http://dbpedia.org/ontology/wikiPageWikiLink","http://dbpedia.org/resource/Ex_officio_member"
"http://dbpedia.org/ontology/wikiPageWikiLink","http://dbpedia.org/resource/Amiruddin_Hamzah"
"http://dbpedia.org/ontology/wikiPageWikiLink","http://dbpedia.org/resource/Lim_Guan_Eng"
"http://dbpedia.org/ontology/wikiPageWikiLink","http://dbpedia.org/resource/List_of_post-nominal_letters_(Malacca)"
"http://dbpedia.org/ontology/wikiPageWikiLink","http://dbpedia.org/resource/Ministry_of_Finance_(Malaysia)"
"http://dbpedia.org/ontology/wikiPageWikiLink","http://dbpedia.org/resource/Ismail_Bakar"
"http://dbpedia.org/ontology/wikiPageWikiLink","http://dbpedia.org/resource/Category:Commanders_of_the_Order_of_Loyalty_to_the_Crown_of_Malaysia"
"http://dbpedia.org/ontology/wikiPageWikiLink","http://dbpedia.org/resource/Category:Government_of_Malaysia"
"http://dbpedia.org/ontology/wikiPageWikiLink","http://dbpedia.org/resource/Category:Alumni_of_the_University_of_Hull"
"http://dbpedia.org/ontology/wikiPageWikiLink","http://dbpedia.org/resource/File:Order_of_Loyalty_to_the_Crown_of_Malaysia_-_PSM.svg"
"http://dbpedia.org/ontology/wikiPageWikiLink","http://dbpedia.org/resource/Chairman"
"http://dbpedia.org/ontology/wikiPageWikiLink","http://dbpedia.org/resource/Malay_titles"
"http://dbpedia.org/ontology/wikiPageWikiLink","http://dbpedia.org/resource/File:MY-KED_Glorious_Order_of_the_Crown_of_Kedah_-_Knight_Commander_(DGMK).svg"
"http://dbpedia.org/ontology/wikiPageWikiLink","http://dbpedia.org/resource/File:MY-KED_Order_of_Loyalty_to_the_Royal_House_of_Kedah_-_Knight_Companion_(DSDK).svg"
"http://dbpedia.org/ontology/wikiPageWikiLink","http://dbpedia.org/resource/File:MY-PAH_Order_of_Sultan_Ahmad_Shah_of_Pahang_-_Grand_Knight_-_SSAP.svg"
"http://dbpedia.org/ontology/wikiPageWikiLink","http://dbpedia.org/resource/File:Darjah_Pangkuan_Seri_Melaka.png"
"http://dbpedia.org/ontology/wikiPageWikiLink","http://dbpedia.org/resource/Chhattisgarh"
"http://dbpedia.org/ontology/wikiPageWikiLink","http://dbpedia.org/resource/Mayor"
"http://dbpedia.org/ontology/wikiPageWikiLink","http://dbpedia.org/resource/Raipur"
"http://dbpedia.org/ontology/wikiPageWikiLink","http://dbpedia.org/resource/Raipur_Municipal_Corporation"
"http://dbpedia.org/ontology/wikiPageWikiLink","http://dbpedia.org/resource/Category:20th-century_Indian_politicians"
"http://dbpedia.org/ontology/wikiPageWikiLink","http://dbpedia.org/resource/Category:1976_births"
"http://dbpedia.org/ontology/wikiPageWikiLink","http://dbpedia.org/resource/Category:Indian_National_Congress_politicians_from_Chhattisgarh"
"http://dbpedia.org/ontology/wikiPageWikiLink","http://dbpedia.org/resource/1st_Congressional_District_of_Kansas"
"http://dbpedia.org/ontology/wikiPageWikiLink","http://dbpedia.org/resource/Czechs"
"http://dbpedia.org/ontology/wikiPageWikiLink","http://dbpedia.org/resource/Category:People_from_Salina,_Kansas"
"http://dbpedia.org/ontology/wikiPageWikiLink","http://dbpedia.org/resource/University_of_South_Carolina"
"http://dbpedia.org/ontology/wikiPageWikiLink","http://dbpedia.org/resource/Commissioner"
"http://dbpedia.org/ontology/wikiPageWikiLink","http://dbpedia.org/resource/Salina,_Kansas"
"http://dbpedia.org/ontology/wikiPageWikiLink","http://dbpedia.org/resource/Kansas_State_University"
"http://dbpedia.org/ontology/wikiPageWikiLink","http://dbpedia.org/resource/University_of_Notre_Dame"
"http://dbpedia.org/ontology/wikiPageWikiLink","http://dbpedia.org/resource/Kansas's_4th_congressional_district"
"http://dbpedia.org/ontology/wikiPageWikiLink","http://dbpedia.org/resource/2010_United_States_House_of_Representatives_elections_in_Kansas"
"http://dbpedia.org/ontology/wikiPageWikiLink","http://dbpedia.org/resource/Dan_Glickman"
"http://dbpedia.org/ontology/wikiPageWikiLink","http://dbpedia.org/resource/Tim_Huelskamp"
"http://dbpedia.org/ontology/wikiPageWikiLink","http://dbpedia.org/resource/Category:American_people_of_Czech_descent"
"http://dbpedia.org/ontology/wikiPageWikiLink","http://dbpedia.org/resource/Category:1962_births"
"http://dbpedia.org/ontology/wikiPageWikiLink","http://dbpedia.org/resource/Category:Kansas_Democrats"
"http://dbpedia.org/ontology/wikiPageWikiLink","http://dbpedia.org/resource/Category:Mayors_of_places_in_Kansas"
"http://dbpedia.org/ontology/wikiPageWikiLink","http://dbpedia.org/resource/Roman_Catholic"
"http://dbpedia.org/ontology/wikiPageWikiLink","http://dbpedia.org/resource/Comparative_Literature"
"http://dbpedia.org/ontology/wikiPageWikiLink","http://dbpedia.org/resource/Guadalajara,_Mexico"
"http://dbpedia.org/ontology/wikiPageWikiLink","http://dbpedia.org/resource/M.A."
"http://dbpedia.org/ontology/wikiPageWikiLink","http://dbpedia.org/resource/United_Capital"
"http://dbpedia.org/ontology/wikiPageWikiLink","http://dbpedia.org/resource/Rio_De_Janeiro,_Brazil"
"http://dbpedia.org/ontology/wikiPageWikiLink","http://dbpedia.org/resource/University_of_Florida"
"http://dbpedia.org/ontology/wikiPageWikiLink","http://dbpedia.org/resource/Federal_Maritime_Commission"
"http://dbpedia.org/ontology/wikiPageWikiLink","http://dbpedia.org/resource/Category:People_from_Florida"
"http://dbpedia.org/ontology/wikiPageWikiLink","http://dbpedia.org/resource/Category:1961_births"
"http://dbpedia.org/ontology/wikiPageWikiLink","http://dbpedia.org/resource/Category:Federal_Maritime_Commission_members"
"http://dbpedia.org/ontology/wikiPageWikiLink","http://dbpedia.org/resource/Category:Florida_Republicans"
"http://dbpedia.org/ontology/wikiPageWikiLink","http://dbpedia.org/resource/Category:George_W._Bush_administration_personnel"
"http://dbpedia.org/ontology/wikiPageWikiLink","http://dbpedia.org/resource/Category:University_of_Florida_alumni"
"http://dbpedia.org/ontology/wikiPageWikiLink","http://dbpedia.org/resource/Category:Harvard_Graduate_School_of_Arts_and_Sciences_alumni"
"http://dbpedia.org/ontology/wikiPageWikiLink","http://dbpedia.org/resource/Phoenix_Gazette"
"http://dbpedia.org/ontology/wikiPageWikiLink","http://dbpedia.org/resource/Safety"
"http://dbpedia.org/ontology/wikiPageWikiLink","http://dbpedia.org/resource/Trumpism"
"http://dbpedia.org/ontology/wikiPageWikiLink","http://dbpedia.org/resource/Columbia_University"
"http://dbpedia.org/ontology/wikiPageWikiLink","http://dbpedia.org/resource/Prescott,_Arizona"
"http://dbpedia.org/ontology/wikiPageWikiLink","http://dbpedia.org/resource/Steve_Forbes"
"http://dbpedia.org/ontology/wikiPageWikiLink","http://dbpedia.org/resource/Arizona_State_University"
"http://dbpedia.org/ontology/wikiPageWikiLink","http://dbpedia.org/resource/Master_of_Public_Administration"
"http://dbpedia.org/ontology/wikiPageWikiLink","http://dbpedia.org/resource/Natural_gas"
"http://dbpedia.org/ontology/wikiPageWikiLink","http://dbpedia.org/resource/John_McCain"
"http://dbpedia.org/ontology/wikiPageWikiLink","http://dbpedia.org/resource/Political_science"
"http://dbpedia.org/ontology/wikiPageWikiLink","http://dbpedia.org/resource/Renewable_energy"
"http://dbpedia.org/ontology/wikiPageWikiLink","http://dbpedia.org/resource/Sandra_Day_O'Connor_College_of_Law"
"http://dbpedia.org/ontology/wikiPageWikiLink","http://dbpedia.org/resource/Harry_S._Truman_Scholarship"
"http://dbpedia.org/ontology/wikiPageWikiLink","http://dbpedia.org/resource/2022_Arizona_Attorney_General_election"
"http://dbpedia.org/ontology/wikiPageWikiLink","http://dbpedia.org/resource/Brenda_Burns"
"http://dbpedia.org/ontology/wikiPageWikiLink","http://dbpedia.org/resource/Gary_Pierce"
"http://dbpedia.org/ontology/wikiPageWikiLink","http://dbpedia.org/resource/Katie_Hobbs"
"http://dbpedia.org/ontology/wikiPageWikiLink","http://dbpedia.org/resource/Arizona_Attorney_General"
"http://dbpedia.org/ontology/wikiPageWikiLink","http://dbpedia.org/resource/Arizona_Corporation_Commission"
"http://dbpedia.org/ontology/wikiPageWikiLink","http://dbpedia.org/resource/Pipeline_transport"
"http://dbpedia.org/ontology/wikiPageWikiLink","http://dbpedia.org/resource/Publisher"
"http://dbpedia.org/ontology/wikiPageWikiLink","http://dbpedia.org/resource/Category:Sandra_Day_O'Connor_College_of_Law_alumni"
"http://dbpedia.org/ontology/wikiPageWikiLink","http://dbpedia.org/resource/Category:American_newspaper_reporters_and_correspondents"
"http://dbpedia.org/ontology/wikiPageWikiLink","http://dbpedia.org/resource/Category:Arizona_Republicans"
"http://dbpedia.org/ontology/wikiPageWikiLink","http://dbpedia.org/resource/Graduate_school"
"http://dbpedia.org/ontology/wikiPageWikiLink","http://dbpedia.org/resource/Arizona_State_University_Tempe_campus"
"http://dbpedia.org/ontology/wikiPageWikiLink","http://dbpedia.org/resource/Mark_Brnovich"
"http://dbpedia.org/ontology/wikiPageWikiLink","http://dbpedia.org/resource/Mike_Gleason_(politician)"
"http://dbpedia.org/ontology/wikiPageWikiLink","http://dbpedia.org/resource/2000_United_States_presidential_election"
"http://dbpedia.org/ontology/wikiPageWikiLink","http://dbpedia.org/resource/The_Arizona_Republic"
"http://dbpedia.org/ontology/wikiPageWikiLink","http://dbpedia.org/resource/Valedictorian"
"http://dbpedia.org/ontology/wikiPageWikiLink","http://dbpedia.org/resource/2004_United_States_elections"
"http://dbpedia.org/ontology/wikiPageWikiLink","http://dbpedia.org/resource/Prescott_High_School_(Arizona)"
"http://dbpedia.org/ontology/wikiPageWikiLink","http://dbpedia.org/resource/Category:Arizona_State_University_alumni"
"http://dbpedia.org/ontology/wikiPageWikiLink","http://dbpedia.org/resource/Category:1971_births"
"http://dbpedia.org/ontology/wikiPageWikiLink","http://dbpedia.org/resource/Category:Women_in_Arizona_politics"
"http://dbpedia.org/ontology/wikiPageWikiLink","http://dbpedia.org/resource/Category:School_of_International_and_Public_Affairs,_Columbia_University_alumni"
"http://dbpedia.org/ontology/wikiPageWikiLink","http://dbpedia.org/resource/Category:Politicians_from_Prescott,_Arizona"
"http://dbpedia.org/ontology/wikiPageWikiLink","http://dbpedia.org/resource/Arizona_Legislature"
"http://dbpedia.org/ontology/wikiPageWikiLink","http://dbpedia.org/resource/Editor_in_chief"
"http://dbpedia.org/ontology/wikiPageWikiLink","http://dbpedia.org/resource/Libertarian_Party_of_Arizona"
"http://dbpedia.org/ontology/wikiPageWikiLink","http://dbpedia.org/resource/Magna_cum_laude"
"http://dbpedia.org/ontology/wikiPageWikiLink","http://dbpedia.org/resource/State_Press"
"http://dbpedia.org/ontology/wikiPageWikiLink","http://dbpedia.org/resource/Category:Arizona_Attorneys_General"
"http://dbpedia.org/ontology/wikiPageWikiLink","http://dbpedia.org/resource/Category:1955_births"
"http://dbpedia.org/ontology/wikiPageWikiLink","http://dbpedia.org/resource/University_of_Port_Harcourt"
"http://dbpedia.org/ontology/wikiPageWikiLink","http://dbpedia.org/resource/University_of_Ibadan"
"http://dbpedia.org/ontology/wikiPageWikiLink","http://dbpedia.org/resource/Okrika"
"http://dbpedia.org/ontology/wikiPageWikiLink","http://dbpedia.org/resource/Petroleum_engineering"
"http://dbpedia.org/ontology/wikiPageWikiLink","http://dbpedia.org/resource/Government_Comprehensive_Secondary_School"
"http://dbpedia.org/ontology/wikiPageWikiLink","http://dbpedia.org/resource/Category:Educators_from_Rivers_State"
"http://dbpedia.org/ontology/wikiPageWikiLink","http://dbpedia.org/resource/Category:Engineers_from_Rivers_State"
"http://dbpedia.org/ontology/wikiPageWikiLink","http://dbpedia.org/resource/Category:Nigerian_educational_theorists"
"http://dbpedia.org/ontology/wikiPageWikiLink","http://dbpedia.org/resource/Category:People_from_Okrika"
"http://dbpedia.org/ontology/wikiPageWikiLink","http://dbpedia.org/resource/Vice-chancellor_(education)"
"http://dbpedia.org/ontology/wikiPageWikiLink","http://dbpedia.org/resource/Rivers_State,_Nigeria"
"http://dbpedia.org/ontology/wikiPageWikiLink","http://dbpedia.org/resource/Borokiri,_Port_Harcourt"
"http://dbpedia.org/ontology/wikiPageWikiLink","http://dbpedia.org/resource/List_of_vice_chancellors_in_Nigeria"
"http://dbpedia.org/ontology/wikiPageWikiLink","http://dbpedia.org/resource/Category:University_of_Ibadan_faculty"
"http://dbpedia.org/ontology/wikiPageWikiLink","http://dbpedia.org/resource/Category:University_of_Port_Harcourt_faculty"
"http://dbpedia.org/ontology/wikiPageWikiLink","http://dbpedia.org/resource/Category:University_of_Lagos_faculty"
"http://dbpedia.org/ontology/wikiPageWikiLink","http://dbpedia.org/resource/Buenavista,_Bohol"
"http://dbpedia.org/ontology/wikiPageWikiLink","http://dbpedia.org/resource/Getafe,_Bohol"
"http://dbpedia.org/ontology/wikiPageWikiLink","http://dbpedia.org/resource/Roberto_Cajes"
"http://dbpedia.org/ontology/wikiPageWikiLink","http://dbpedia.org/resource/Trinidad,_Bohol"
"http://dbpedia.org/ontology/wikiPageWikiLink","http://dbpedia.org/resource/Getafe"
"http://dbpedia.org/ontology/wikiPageWikiLink","http://dbpedia.org/resource/Bohol"
"http://dbpedia.org/ontology/wikiPageWikiLink","http://dbpedia.org/resource/Category:Lakas–CMD_(1991)_politicians"
"http://dbpedia.org/ontology/wikiPageWikiLink","http://dbpedia.org/resource/Category:Mayors_of_places_in_Bohol"
"http://dbpedia.org/ontology/wikiPageWikiLink","http://dbpedia.org/resource/Category:People_from_Bohol"
"http://dbpedia.org/ontology/wikiPageWikiLink","http://dbpedia.org/resource/Category:Women_mayors_of_places_in_the_Philippines"
"http://dbpedia.org/ontology/wikiPageWikiLink","http://dbpedia.org/resource/Lakas-Christian_Muslim_Democrats"
"http://dbpedia.org/ontology/wikiPageWikiLink","http://dbpedia.org/resource/Jane_Censoria_Cajes"
"http://dbpedia.org/ontology/wikiPageWikiLink","http://dbpedia.org/resource/Karnataka"
"http://dbpedia.org/ontology/wikiPageWikiLink","http://dbpedia.org/resource/Parliament_of_India"
"http://dbpedia.org/ontology/wikiPageWikiLink","http://dbpedia.org/resource/Category:India_MPs_1957–1962"
"http://dbpedia.org/ontology/wikiPageWikiLink","http://dbpedia.org/resource/Category:Lok_Sabha_members_from_Karnataka"
"http://dbpedia.org/ontology/wikiPageWikiLink","http://dbpedia.org/resource/Category:Year_of_death_missing"
"http://dbpedia.org/ontology/wikiPageWikiLink","http://dbpedia.org/resource/S._V._Krishnamoorthy_Rao"
"http://dbpedia.org/ontology/wikiPageWikiLink","http://dbpedia.org/resource/Category:India_MPs_1952–1957"
"http://dbpedia.org/ontology/wikiPageWikiLink","http://dbpedia.org/resource/Category:1901_births"
"http://dbpedia.org/ontology/wikiPageWikiLink","http://dbpedia.org/resource/Category:Indian_National_Congress_politicians"
"http://dbpedia.org/ontology/wikiPageWikiLink","http://dbpedia.org/resource/Shimoga_(Lok_Sabha_constituency)"
"http://dbpedia.org/ontology/wikiPageWikiLink","http://dbpedia.org/resource/Nigerian_Copyright_Commission"
"http://dbpedia.org/ontology/wikiPageWikiLink","http://dbpedia.org/resource/Zaria"
"http://dbpedia.org/ontology/wikiPageWikiLink","http://dbpedia.org/resource/Lagos"
"http://dbpedia.org/ontology/wikiPageWikiLink","http://dbpedia.org/resource/Category:People_from_Kebbi_State"
"http://dbpedia.org/ontology/wikiPageWikiLink","http://dbpedia.org/resource/Madrasa"
"http://dbpedia.org/ontology/wikiPageWikiLink","http://dbpedia.org/resource/Nasarawa_State"
"http://dbpedia.org/ontology/wikiPageWikiLink","http://dbpedia.org/resource/Goodluck_Jonathan"
"http://dbpedia.org/ontology/wikiPageWikiLink","http://dbpedia.org/resource/Barewa_College"
"http://dbpedia.org/ontology/wikiPageWikiLink","http://dbpedia.org/resource/Birnin_Kebbi"
"http://dbpedia.org/ontology/wikiPageWikiLink","http://dbpedia.org/resource/University_of_Jos"
"http://dbpedia.org/ontology/wikiPageWikiLink","http://dbpedia.org/resource/All_People's_Party_(Nigeria)"
"http://dbpedia.org/ontology/wikiPageWikiLink","http://dbpedia.org/resource/Advocate"
"http://dbpedia.org/ontology/wikiPageWikiLink","http://dbpedia.org/resource/Muslims"
"http://dbpedia.org/ontology/wikiPageWikiLink","http://dbpedia.org/resource/Nigerian_Law_School"
"http://dbpedia.org/ontology/wikiPageWikiLink","http://dbpedia.org/resource/Peoples_Democratic_Party_(Nigeria)"
"http://dbpedia.org/ontology/wikiPageWikiLink","http://dbpedia.org/resource/Sokoto"
"http://dbpedia.org/ontology/wikiPageWikiLink","http://dbpedia.org/resource/Kebbi_State"
"http://dbpedia.org/ontology/wikiPageWikiLink","http://dbpedia.org/resource/Ramadan"
"http://dbpedia.org/ontology/wikiPageWikiLink","http://dbpedia.org/resource/Emir"
"http://dbpedia.org/ontology/wikiPageWikiLink","http://dbpedia.org/resource/Federal_Correctional_Institution,_Danbury"
"http://dbpedia.org/ontology/wikiPageWikiLink","http://dbpedia.org/resource/Boko_Haram_insurgency"
"http://dbpedia.org/ontology/wikiPageWikiLink","http://dbpedia.org/resource/Boko_Haram"
"http://dbpedia.org/ontology/wikiPageWikiLink","http://dbpedia.org/resource/Ceasefire"
"http://dbpedia.org/ontology/wikiPageWikiLink","http://dbpedia.org/resource/Bar_(law)"
"http://dbpedia.org/ontology/wikiPageWikiLink","http://dbpedia.org/resource/United_Nigeria_Congress_Party"
"http://dbpedia.org/ontology/wikiPageWikiLink","http://dbpedia.org/resource/Gwandu"
"http://dbpedia.org/ontology/wikiPageWikiLink","http://dbpedia.org/resource/Fifth_column"
"http://dbpedia.org/ontology/wikiPageWikiLink","http://dbpedia.org/resource/House_system"
"http://dbpedia.org/ontology/wikiPageWikiLink","http://dbpedia.org/resource/Head_girl_and_head_boy"
"http://dbpedia.org/ontology/wikiPageWikiLink","http://dbpedia.org/resource/United_Nigeria_People's_Party"
"http://dbpedia.org/ontology/wikiPageWikiLink","http://dbpedia.org/resource/Amnesty"
"http://dbpedia.org/ontology/wikiPageWikiLink","http://dbpedia.org/resource/Timekeeper"
"http://dbpedia.org/ontology/wikiPageWikiLink","http://dbpedia.org/resource/Afenifere"
"http://dbpedia.org/ontology/wikiPageWikiLink","http://dbpedia.org/resource/Federal_Ministry_of_Labour_and_Employment_(Nigeria)"
"http://dbpedia.org/ontology/wikiPageWikiLink","http://dbpedia.org/resource/Nigerian_Bar_Association"
"http://dbpedia.org/ontology/wikiPageWikiLink","http://dbpedia.org/resource/National_Party_of_Nigeria"
"http://dbpedia.org/ontology/wikiPageWikiLink","http://dbpedia.org/resource/Category:Nigerian_Muslims"
"http://dbpedia.org/ontology/wikiPageWikiLink","http://dbpedia.org/resource/Deradicalization"
"http://dbpedia.org/ontology/wikiPageWikiLink","http://dbpedia.org/resource/Category:Government_ministers_of_Nigeria"
"http://dbpedia.org/ontology/wikiPageWikiLink","http://dbpedia.org/resource/Category:Peoples_Democratic_Party_(Nigeria)_politicians"
"http://dbpedia.org/ontology/wikiPageWikiLink","http://dbpedia.org/resource/Category:20th-century_Nigerian_lawyers"
"http://dbpedia.org/ontology/wikiPageWikiLink","http://dbpedia.org/resource/Category:University_of_Jos_alumni"
"http://dbpedia.org/ontology/wikiPageWikiLink","http://dbpedia.org/resource/People's_Democratic_Party_(Nigeria)"
"http://dbpedia.org/ontology/wikiPageWikiLink","http://dbpedia.org/resource/Federal_Ministry_of_Labour_and_Employment"
"http://dbpedia.org/ontology/wikiPageWikiLink","http://dbpedia.org/resource/Insurgent"
"http://dbpedia.org/ontology/wikiPageWikiLink","http://dbpedia.org/resource/Alhaji_Tanimu_Turaki"
"http://dbpedia.org/ontology/wikiPageWikiLink","http://dbpedia.org/resource/Young_Farmers'_Club,_Nigeria"
"http://dbpedia.org/ontology/wikiPageWikiLink","http://dbpedia.org/resource/Jaswant_Singh_Yadav"
"http://dbpedia.org/ontology/wikiPageWikiLink","http://dbpedia.org/resource/Mahant_Chandnath"
"http://dbpedia.org/ontology/wikiPageWikiLink","http://dbpedia.org/resource/Rajasthan"
"http://dbpedia.org/ontology/wikiPageWikiLink","http://dbpedia.org/resource/Cardiac_arrest"
"http://dbpedia.org/ontology/wikiPageWikiLink","http://dbpedia.org/resource/Jaipur"
"http://dbpedia.org/ontology/wikiPageWikiLink","http://dbpedia.org/resource/Bikaner"
"http://dbpedia.org/ontology/wikiPageWikiLink","http://dbpedia.org/resource/16th_Lok_Sabha"
"http://dbpedia.org/ontology/wikiPageWikiLink","http://dbpedia.org/resource/Category:India_MPs_2004–2009"
"http://dbpedia.org/ontology/wikiPageWikiLink","http://dbpedia.org/resource/Category:India_MPs_2014–2019"
"http://dbpedia.org/ontology/wikiPageWikiLink","http://dbpedia.org/resource/Category:Lok_Sabha_members_from_Rajasthan"
"http://dbpedia.org/ontology/wikiPageWikiLink","http://dbpedia.org/resource/Category:Rajasthani_politicians"
"http://dbpedia.org/ontology/wikiPageWikiLink","http://dbpedia.org/resource/Jitendra_Singh_(Congress_politician)"
"http://dbpedia.org/ontology/wikiPageWikiLink","http://dbpedia.org/resource/Alwar_(Lok_Sabha_Constituency)"
"http://dbpedia.org/ontology/wikiPageWikiLink","http://dbpedia.org/resource/Balak_Nath"
"http://dbpedia.org/ontology/wikiPageWikiLink","http://dbpedia.org/resource/Category:People_from_Alwar_district"
"http://dbpedia.org/ontology/wikiPageWikiLink","http://dbpedia.org/resource/Category:People_from_Bikaner"
"http://dbpedia.org/ontology/wikiPageWikiLink","http://dbpedia.org/resource/Category:Indian_National_Congress_politicians_from_Rajasthan"
"http://dbpedia.org/ontology/wikiPageWikiLink","http://dbpedia.org/resource/Alwar_(Lok_Sabha_constituency)"
"http://dbpedia.org/ontology/wikiPageWikiLink","http://dbpedia.org/resource/University_of_Connecticut"
"http://dbpedia.org/ontology/wikiPageWikiLink","http://dbpedia.org/resource/Duluth,_Minnesota"
"http://dbpedia.org/ontology/wikiPageWikiLink","http://dbpedia.org/resource/Memphis,_Tennessee"
"http://dbpedia.org/ontology/wikiPageWikiLink","http://dbpedia.org/resource/Michael_Chekhov"
"http://dbpedia.org/ontology/wikiPageWikiLink","http://dbpedia.org/resource/University_of_Kansas"
"http://dbpedia.org/ontology/wikiPageWikiLink","http://dbpedia.org/resource/Kennesaw,_Georgia"
"http://dbpedia.org/ontology/wikiPageWikiLink","http://dbpedia.org/resource/Somerville,_Tennessee"
"http://dbpedia.org/ontology/wikiPageWikiLink","http://dbpedia.org/resource/University_of_Minnesota_Duluth"
"http://dbpedia.org/ontology/wikiPageWikiLink","http://dbpedia.org/resource/Emporia_State_University"
"http://dbpedia.org/ontology/wikiPageWikiLink","http://dbpedia.org/resource/Emporia,_Kansas"
"http://dbpedia.org/ontology/wikiPageWikiLink","http://dbpedia.org/resource/Kennesaw_State_University"
"http://dbpedia.org/ontology/wikiPageWikiLink","http://dbpedia.org/resource/University_of_Tennessee_at_Martin"
"http://dbpedia.org/ontology/wikiPageWikiLink","http://dbpedia.org/resource/Category:1952_births"
"http://dbpedia.org/ontology/wikiPageWikiLink","http://dbpedia.org/resource/Category:Kennesaw_State_University"
"http://dbpedia.org/ontology/wikiPageWikiLink","http://dbpedia.org/resource/Category:Emporia_State_University"
"http://dbpedia.org/ontology/wikiPageWikiLink","http://dbpedia.org/resource/Category:University_of_Minnesota_Duluth_faculty"
"http://dbpedia.org/ontology/wikiPageWikiLink","http://dbpedia.org/resource/Category:University_of_Kansas_alumni"
"http://dbpedia.org/ontology/wikiPageWikiLink","http://dbpedia.org/resource/University_of_Tennessee_Martin"
"http://dbpedia.org/ontology/wikiPageWikiLink","http://dbpedia.org/resource/Houston"
"http://dbpedia.org/ontology/wikiPageWikiLink","http://dbpedia.org/resource/University_of_Houston"
"http://dbpedia.org/ontology/wikiPageWikiLink","http://dbpedia.org/resource/Harris_County,_Texas"
"http://dbpedia.org/ontology/wikiPageWikiLink","http://dbpedia.org/resource/Cypress-Fairbanks_Independent_School_District"
"http://dbpedia.org/ontology/wikiPageWikiLink","http://dbpedia.org/resource/Texas_Freedom_Network"
"http://dbpedia.org/ontology/wikiPageWikiLink","http://dbpedia.org/resource/Jon_Rosenthal"
"http://dbpedia.org/ontology/wikiPageWikiLink","http://dbpedia.org/resource/Category:1991_births"
"http://dbpedia.org/ontology/wikiPageWikiLink","http://dbpedia.org/resource/Category:Texas_Democrats"
"http://dbpedia.org/ontology/wikiPageWikiLink","http://dbpedia.org/resource/Category:University_of_Houston_alumni"
"http://dbpedia.org/ontology/wikiPageWikiLink","http://dbpedia.org/resource/New_Leaders_Council"
"http://dbpedia.org/ontology/wikiPageWikiLink","http://dbpedia.org/resource/Category:People_from_Harris_County,_Texas"
"http://dbpedia.org/ontology/wikiPageWikiLink","http://dbpedia.org/resource/Houston,_Texas"
"http://dbpedia.org/ontology/wikiPageWikiLink","http://dbpedia.org/resource/Rapid_Action_Battalion"
"http://dbpedia.org/ontology/wikiPageWikiLink","http://dbpedia.org/resource/Defence_Services_Command_and_Staff_College_(Bangladesh)"
"http://dbpedia.org/ontology/wikiPageWikiLink","http://dbpedia.org/resource/University_of_Madras"
"http://dbpedia.org/ontology/wikiPageWikiLink","http://dbpedia.org/resource/Directorate_General_of_Forces_Intelligence"
"http://dbpedia.org/ontology/wikiPageWikiLink","http://dbpedia.org/resource/Sheikh_Mujibur_Rahman"
"http://dbpedia.org/ontology/wikiPageWikiLink","http://dbpedia.org/resource/Border_Guard_Bangladesh"
"http://dbpedia.org/ontology/wikiPageWikiLink","http://dbpedia.org/resource/Narayanganj_District"
"http://dbpedia.org/ontology/wikiPageWikiLink","http://dbpedia.org/resource/School_of_Infantry_and_Tactics"
"http://dbpedia.org/ontology/wikiPageWikiLink","http://dbpedia.org/resource/Bangladesh_Army"
"http://dbpedia.org/ontology/wikiPageWikiLink","http://dbpedia.org/resource/Special_Security_Force"
"http://dbpedia.org/ontology/wikiPageWikiLink","http://dbpedia.org/resource/Bangladesh_Military_Academy"
"http://dbpedia.org/ontology/wikiPageWikiLink","http://dbpedia.org/resource/National_University,_Bangladesh"
"http://dbpedia.org/ontology/wikiPageWikiLink","http://dbpedia.org/resource/Category:Bangladesh_Army_generals"
"http://dbpedia.org/ontology/wikiPageWikiLink","http://dbpedia.org/resource/Category:People_from_Narayanganj_District"
"http://dbpedia.org/ontology/wikiPageWikiLink","http://dbpedia.org/resource/Major_General"
"http://dbpedia.org/ontology/wikiPageWikiLink","http://dbpedia.org/resource/File:08.maj_gen_Bd.jpg"
"http://dbpedia.org/ontology/wikiPageWikiLink","http://dbpedia.org/resource/File:Two_star.jpg"
"http://dbpedia.org/ontology/wikiPageWikiLink","http://dbpedia.org/resource/Jurist"
"http://dbpedia.org/ontology/wikiPageWikiLink","http://dbpedia.org/resource/University_of_Toronto"
"http://dbpedia.org/ontology/wikiPageWikiLink","http://dbpedia.org/resource/Osgoode_Hall_Law_School"
"http://dbpedia.org/ontology/wikiPageWikiLink","http://dbpedia.org/resource/University_of_Oxford"
"http://dbpedia.org/ontology/wikiPageWikiLink","http://dbpedia.org/resource/Order_of_Canada"
"http://dbpedia.org/ontology/wikiPageWikiLink","http://dbpedia.org/resource/Canadian_Confederation"
"http://dbpedia.org/ontology/wikiPageWikiLink","http://dbpedia.org/resource/Canadian_Opera_Company"
"http://dbpedia.org/ontology/wikiPageWikiLink","http://dbpedia.org/resource/McCarthy_Tétrault"
"http://dbpedia.org/ontology/wikiPageWikiLink","http://dbpedia.org/resource/Category:Osgoode_Hall_Law_School_alumni"
"http://dbpedia.org/ontology/wikiPageWikiLink","http://dbpedia.org/resource/Category:Alumni_of_the_University_of_Oxford"
"http://dbpedia.org/ontology/wikiPageWikiLink","http://dbpedia.org/resource/Delta_Kappa_Epsilon"
"http://dbpedia.org/ontology/wikiPageWikiLink","http://dbpedia.org/resource/Pierre_Genest"
"http://dbpedia.org/ontology/wikiPageWikiLink","http://dbpedia.org/resource/University_of_Toronto_Schools"
"http://dbpedia.org/ontology/wikiPageWikiLink","http://dbpedia.org/resource/Category:University_of_Toronto_alumni"
"http://dbpedia.org/ontology/wikiPageWikiLink","http://dbpedia.org/resource/Category:Members_of_the_Order_of_Canada"
"http://dbpedia.org/ontology/wikiPageWikiLink","http://dbpedia.org/resource/Category:Canadian_King's_Counsel"
"http://dbpedia.org/ontology/wikiPageWikiLink","http://dbpedia.org/resource/Category:Lawyers_in_Ontario"
"http://dbpedia.org/ontology/wikiPageWikiLink","http://dbpedia.org/resource/Category:Businesspeople_from_Toronto"
"http://dbpedia.org/ontology/wikiPageWikiLink","http://dbpedia.org/resource/Queen's_Counsel"
"http://dbpedia.org/ontology/wikiPageWikiLink","http://dbpedia.org/resource/Treasurer_of_the_Law_Society_of_Upper_Canada"
"http://dbpedia.org/ontology/wikiPageWikiLink","http://dbpedia.org/resource/Bank_of_Nova_Scotia"
"http://dbpedia.org/ontology/wikiPageWikiLink","http://dbpedia.org/resource/List_of_Treasurers_of_the_Law_Society_of_Upper_Canada"
"http://dbpedia.org/ontology/wikiPageWikiLink","http://dbpedia.org/resource/Category:People_from_Nowshera_District"
"http://dbpedia.org/ontology/wikiPageWikiLink","http://dbpedia.org/resource/Category:Punjabi-language_writers"
"http://dbpedia.org/ontology/wikiPageWikiLink","http://dbpedia.org/resource/Category:Sikh_writers"
"http://dbpedia.org/ontology/wikiPageWikiLink","http://dbpedia.org/resource/Nowshera,_Jammu_and_Kashmir"
"http://dbpedia.org/ontology/wikiPageWikiLink","http://dbpedia.org/resource/Category:1926_deaths"
"http://dbpedia.org/ontology/wikiPageWikiLink","http://dbpedia.org/resource/Category:1865_births"
"http://dbpedia.org/ontology/wikiPageWikiLink","http://dbpedia.org/resource/Prahlad_Singh"
"http://dbpedia.org/ontology/wikiPageWikiLink","http://dbpedia.org/resource/Member_of_the_Legislative_Assembly_(India)"
"http://dbpedia.org/ontology/wikiPageWikiLink","http://dbpedia.org/resource/Ramban_district"
"http://dbpedia.org/ontology/wikiPageWikiLink","http://dbpedia.org/resource/2008_Jammu_and_Kashmir_Legislative_Assembly_election"
"http://dbpedia.org/ontology/wikiPageWikiLink","http://dbpedia.org/resource/Jammu_and_Kashmir_Legislative_Assembly"
"http://dbpedia.org/ontology/wikiPageWikiLink","http://dbpedia.org/resource/Category:1958_births"
"http://dbpedia.org/ontology/wikiPageWikiLink","http://dbpedia.org/resource/Category:Jammu_and_Kashmir_MLAs_2008–2014"
"http://dbpedia.org/ontology/wikiPageWikiLink","http://dbpedia.org/resource/Category:Indian_National_Congress_politicians_from_Jammu_and_Kashmir"
"http://dbpedia.org/ontology/wikiPageWikiLink","http://dbpedia.org/resource/Uttar_Pradesh_Legislative_Assembly"
"http://dbpedia.org/ontology/wikiPageWikiLink","http://dbpedia.org/resource/Agriculturist"
"http://dbpedia.org/ontology/wikiPageWikiLink","http://dbpedia.org/resource/Jalalabad,_Shamli"
"http://dbpedia.org/ontology/wikiPageWikiLink","http://dbpedia.org/resource/Rashtriya_Lok_Dal"
"http://dbpedia.org/ontology/wikiPageWikiLink","http://dbpedia.org/resource/Suresh_Rana"
"http://dbpedia.org/ontology/wikiPageWikiLink","http://dbpedia.org/resource/18th_Uttar_Pradesh_Assembly"
"http://dbpedia.org/ontology/wikiPageWikiLink","http://dbpedia.org/resource/Shamli_district"
"http://dbpedia.org/ontology/wikiPageWikiLink","http://dbpedia.org/resource/Category:1972_births"
"http://dbpedia.org/ontology/wikiPageWikiLink","http://dbpedia.org/resource/Category:Rashtriya_Lok_Dal_politicians"
"http://dbpedia.org/ontology/wikiPageWikiLink","http://dbpedia.org/resource/Category:Uttar_Pradesh_MLAs_2022–2027"
"http://dbpedia.org/ontology/wikiPageWikiLink","http://dbpedia.org/resource/Thana_Bhawan_(Assembly_constituency)"
"http://dbpedia.org/ontology/wikiPageWikiLink","http://dbpedia.org/resource/Pakistan_Bar_Council"
"http://dbpedia.org/ontology/wikiPageWikiLink","http://dbpedia.org/resource/Asif_Ali_Zardari"
"http://dbpedia.org/ontology/wikiPageWikiLink","http://dbpedia.org/resource/President_(corporate_title)"
"http://dbpedia.org/ontology/wikiPageWikiLink","http://dbpedia.org/resource/Category:People_from_Lahore"
"http://dbpedia.org/ontology/wikiPageWikiLink","http://dbpedia.org/resource/Nawaz_Sharif"
"http://dbpedia.org/ontology/wikiPageWikiLink","http://dbpedia.org/resource/Lahore_High_Court_Bar_Association"
"http://dbpedia.org/ontology/wikiPageWikiLink","http://dbpedia.org/resource/Supreme_Court_Bar_Association_of_Pakistan"
"http://dbpedia.org/ontology/wikiPageWikiLink","http://dbpedia.org/resource/Akhtar_Aly_Kureshy"
"http://dbpedia.org/ontology/wikiPageWikiLink","http://dbpedia.org/resource/Kamran_Murtaza"
"http://dbpedia.org/ontology/wikiPageWikiLink","http://dbpedia.org/resource/Punjab_Bar_Council"
"http://dbpedia.org/ontology/wikiPageWikiLink","http://dbpedia.org/resource/Category:Year_of_birth_missing"
"http://dbpedia.org/ontology/wikiPageWikiLink","http://dbpedia.org/resource/Category:Chairmen_of_the_Pakistan_Bar_Council"
"http://dbpedia.org/ontology/wikiPageWikiLink","http://dbpedia.org/resource/Category:Presidents_of_the_Supreme_Court_Bar_Association_of_Pakistan"
"http://dbpedia.org/ontology/wikiPageWikiLink","http://dbpedia.org/resource/File:Flag_of_Pakistan.svg"
"http://dbpedia.org/ontology/wikiPageWikiLink","http://dbpedia.org/resource/Category:Pakistani_democracy_activists"
"http://dbpedia.org/ontology/wikiPageWikiLink","http://dbpedia.org/resource/Pakistani_people"
"http://dbpedia.org/ontology/wikiPageWikiLink","http://dbpedia.org/resource/File:Group_of_senior_Pakistani_lawyers.jpg"
"http://dbpedia.org/ontology/wikiPageWikiLink","http://dbpedia.org/resource/Sirajganj-3"
"http://dbpedia.org/ontology/wikiPageWikiLink","http://dbpedia.org/resource/Category:2017_deaths"
"http://dbpedia.org/ontology/wikiPageWikiLink","http://dbpedia.org/resource/Abdul_Mannan_Talukder"
"http://dbpedia.org/ontology/wikiPageWikiLink","http://dbpedia.org/resource/Sirajganj"
"http://dbpedia.org/ontology/wikiPageWikiLink","http://dbpedia.org/resource/Ishaque_Hossain_Talukder"
"http://dbpedia.org/ontology/wikiPageWikiLink","http://dbpedia.org/resource/Category:20th-century_Bengalis"
"http://dbpedia.org/ontology/wikiPageWikiLink","http://dbpedia.org/resource/Category:21st-century_Bengalis"
"http://dbpedia.org/ontology/wikiPageWikiLink","http://dbpedia.org/resource/Category:People_from_Sirajganj_District"
"http://dbpedia.org/ontology/wikiPageWikiLink","http://dbpedia.org/resource/Category:Jatiya_Samajtantrik_Dal-JSD_politicians"
"http://dbpedia.org/ontology/wikiPageWikiLink","http://dbpedia.org/resource/Rajshahi_University"
"http://dbpedia.org/ontology/wikiPageWikiLink","http://dbpedia.org/resource/Jatiya_Samajtantrik_Dal-JSD"
"http://dbpedia.org/ontology/wikiPageWikiLink","http://dbpedia.org/resource/Tarash"
"http://dbpedia.org/ontology/wikiPageWikiLink","http://dbpedia.org/resource/Bureaucrat"
"http://dbpedia.org/ontology/wikiPageWikiLink","http://dbpedia.org/resource/Thathri"
"http://dbpedia.org/ontology/wikiPageWikiLink","http://dbpedia.org/resource/Kahara,_Jammu_and_Kashmir"
"http://dbpedia.org/ontology/wikiPageWikiLink","http://dbpedia.org/resource/Block_(district_subdivision)"
"http://dbpedia.org/ontology/wikiPageWikiLink","http://dbpedia.org/resource/Category:Indian_government_officials"
"http://dbpedia.org/ontology/wikiPageWikiLink","http://dbpedia.org/resource/Kashmir_Administrative_Service"
"http://dbpedia.org/ontology/wikiPageWikiLink","http://dbpedia.org/resource/Sub-Divisional_Magistrate"
"http://dbpedia.org/ontology/wikiPageWikiLink","http://dbpedia.org/resource/National_Rural_Employment_Guarantee_Act,_2005"
"http://dbpedia.org/ontology/wikiPageWikiLink","http://dbpedia.org/resource/Govt_of_India"
"http://dbpedia.org/ontology/wikiPageWikiLink","http://dbpedia.org/resource/Andhra_Pradesh"
"http://dbpedia.org/ontology/wikiPageWikiLink","http://dbpedia.org/resource/Andhra_Pradesh_Legislative_Assembly"
"http://dbpedia.org/ontology/wikiPageWikiLink","http://dbpedia.org/resource/Chittoor"
"http://dbpedia.org/ontology/wikiPageWikiLink","http://dbpedia.org/resource/Chittoor_district"
"http://dbpedia.org/ontology/wikiPageWikiLink","http://dbpedia.org/resource/Telugu_Desam_Party"
"http://dbpedia.org/ontology/wikiPageWikiLink","http://dbpedia.org/resource/YSR_Congress_Party"
"http://dbpedia.org/ontology/wikiPageWikiLink","http://dbpedia.org/resource/Category:Members_of_the_Andhra_Pradesh_Legislative_Assembly"
"http://dbpedia.org/ontology/wikiPageWikiLink","http://dbpedia.org/resource/Category:YSR_Congress_Party_politicians"
"http://dbpedia.org/ontology/wikiPageWikiLink","http://dbpedia.org/resource/Category:Telugu_Desam_Party_politicians"
"http://dbpedia.org/ontology/wikiPageWikiLink","http://dbpedia.org/resource/Category:People_from_Chittoor_district"
"http://dbpedia.org/ontology/wikiPageWikiLink","http://dbpedia.org/resource/Thamballapalle_(Assembly_constituency)"
"http://dbpedia.org/ontology/wikiPageWikiLink","http://dbpedia.org/resource/Category:1929_births"
"http://dbpedia.org/ontology/wikiPageWikiLink","http://dbpedia.org/resource/Florida"
"http://dbpedia.org/ontology/wikiPageWikiLink","http://dbpedia.org/resource/Georgia_(U.S._state)"
"http://dbpedia.org/ontology/wikiPageWikiLink","http://dbpedia.org/resource/North_Carolina"
"http://dbpedia.org/ontology/wikiPageWikiLink","http://dbpedia.org/resource/South_Carolina"
"http://dbpedia.org/ontology/wikiPageWikiLink","http://dbpedia.org/resource/Virginia"
"http://dbpedia.org/ontology/wikiPageWikiLink","http://dbpedia.org/resource/Price_support"
"http://dbpedia.org/ontology/wikiPageWikiLink","http://dbpedia.org/resource/Category:Tobacco_industry_trade_unions"
"http://dbpedia.org/ontology/wikiPageWikiLink","http://dbpedia.org/resource/Columbia,_South_Carolina"
"http://dbpedia.org/ontology/wikiPageWikiLink","http://dbpedia.org/resource/Raleigh,_North_Carolina"
"http://dbpedia.org/ontology/wikiPageWikiLink","http://dbpedia.org/resource/Flue-cured_tobacco"
"http://dbpedia.org/ontology/wikiPageWikiLink","http://dbpedia.org/resource/Koka_Booth"
"http://dbpedia.org/ontology/wikiPageWikiLink","http://dbpedia.org/resource/Agricultural_extension"
"http://dbpedia.org/ontology/wikiPageWikiLink","http://dbpedia.org/resource/Atkinson_County,_Georgia"
"http://dbpedia.org/ontology/wikiPageWikiLink","http://dbpedia.org/resource/Elbert_County,_Georgia"
"http://dbpedia.org/ontology/wikiPageWikiLink","http://dbpedia.org/resource/Tifton,_Georgia"
"http://dbpedia.org/ontology/wikiPageWikiLink","http://dbpedia.org/resource/Tobacco_industry"
"http://dbpedia.org/ontology/wikiPageWikiLink","http://dbpedia.org/resource/University_of_Georgia"
"http://dbpedia.org/ontology/wikiPageWikiLink","http://dbpedia.org/resource/Cotton"
"http://dbpedia.org/ontology/wikiPageWikiLink","http://dbpedia.org/resource/University_of_North_Carolina_at_Chapel_Hill"
"http://dbpedia.org/ontology/wikiPageWikiLink","http://dbpedia.org/resource/Agricultural_economics"
"http://dbpedia.org/ontology/wikiPageWikiLink","http://dbpedia.org/resource/Lobbying"
"http://dbpedia.org/ontology/wikiPageWikiLink","http://dbpedia.org/resource/4-H"
"http://dbpedia.org/ontology/wikiPageWikiLink","http://dbpedia.org/resource/Worth_County,_Georgia"
"http://dbpedia.org/ontology/wikiPageWikiLink","http://dbpedia.org/resource/Wake_County,_North_Carolina"
"http://dbpedia.org/ontology/wikiPageWikiLink","http://dbpedia.org/resource/Bond_Park"
"http://dbpedia.org/ontology/wikiPageWikiLink","http://dbpedia.org/resource/Marriott_Hotels_&_Resorts"
"http://dbpedia.org/ontology/wikiPageWikiLink","http://dbpedia.org/resource/North_Carolina_State_University"
"http://dbpedia.org/ontology/wikiPageWikiLink","http://dbpedia.org/resource/Insecticide"
"http://dbpedia.org/ontology/wikiPageWikiLink","http://dbpedia.org/resource/Verbal_abuse"
"http://dbpedia.org/ontology/wikiPageWikiLink","http://dbpedia.org/resource/Southern_Oral_History_Program"
"http://dbpedia.org/ontology/wikiPageWikiLink","http://dbpedia.org/resource/Vaccination"
"http://dbpedia.org/ontology/wikiPageWikiLink","http://dbpedia.org/resource/Raleigh_North_Carolina_Temple"
"http://dbpedia.org/ontology/wikiPageWikiLink","http://dbpedia.org/resource/Planned_unit_development"
"http://dbpedia.org/ontology/wikiPageWikiLink","http://dbpedia.org/resource/Category:University_of_Georgia_alumni"
"http://dbpedia.org/ontology/wikiPageWikiLink","http://dbpedia.org/resource/Cary,_North_Carolina"
"http://dbpedia.org/ontology/wikiPageWikiLink","http://dbpedia.org/resource/Abraham_Baldwin_Agricultural_College"
"http://dbpedia.org/ontology/wikiPageWikiLink","http://dbpedia.org/resource/Flue_Cured_Tobacco_Stabilization_Corporation"
"http://dbpedia.org/ontology/wikiPageWikiLink","http://dbpedia.org/resource/Category:1997_deaths"
"http://dbpedia.org/ontology/wikiPageWikiLink","http://dbpedia.org/resource/Category:People_from_Cary,_North_Carolina"
"http://dbpedia.org/ontology/wikiPageWikiLink","http://dbpedia.org/resource/Category:Deaths_from_cancer_in_North_Carolina"
"http://dbpedia.org/ontology/wikiPageWikiLink","http://dbpedia.org/resource/Category:Mayors_of_Cary,_North_Carolina"
"http://dbpedia.org/ontology/wikiPageWikiLink","http://dbpedia.org/resource/Category:American_Methodists"
"http://dbpedia.org/ontology/wikiPageWikiLink","http://dbpedia.org/resource/Category:North_Carolina_city_council_members"
"http://dbpedia.org/ontology/wikiPageWikiLink","http://dbpedia.org/resource/Category:People_from_Elberton,_Georgia"
"http://dbpedia.org/ontology/wikiPageWikiLink","http://dbpedia.org/resource/Crabtree_Valley_Mall"
"http://dbpedia.org/ontology/wikiPageWikiLink","http://dbpedia.org/resource/Carl_Regutti"
"http://dbpedia.org/ontology/wikiPageWikiLink","http://dbpedia.org/resource/North_Carolina_Credit_Union"
"http://dbpedia.org/ontology/wikiPageWikiLink","http://dbpedia.org/resource/U.S._Tobacco_Cooperative"
"http://dbpedia.org/ontology/wikiPageWikiLink","http://dbpedia.org/resource/Moldova"
"http://dbpedia.org/ontology/wikiPageWikiLink","http://dbpedia.org/resource/Chițcanii_Vechi"
"http://dbpedia.org/ontology/wikiPageWikiLink","http://dbpedia.org/resource/Parliament_of_Moldova"
"http://dbpedia.org/ontology/wikiPageWikiLink","http://dbpedia.org/resource/Category:Popular_Front_of_Moldova_MPs"
"http://dbpedia.org/ontology/wikiPageWikiLink","http://dbpedia.org/resource/Moldova_State_University"
"http://dbpedia.org/ontology/wikiPageWikiLink","http://dbpedia.org/resource/Popular_Front_of_Moldova"
"http://dbpedia.org/ontology/wikiPageWikiLink","http://dbpedia.org/resource/Category:1932_births"
"http://dbpedia.org/ontology/wikiPageWikiLink","http://dbpedia.org/resource/Category:Moldovan_MPs_1990–1994"
"http://dbpedia.org/ontology/wikiPageWikiLink","http://dbpedia.org/resource/Category:Male_journalists"
"http://dbpedia.org/ontology/wikiPageWikiLink","http://dbpedia.org/resource/Category:Recipients_of_the_Order_of_Honour_(Moldova)"
"http://dbpedia.org/ontology/wikiPageWikiLink","http://dbpedia.org/resource/Category:Moldova_State_University_alumni"
"http://dbpedia.org/ontology/wikiPageWikiLink","http://dbpedia.org/resource/Category:Moldovan_journalists"
"http://dbpedia.org/ontology/wikiPageWikiLink","http://dbpedia.org/resource/Category:People_from_Telenești_District"
"http://dbpedia.org/ontology/wikiPageWikiLink","http://dbpedia.org/resource/Moldovan_Parliament"
"http://dbpedia.org/ontology/wikiPageExternalLink","http://www.abroadindians.com/news/br-a-abdul-rahman-member-of-indian-parliament-brief-visit-to-state-of-kuwait/303"
"http://dbpedia.org/ontology/wikiPageExternalLink","https://web.archive.org/web/20120305171654/http:/indianunionmuslimleague.in/abdul_rahman"
"http://dbpedia.org/ontology/wikiPageExternalLink","https://web.archive.org/web/20120505220458/http:/india.gov.in/govt/loksabhampbiodata.php%3Fmpcode=4537"
"http://dbpedia.org/ontology/wikiPageExternalLink","https://web.archive.org/web/20130309004632/http:/www.mpmla.in/mp.php%3Fstcode=S22&pcno=7"
"http://dbpedia.org/ontology/wikiPageExternalLink","https://picasaweb.google.com/107459669457968807598/AbdulRahmanMPVellore%3Fauthuser=0&feat=directlink"
"http://dbpedia.org/ontology/wikiPageExternalLink","http://india.gov.in/govt/loksabhampbiodata.php%3Fmpcode=4537"
"http://dbpedia.org/ontology/wikiPageExternalLink","http://puc.sd.gov"
"http://dbpedia.org/ontology/wikiPageExternalLink","https://ballotpedia.org/Chris_Nelson"
"http://dbpedia.org/ontology/wikiPageExternalLink","http://www.davidgillespie.com.au/%7COfficial"
"http://dbpedia.org/ontology/wikiPageExternalLink","http://www.davidgillespie.com.au/"
"http://dbpedia.org/ontology/wikiPageExternalLink","http://www.theedbernsteinshow.com"
"http://dbpedia.org/ontology/wikiPageExternalLink","http://www.edbernstein.com"
"http://dbpedia.org/ontology/wikiPageExternalLink","https://www.city.kawachinagano.lg.jp/site/mayor/"
"http://dbpedia.org/ontology/wikiPageExternalLink","http://www.assembly.tn.gov.in"
"http://dbpedia.org/ontology/wikiPageExternalLink","http://oaklandnorth.net/2011/10/02/city-attorney-barbara-parker-sits-down-with-oakland-north/"
"http://dbpedia.org/ontology/wikiPageExternalLink","http://myemail.constantcontact.com/News-from-the-Oakland-City-Attorney-s-Office.html%3Fsoid=1102467259990&aid=_lW1cMZQ3AQ"
"http://dbpedia.org/ontology/wikiPageExternalLink","http://archive.constantcontact.com/fs021/1102467259990/archive/1108180527945.html"
"http://dbpedia.org/ontology/wikiPageExternalLink","https://web.archive.org/web/20120920061359/http:/www.oaklandcityattorney.org/"
"http://dbpedia.org/ontology/wikiPageExternalLink","https://web.archive.org/web/20160201102201/http:/www.oaklandcityattorney.org/News/Press%20releases/Wells%20Fargo%20Predatory%20Lending%20Complaint%202015.html"
"http://dbpedia.org/ontology/wikiPageExternalLink","https://web.archive.org/web/20160304102357/http:/www.oaklandcityattorney.org/PDFS/Public%20Lawyer%20of%20the%20Year%20AWARD%20speech.pdf"
"http://dbpedia.org/ontology/wikiPageExternalLink","https://www.youtube.com/watch%3Fv=Xn07RkfVkqU"
"http://dbpedia.org/ontology/wikiPageExternalLink","http://www.theaustralian.com.au/business/legal-affairs/if-you-cant-beat-indians-join-em-says-sunil-lal/story-e6frg97x-1226746264531"
"http://dbpedia.org/ontology/wikiPageExternalLink","http://www.ded.uscourts.gov/judge/magistrate-judge-christopher-j-burke"
"http://dbpedia.org/ontology/wikiPageExternalLink","https://www.law.umich.edu/newsandinfo/features/Pages/christopherburke_042516.aspx"
"http://dbpedia.org/ontology/wikiPageExternalLink","http://www.torontosun.com/FrontPage/2007/08/12/4411956-sun.html"
"http://dbpedia.org/ontology/wikiPageExternalLink","http://gencat.eloquent-systems.com/torontodetail.html%3Fkey=59430%7Cdates=%7Caccess_conditions="
"http://dbpedia.org/ontology/wikiPageExternalLink","http://www.cctexas.com/%3Ffuseaction=main.view&page=88"
"http://dbpedia.org/ontology/wikiPageExternalLink","http://www.opensecrets.org/races/summary.php%3Fid=AZ03&cycle=2010"
"http://dbpedia.org/ontology/wikiPageExternalLink","http://www.hulburdforcongress.com/"
"http://dbpedia.org/ontology/wikiPageExternalLink","http://www.arkansashouse.org/district/1"
"http://dbpedia.org/ontology/wikiPageExternalLink","https://web.archive.org/web/20090827071944/http:/www.cacd.uscourts.gov/Cacd/CivilConsent.nsf/1f59676768eecea0882574f60064644e/88dab9fa4a8cb4d2882574f600707530%3FOpenDocument"
"http://dbpedia.org/ontology/wikiPageExternalLink","http://164.100.47.194/loksabha/writereaddata/biodata_1_12/2282.htm"
"http://dbpedia.org/ontology/wikiPageExternalLink","http://www.tonyvalente.ca"
"http://dbpedia.org/ontology/wikiPageExternalLink","http://nvuf.org/"
"http://dbpedia.org/ontology/wikiPageExternalLink","https://pricetags.ca/2019/08/06/tony-valente-and-the-shipyard-commons/"
"http://dbpedia.org/ontology/wikiPageExternalLink","https://www.bloomberg.com/research/stocks/private/person.asp%3FpersonId=139207397&privcapId=877964"
"http://dbpedia.org/ontology/wikiPageExternalLink","http://www.treasury.gov.my/index.php/en/ministrys-profile/secretary-general.html"
"http://dbpedia.org/ontology/wikiPageExternalLink","http://cgsec.gov.in/2019Information/mahapour_adhyaksh.pdf"
"http://dbpedia.org/ontology/wikiPageExternalLink","https://web.archive.org/web/20101111172754/http:/www.jilkaforcongress.com/"
"http://dbpedia.org/ontology/wikiPageExternalLink","https://web.archive.org/web/20071017231650/http:/fmc.gov/bureaus/commissioners/commissioner.asp%3FCOMMISSIONER_ID=4"
"http://dbpedia.org/ontology/wikiPageExternalLink","https://web.archive.org/web/20070913160042/http:/www.azcc.gov/commissioners/mayes/default.asp"
"http://dbpedia.org/ontology/wikiPageExternalLink","https://krismayes.com/"
"http://dbpedia.org/ontology/wikiPageExternalLink","http://www.josephajienka.com"
"http://dbpedia.org/ontology/wikiPageExternalLink","https://web.archive.org/web/20100121063240/http:/www.bbcajes.com/"
"http://dbpedia.org/ontology/wikiPageExternalLink","http://loksabhaph.nic.in/writereaddata/biodata_1_12/1103.htm"
"http://dbpedia.org/ontology/wikiPageExternalLink","http://www.ktt.org.ng"
"http://dbpedia.org/ontology/wikiPageExternalLink","https://web.archive.org/web/20071221065930/http:/164.100.24.208/ls/lsmember/biodata.asp%3Fmpsno=4059"
"http://dbpedia.org/ontology/wikiPageExternalLink","http://www.rajpcc.com/drkaransinghyadav"
"http://dbpedia.org/ontology/wikiPageExternalLink","https://www.business-standard.com/article/pti-stories/cong-nominates-karan-singh-yadav-for-alwar-lok-sabha-bypoll-117122701148_1.html"
"http://dbpedia.org/ontology/wikiPageExternalLink","http://d.umn.edu/chancellors-office/about-chancellor-black/"
"http://dbpedia.org/ontology/wikiPageExternalLink","http://odusevbagharu.com"
"http://dbpedia.org/ontology/wikiPageExternalLink","https://ssf.gov.bd"
"http://dbpedia.org/ontology/wikiPageExternalLink","http://dc.lib.unc.edu/u%3F/sohp,15509"
"http://dbpedia.org/ontology/wikiPageExternalLink","https://web.archive.org/web/20100109084405/http:/www.timpul.md/article/2009/07/01/2984"
"http://dbpedia.org/ontology/wikiPageExternalLink","https://web.archive.org/web/20151208141358/http:/www.vipmagazin.md/tema/deputa%C5%A3ii_primului_Parlament/"
"http://dbpedia.org/ontology/wikiPageRedirects","http://dbpedia.org/resource/16th_Tamil_Nadu_Assembly"
"http://dbpedia.org/ontology/description","американський політик"
"http://dbpedia.org/ontology/description","ամերիկացի քաղաքական գործիչ"
"http://dbpedia.org/ontology/description","American politician"
"http://dbpedia.org/ontology/description","Kentucky politician"
"http://dbpedia.org/ontology/description","Keenia poliitik"
"http://dbpedia.org/ontology/description","Kenyan politician"
"http://dbpedia.org/ontology/description","homme politique kenyan"
"http://dbpedia.org/ontology/description","politician kenyan"
"http://dbpedia.org/ontology/description","polític kenyà"
"http://dbpedia.org/ontology/description","político kenyano"
"http://dbpedia.org/ontology/description","кенійський політик"
"http://dbpedia.org/ontology/description","פוליטיקאי קנייתי"
"http://dbpedia.org/ontology/description","سياسي كيني"
"http://dbpedia.org/ontology/description","কেনীয় রাজনীতিবিদ"
"http://dbpedia.org/ontology/description","político keniata"
"http://dbpedia.org/ontology/description","Brunei military officer and diplomat"
"http://dbpedia.org/ontology/description","Militär und Diplomat von Brunei"
"http://dbpedia.org/ontology/description","Bruneian diplomat (born 1951)"
"http://dbpedia.org/ontology/description","Bruneian naval officer"
"http://dbpedia.org/ontology/description","homme politique maldivien"
"http://dbpedia.org/ontology/description","polític maldivià"
"http://dbpedia.org/ontology/description","político maldivano"
"http://dbpedia.org/ontology/description","פוליטיקאי מולדובי"
"http://dbpedia.org/ontology/description","político maldivo"
"http://dbpedia.org/ontology/description","Maldivian politician"
"http://dbpedia.org/ontology/description","Maldiivide poliitik"
"http://dbpedia.org/ontology/description","politician maldivian"
"http://dbpedia.org/ontology/description","মালদ্বীপীয় রাজনীতিবিদ"
"http://dbpedia.org/ontology/description","سياسي مالديفي"
"http://dbpedia.org/ontology/description","minister of Health of the Maldives since 2024"
"http://dbpedia.org/ontology/description","Nigerian professor"
"http://dbpedia.org/ontology/description","profesor nixerianu"
"http://dbpedia.org/ontology/description","Ni Profesa wa Chuo Kikuu cha Jimbo la Kaduna na Profesa wa Historia."
"http://dbpedia.org/ontology/description","professor and the incumbent Vice-Chancellor of Confluence University of Science and Technology"
"http://dbpedia.org/ontology/description","American politician (1810–1897)"
"http://dbpedia.org/ontology/description","美國政治人物 (1810–1897)"
"http://dbpedia.org/ontology/description","Indian politician"
"http://dbpedia.org/ontology/description","இந்திய அரசியல்வாதி"
"http://dbpedia.org/ontology/description","індійський політик"
"http://xmlns.com/foaf/0.1/homepage","http://india.gov.in/govt/loksabhampbiodata.php%3Fmpcode=4537"
"http://xmlns.com/foaf/0.1/homepage","http://www.davidgillespie.com.au/%7COfficial"
"http://xmlns.com/foaf/0.1/homepage","http://www.edbernstein.com"
"http://xmlns.com/foaf/0.1/homepage","http://www.assembly.tn.gov.in"
"http://xmlns.com/foaf/0.1/homepage","http://www.hulburdforcongress.com"
"http://xmlns.com/foaf/0.1/homepage","http://www.tonyvalente.ca"
"http://xmlns.com/foaf/0.1/homepage","http://www.treasury.gov.my/index.php/en/ministrys-profile/secretary-general.html"
"http://xmlns.com/foaf/0.1/homepage","http://cgsec.gov.in/2019Information/mahapour_adhyaksh.pdf"
"http://xmlns.com/foaf/0.1/homepage","https://web.archive.org/web/20101111172754/http:/www.jilkaforcongress.com/"
"http://xmlns.com/foaf/0.1/homepage","https://web.archive.org/web/20070913160042/http:/www.azcc.gov/commissioners/mayes/default.asp"
"http://xmlns.com/foaf/0.1/homepage","http://www.josephajienka.com"
"http://xmlns.com/foaf/0.1/homepage","https://web.archive.org/web/20100121063240/http:/www.bbcajes.com/"
"http://xmlns.com/foaf/0.1/homepage","http://loksabhaph.nic.in/writereaddata/biodata_1_12/1103.htm"
"http://xmlns.com/foaf/0.1/homepage","http://www.ktt.org.ng"
"http://xmlns.com/foaf/0.1/homepage","https://web.archive.org/web/20071221065930/http:/164.100.24.208/ls/lsmember/biodata.asp%3Fmpsno=4059"
"http://xmlns.com/foaf/0.1/homepage","http://d.umn.edu/chancellors-office/about-chancellor-black/"
"http://xmlns.com/foaf/0.1/homepage","http://odusevbagharu.com"
"http://xmlns.com/foaf/0.1/homepage","https://ssf.gov.bd"
"http://dbpedia.org/property/name","Tony  Fontana"
"http://dbpedia.org/property/name","Aaron Thompson"
"http://dbpedia.org/property/name","Abdikadir Omar Aden"
"http://dbpedia.org/property/name","Abdu'r Rahmani"
"http://dbpedia.org/property/name","Abdul Ghafar Ismail"
"http://dbpedia.org/property/name","Abdul Jalil Ahmad"
"http://dbpedia.org/property/name","Abdulla Muththalib"
"http://dbpedia.org/property/name","Abdulla Nazim Ibrahim"
"http://dbpedia.org/property/name","Abdullahi Ashafa"
"http://dbpedia.org/property/name","Abdulrahman Asipita Salawu"
"http://dbpedia.org/property/name","Abel Darlington"
"http://dbpedia.org/property/name","Abhimanyu Poonia"
"http://xmlns.com/foaf/0.1/depiction","http://commons.wikimedia.org/wiki/Special:FilePath/A._M._Fontana.jpg"
"http://xmlns.com/foaf/0.1/depiction","http://commons.wikimedia.org/wiki/Special:FilePath/Aaron_Thompson_(KY_Politician).jpg"
"http://xmlns.com/foaf/0.1/depiction","http://commons.wikimedia.org/wiki/Special:FilePath/Second_Class_of_the_Order_of_Seri_Paduka_Mahkota_Brunei_(DPMB).svg"
"http://xmlns.com/foaf/0.1/depiction","http://commons.wikimedia.org/wiki/Special:FilePath/Proclamation_of_Independence_Medal_(Brunei).svg"
"http://xmlns.com/foaf/0.1/depiction","http://commons.wikimedia.org/wiki/Special:FilePath/Royal_Brunei_Armed_Forces_Silver_Jubilee_Medal.svg"
"http://xmlns.com/foaf/0.1/depiction","http://commons.wikimedia.org/wiki/Special:FilePath/Pingat_Jasa_Gemilang_(Tentera)_ribbon.png"
"http://xmlns.com/foaf/0.1/depiction","http://commons.wikimedia.org/wiki/Special:FilePath/Pehin_Dato_Rahmani_(2022).jpg"
"http://xmlns.com/foaf/0.1/depiction","http://commons.wikimedia.org/wiki/Special:FilePath/Sultan_Hassanal_Bolkiah_Silver_Jubilee_Medal.svg"
"http://xmlns.com/foaf/0.1/depiction","http://commons.wikimedia.org/wiki/Special:FilePath/Pingat_Laila_Tugas_(GSM).svg"
"http://xmlns.com/foaf/0.1/depiction","http://commons.wikimedia.org/wiki/Special:FilePath/Sultan_Hassanal_Bolkiah_Medal.svg"
"http://xmlns.com/foaf/0.1/depiction","http://commons.wikimedia.org/wiki/Special:FilePath/Third_Class_of_the_Order_of_Seri_Paduka_Mahkota_Brunei_(SMB).svg"
"http://xmlns.com/foaf/0.1/depiction","http://commons.wikimedia.org/wiki/Special:FilePath/Long_Service_Medal_and_Good_Conduct_(PKLPB).svg"
"http://xmlns.com/foaf/0.1/depiction","http://commons.wikimedia.org/wiki/Special:FilePath/Order_of_Paduka_Seri_Laila_Jasa_ribbon_bar.svg"
"http://xmlns.com/foaf/0.1/depiction","http://commons.wikimedia.org/wiki/Special:FilePath/15.RBrLF-COL.svg"
"http://xmlns.com/foaf/0.1/depiction","http://commons.wikimedia.org/wiki/Special:FilePath/Meritorious_Service_Medal_(PJK).svg"
"http://xmlns.com/foaf/0.1/depiction","http://commons.wikimedia.org/wiki/Special:FilePath/Legion_Honneur_Commandeur_ribbon.svg"
"http://xmlns.com/foaf/0.1/depiction","http://commons.wikimedia.org/wiki/Special:FilePath/Excellent_Service_Medal_(PIKB).svg"
"http://xmlns.com/foaf/0.1/depiction","http://commons.wikimedia.org/wiki/Special:FilePath/Long_Service_Medal_(PKL).svg"
"http://xmlns.com/foaf/0.1/depiction","http://commons.wikimedia.org/wiki/Special:FilePath/HE_Haji_Abdul_Ghafar_Bin_Haji_Ismail.jpg"
"http://xmlns.com/foaf/0.1/depiction","http://commons.wikimedia.org/wiki/Special:FilePath/National_Day_Silver_Jubilee_Medal_(Brunei).svg"
"http://xmlns.com/foaf/0.1/depiction","http://commons.wikimedia.org/wiki/Special:FilePath/Sultan_Hassanal_Bolkiah_Golden_Jubilee_Medal.svg"
"http://xmlns.com/foaf/0.1/depiction","http://commons.wikimedia.org/wiki/Special:FilePath/Abdul_Jalil_Ahmad_on_29_March_2024.jpg"
"http://xmlns.com/foaf/0.1/depiction","http://commons.wikimedia.org/wiki/Special:FilePath/Bintang_Jalasena_Utama_rib.svg"
"http://xmlns.com/foaf/0.1/depiction","http://commons.wikimedia.org/wiki/Special:FilePath/14.RBrN-COL.svg"
"http://xmlns.com/foaf/0.1/depiction","http://commons.wikimedia.org/wiki/Special:FilePath/Abdul_Jalil_Ahmad_receives_credentials_2005.jpg"
"http://xmlns.com/foaf/0.1/depiction","http://commons.wikimedia.org/wiki/Special:FilePath/Third_Class_of_the_Order_of_Setia_Negara_Brunei_(SNB).svg"
"http://xmlns.com/foaf/0.1/depiction","http://commons.wikimedia.org/wiki/Special:FilePath/Dr._Abdulla_Muththalib_portrait.jpg"
"http://xmlns.com/foaf/0.1/depiction","http://commons.wikimedia.org/wiki/Special:FilePath/Abdulla_Nazim_Ibrahim_portrait.jpg"
"http://dbpedia.org/property/almaMater","http://dbpedia.org/resource/University_of_North_Carolina"
"http://dbpedia.org/property/almaMater","http://dbpedia.org/resource/Williams_College"
"http://dbpedia.org/property/almaMater","Mount St. Mary's College"
"http://dbpedia.org/property/almaMater","http://dbpedia.org/resource/University_College_London"
"http://dbpedia.org/property/almaMater","http://dbpedia.org/resource/University_of_Auckland"
"http://dbpedia.org/property/almaMater","http://dbpedia.org/resource/Nigerian_Defence_Academy"
"http://dbpedia.org/property/almaMater","http://dbpedia.org/resource/University_of_Rajasthan"
"http://dbpedia.org/property/knownFor","First MP for Balambala Constituency"
"http://dbpedia.org/ontology/almaMater","http://dbpedia.org/resource/University_of_North_Carolina"
"http://dbpedia.org/ontology/almaMater","http://dbpedia.org/resource/Williams_College"
"http://dbpedia.org/ontology/almaMater","http://dbpedia.org/resource/University_College_London"
"http://dbpedia.org/ontology/almaMater","http://dbpedia.org/resource/University_of_Auckland"
"http://dbpedia.org/ontology/almaMater","http://dbpedia.org/resource/Nigerian_Defence_Academy"
"http://dbpedia.org/ontology/almaMater","http://dbpedia.org/resource/University_of_Rajasthan"
"http://dbpedia.org/ontology/birthName","Abdullahi Musa Ashafa"
"http://dbpedia.org/ontology/birthName","Abdulrahman Asipita Salawu"
"http://dbpedia.org/ontology/country","http://dbpedia.org/resource/United_States"
"http://dbpedia.org/ontology/education","http://dbpedia.org/resource/London_South_Bank_University"
"http://dbpedia.org/ontology/education","http://dbpedia.org/resource/United_States_International_University"
"http://dbpedia.org/ontology/education","http://dbpedia.org/resource/Officer_Cadet_School_(Singapore)"
"http://dbpedia.org/ontology/education","http://dbpedia.org/resource/Master_of_Arts"
"http://dbpedia.org/ontology/militaryService","http://dbpedia.org/resource/Abdu'r_Rahmani__MilitaryService__1"
"http://dbpedia.org/ontology/militaryService","http://dbpedia.org/resource/Abdul_Jalil_Ahmad__MilitaryService__1"
"http://dbpedia.org/ontology/nationality","http://dbpedia.org/resource/Maldivians"
"http://dbpedia.org/ontology/occupation","http://dbpedia.org/resource/Politician"
"http://dbpedia.org/ontology/originalName","ޢަބުދުﷲ ނާޡިމް އިބްރާހީމް"
"http://dbpedia.org/ontology/parent","http://dbpedia.org/resource/Basir_Taha"
"http://dbpedia.org/ontology/party","http://dbpedia.org/resource/Democratic_Party_(United_States)"
"http://dbpedia.org/ontology/party","http://dbpedia.org/resource/Republican_Party_(United_States)"
"http://dbpedia.org/ontology/party","http://dbpedia.org/resource/Orange_Democratic_Movement"
"http://dbpedia.org/ontology/party","http://dbpedia.org/resource/United_Democratic_Alliance_(Kenya)"
"http://dbpedia.org/ontology/party","http://dbpedia.org/resource/Indian_National_Congress"
"http://dbpedia.org/ontology/profession","http://dbpedia.org/resource/Diplomat"
"http://dbpedia.org/ontology/profession","http://dbpedia.org/resource/Officer_(armed_forces)"
"http://dbpedia.org/ontology/residence","http://dbpedia.org/resource/Ashland,_Kentucky"
"http://dbpedia.org/ontology/termPeriod","http://dbpedia.org/resource/A._M._Fontana__Tenure__1"
"http://dbpedia.org/ontology/termPeriod","http://dbpedia.org/resource/Aaron_Thompson_(politician)__Tenure__1"
"http://dbpedia.org/ontology/termPeriod","http://dbpedia.org/resource/Abdikadir_Aden__Tenure__1"
"http://dbpedia.org/ontology/termPeriod","http://dbpedia.org/resource/Abdu'r_Rahmani__Tenure__1"
"http://dbpedia.org/ontology/termPeriod","http://dbpedia.org/resource/Abdul_Ghafar_Ismail__Tenure__1"
"http://dbpedia.org/ontology/termPeriod","http://dbpedia.org/resource/Abdul_Ghafar_Ismail__Tenure__2"
"http://dbpedia.org/ontology/termPeriod","http://dbpedia.org/resource/Abdul_Ghafar_Ismail__Tenure__3"
"http://dbpedia.org/ontology/termPeriod","http://dbpedia.org/resource/Abdul_Jalil_Ahmad__Tenure__1"
"http://dbpedia.org/ontology/termPeriod","http://dbpedia.org/resource/Abdul_Jalil_Ahmad__Tenure__2"
"http://dbpedia.org/ontology/termPeriod","http://dbpedia.org/resource/Abdul_Jalil_Ahmad__Tenure__3"
"http://dbpedia.org/ontology/termPeriod","http://dbpedia.org/resource/Abdulla_Muththalib__Tenure__1"
"http://dbpedia.org/ontology/termPeriod","http://dbpedia.org/resource/Abdulla_Muththalib__Tenure__2"
"http://dbpedia.org/ontology/termPeriod","http://dbpedia.org/resource/Abdulla_Muththalib__Tenure__3"
"http://dbpedia.org/ontology/termPeriod","http://dbpedia.org/resource/Abdulla_Nazim_Ibrahim__Tenure__1"
"http://dbpedia.org/ontology/termPeriod","http://dbpedia.org/resource/Abdulla_Nazim_Ibrahim__Tenure__2"
"http://dbpedia.org/ontology/termPeriod","http://dbpedia.org/resource/Abdulla_Nazim_Ibrahim__Tenure__3"
"http://dbpedia.org/ontology/termPeriod","http://dbpedia.org/resource/Abdulla_Nazim_Ibrahim__Tenure__4"
"http://dbpedia.org/ontology/termPeriod","http://dbpedia.org/resource/Abdullahi_Musa_Ashafa__Tenure__1"
"http://dbpedia.org/ontology/termPeriod","http://dbpedia.org/resource/Abdulrahman_Asipita_Salawu__Tenure__1"
"http://dbpedia.org/ontology/termPeriod","http://dbpedia.org/resource/Abel_Darlington__Tenure__1"
"http://dbpedia.org/ontology/termPeriod","http://dbpedia.org/resource/Abhimanyu_Poonia__Tenure__1"
"http://dbpedia.org/ontology/termPeriod","http://dbpedia.org/resource/Abhimanyu_Poonia__Tenure__2"
"http://dbpedia.org/ontology/termPeriod","http://dbpedia.org/resource/Abhimanyu_Poonia__Tenure__3"
"http://dbpedia.org/ontology/thumbnail","http://commons.wikimedia.org/wiki/Special:FilePath/A._M._Fontana.jpg?width=300"
"http://dbpedia.org/ontology/thumbnail","http://commons.wikimedia.org/wiki/Special:FilePath/Aaron_Thompson_(KY_Politician).jpg?width=300"
"http://dbpedia.org/ontology/thumbnail","http://commons.wikimedia.org/wiki/Special:FilePath/Pehin_Dato_Rahmani_(2022).jpg?width=300"
"http://dbpedia.org/ontology/thumbnail","http://commons.wikimedia.org/wiki/Special:FilePath/HE_Haji_Abdul_Ghafar_Bin_Haji_Ismail.jpg?width=300"
"http://dbpedia.org/ontology/thumbnail","http://commons.wikimedia.org/wiki/Special:FilePath/Abdul_Jalil_Ahmad_on_29_March_2024.jpg?width=300"
"http://dbpedia.org/ontology/thumbnail","http://commons.wikimedia.org/wiki/Special:FilePath/Dr._Abdulla_Muththalib_portrait.jpg?width=300"
"http://dbpedia.org/ontology/thumbnail","http://commons.wikimedia.org/wiki/Special:FilePath/Abdulla_Nazim_Ibrahim_portrait.jpg?width=300"
"http://dbpedia.org/property/alongside","James C. Roberts and Joseph C. Keech"
"http://dbpedia.org/ontology/committee","* Budget and Appropriation Committee"
"http://dbpedia.org/ontology/committee","* Procedure and House Rules Committee"
"http://dbpedia.org/property/wikiPageUsesTemplate","http://dbpedia.org/resource/Template:NorthCarolina-politician-stub"
"http://dbpedia.org/property/wikiPageUsesTemplate","http://dbpedia.org/resource/Template:Reflist"
"http://dbpedia.org/property/wikiPageUsesTemplate","http://dbpedia.org/resource/Template:Florida-FLRepresentative-Democratic-stub"
"http://dbpedia.org/property/wikiPageUsesTemplate","http://dbpedia.org/resource/Template:Authority_control"
"http://dbpedia.org/property/wikiPageUsesTemplate","http://dbpedia.org/resource/Template:Birth_date"
"http://dbpedia.org/property/wikiPageUsesTemplate","http://dbpedia.org/resource/Template:Death_date_and_age"
"http://dbpedia.org/property/wikiPageUsesTemplate","http://dbpedia.org/resource/Template:Infobox_officeholder"
"http://dbpedia.org/property/wikiPageUsesTemplate","http://dbpedia.org/resource/Template:Short_description"
"http://dbpedia.org/property/wikiPageUsesTemplate","http://dbpedia.org/resource/Template:Use_mdy_dates"
"http://dbpedia.org/property/wikiPageUsesTemplate","http://dbpedia.org/resource/Template:Election_box_hold_with_party_link_no_change"
"http://dbpedia.org/property/wikiPageUsesTemplate","http://dbpedia.org/resource/Template:Birth_date_and_age"
"http://dbpedia.org/property/wikiPageUsesTemplate","http://dbpedia.org/resource/Template:Election_box_begin_no_change"
"http://dbpedia.org/property/wikiPageUsesTemplate","http://dbpedia.org/resource/Template:Election_box_candidate_with_party_link_no_change"
"http://dbpedia.org/property/wikiPageUsesTemplate","http://dbpedia.org/resource/Template:Election_box_end"
"http://dbpedia.org/property/wikiPageUsesTemplate","http://dbpedia.org/resource/Template:Election_box_total_no_change"
"http://dbpedia.org/property/wikiPageUsesTemplate","http://dbpedia.org/resource/Template:Election_box_winning_candidate_with_party_link_no_change"
"http://dbpedia.org/property/wikiPageUsesTemplate","http://dbpedia.org/resource/Template:S-aft"
"http://dbpedia.org/property/wikiPageUsesTemplate","http://dbpedia.org/resource/Template:S-bef"
"http://dbpedia.org/property/wikiPageUsesTemplate","http://dbpedia.org/resource/Template:S-end"
"http://dbpedia.org/property/wikiPageUsesTemplate","http://dbpedia.org/resource/Template:S-par"
"http://dbpedia.org/property/wikiPageUsesTemplate","http://dbpedia.org/resource/Template:S-start"
"http://dbpedia.org/property/wikiPageUsesTemplate","http://dbpedia.org/resource/Template:S-ttl"
"http://dbpedia.org/property/wikiPageUsesTemplate","http://dbpedia.org/resource/Template:Kentucky_House_of_Representatives"
"http://dbpedia.org/property/wikiPageUsesTemplate","http://dbpedia.org/resource/Template:Malay_name"
"http://dbpedia.org/property/wikiPageUsesTemplate","http://dbpedia.org/resource/Template:Army"
"http://dbpedia.org/property/wikiPageUsesTemplate","http://dbpedia.org/resource/Template:Collapsed_infobox_section_begin"
"http://dbpedia.org/property/wikiPageUsesTemplate","http://dbpedia.org/resource/Template:Collapsed_infobox_section_end"
"http://dbpedia.org/property/wikiPageUsesTemplate","http://dbpedia.org/resource/Template:Flag"
"http://dbpedia.org/property/wikiPageUsesTemplate","http://dbpedia.org/resource/Template:No_bold"
"http://dbpedia.org/property/wikiPageUsesTemplate","http://dbpedia.org/resource/Template:S-dip"
"http://dbpedia.org/property/wikiPageUsesTemplate","http://dbpedia.org/resource/Template:S-inc"
"http://dbpedia.org/property/wikiPageUsesTemplate","http://dbpedia.org/resource/Template:S-mil"
"http://dbpedia.org/property/wikiPageUsesTemplate","http://dbpedia.org/resource/Template:Use_dmy_dates"
"http://dbpedia.org/property/wikiPageUsesTemplate","http://dbpedia.org/resource/Template:Cn"
"http://dbpedia.org/property/wikiPageUsesTemplate","http://dbpedia.org/resource/Template:Ubil"
"http://dbpedia.org/property/wikiPageUsesTemplate","http://dbpedia.org/resource/Template:Chiefs_of_Brunei_military"
"http://dbpedia.org/property/wikiPageUsesTemplate","http://dbpedia.org/resource/Template:Cite_book"
"http://dbpedia.org/property/wikiPageUsesTemplate","http://dbpedia.org/resource/Template:KDB"
"http://dbpedia.org/property/wikiPageUsesTemplate","http://dbpedia.org/resource/Template:HMS"
"http://dbpedia.org/property/wikiPageUsesTemplate","http://dbpedia.org/resource/Template:Navy"
"http://dbpedia.org/property/wikiPageUsesTemplate","http://dbpedia.org/resource/Template:Maldives-politician-stub"
"http://dbpedia.org/property/wikiPageUsesTemplate","http://dbpedia.org/resource/Template:BLP_sources"
"http://dbpedia.org/property/wikiPageUsesTemplate","http://dbpedia.org/resource/Template:Commons_category"
"http://dbpedia.org/property/wikiPageUsesTemplate","http://dbpedia.org/resource/Template:Langx"
"http://dbpedia.org/property/wikiPageUsesTemplate","http://dbpedia.org/resource/Template:Nigeria-academic-bio-stub"
"http://dbpedia.org/property/wikiPageUsesTemplate","http://dbpedia.org/resource/Template:Orphan"
"http://dbpedia.org/property/wikiPageUsesTemplate","http://dbpedia.org/resource/Template:Clarify"
"http://dbpedia.org/property/wikiPageUsesTemplate","http://dbpedia.org/resource/Template:Pennsylvania-politician-stub"
"http://dbpedia.org/property/birthDate",1924-06-04
"http://dbpedia.org/property/birthDate",1991-05-31
"http://dbpedia.org/property/birthDate",1972-10-21
"http://dbpedia.org/property/birthDate",1954-07-28
"http://dbpedia.org/property/birthDate",1952-10-01
"http://dbpedia.org/property/birthDate",1810-02-22
"http://dbpedia.org/property/citizenship","http://dbpedia.org/resource/Maldives"
"http://dbpedia.org/property/constituency","Balambala Constituency"
"http://dbpedia.org/property/constituency","http://dbpedia.org/resource/Sangaria_Assembly_constituency"
"http://dbpedia.org/property/deathDate",2010-02-25
"http://dbpedia.org/property/education","* Balambala Primary School
* Lenana School
* United States International University 
* London South Bank University"
"http://dbpedia.org/property/education","http://dbpedia.org/resource/Officer_Cadet_School_(Singapore)"
"http://dbpedia.org/property/education","http://dbpedia.org/resource/Master_of_Arts"
"http://dbpedia.org/property/nativeNameLang","dv"
"http://dbpedia.org/property/occupation","Politician, Business Executive"
"http://dbpedia.org/property/occupation",""
"http://dbpedia.org/property/occupation","Diplomat"
"http://dbpedia.org/property/occupation","civil servant"
"http://dbpedia.org/property/occupation","Politician"
"http://dbpedia.org/property/occupation","farmer"
"http://dbpedia.org/property/occupation","http://dbpedia.org/resource/Politician"
"http://dbpedia.org/property/office","Member of the Florida House of Representatives from the 107th district"
"http://dbpedia.org/property/office","Member of the National Assembly of Kenya"
"http://dbpedia.org/property/office",5
"http://dbpedia.org/property/office","http://dbpedia.org/resource/List_of_permanent_representatives_of_Brunei_to_the_United_Nations"
"http://dbpedia.org/property/office","http://dbpedia.org/resource/Brunei–Singapore_relations"
"http://dbpedia.org/property/office","http://dbpedia.org/resource/List_of_high_commissioners_of_Brunei_to_India"
"http://dbpedia.org/property/office",6
"http://dbpedia.org/property/office","http://dbpedia.org/resource/Brunei–Pakistan_relations"
"http://dbpedia.org/property/office","http://dbpedia.org/resource/Brunei–Germany_relations"
"http://dbpedia.org/property/office","http://dbpedia.org/resource/Cabinet_of_the_Maldives"
"http://dbpedia.org/property/office","http://dbpedia.org/resource/Ministry_of_Education_(Maldives)"
"http://dbpedia.org/property/office","http://dbpedia.org/resource/Ministry_of_Health_(Maldives)"
"http://dbpedia.org/property/office","Principal Secretary to the President on Public Policy"
"http://dbpedia.org/property/office","Kaduna State University"
"http://dbpedia.org/property/office","Confluence University of Science and Technology"
"http://dbpedia.org/property/office","http://dbpedia.org/resource/Rajasthan_Youth_Congress"
"http://dbpedia.org/property/office","Member of the Rajasthan Legislative Assembly"
"http://dbpedia.org/property/office","President, Rajasthan NSUI"
"http://dbpedia.org/property/order","Vice-Chancellor of"
"http://dbpedia.org/property/otherparty","http://dbpedia.org/resource/United_Democratic_Alliance_(Kenya)"
"http://dbpedia.org/property/party","http://dbpedia.org/resource/Democratic_Party_(United_States)"
"http://dbpedia.org/property/party","http://dbpedia.org/resource/Republican_Party_(United_States)"
"http://dbpedia.org/property/party","Democratic Party"
"http://dbpedia.org/property/party","Republican Party"
"http://dbpedia.org/property/party","http://dbpedia.org/resource/Orange_Democratic_Movement"
"http://dbpedia.org/property/party","http://dbpedia.org/resource/Indian_National_Congress"
"http://dbpedia.org/property/predecessor","http://dbpedia.org/resource/Danny_Bentley"
"http://dbpedia.org/property/predecessor","Office established"
"http://dbpedia.org/property/predecessor","http://dbpedia.org/resource/Halbi_bin_Mohammad_Yussof"
"http://dbpedia.org/property/predecessor","http://dbpedia.org/resource/Yusof_Kula"
"http://dbpedia.org/property/predecessor","http://dbpedia.org/resource/Latif_Tuah"
"http://dbpedia.org/property/predecessor","http://dbpedia.org/resource/Abdul_Mokti_Daud"
"http://dbpedia.org/property/predecessor","http://dbpedia.org/resource/Yusof_Abu_Bakar"
"http://dbpedia.org/property/predecessor","http://dbpedia.org/resource/Kefli_Razali"
"http://dbpedia.org/property/predecessor","http://dbpedia.org/resource/Ali_Haidar_Ahmed"
"http://dbpedia.org/property/predecessor",""
"http://dbpedia.org/property/predecessor","Himself"
"http://dbpedia.org/property/predecessor","http://dbpedia.org/resource/Abdulla_Khaleel"
"http://dbpedia.org/property/predecessor","Position created"
"http://dbpedia.org/property/predecessor","http://dbpedia.org/resource/Yohanna_Tella"
"http://dbpedia.org/property/predecessor","http://dbpedia.org/resource/Salawu_Sadiku"
"http://dbpedia.org/property/predecessor","http://dbpedia.org/resource/Archimedes_Robb"
"http://dbpedia.org/property/predecessor","http://dbpedia.org/resource/James_M._Phillips"
"http://dbpedia.org/property/predecessor","http://dbpedia.org/resource/Stephen_M._Meredith"
"http://dbpedia.org/property/predecessor","http://dbpedia.org/resource/Ganesh_Ghogra"
"http://dbpedia.org/property/predecessor","http://dbpedia.org/resource/Gurdeep_Singh_Shahpini"
"http://dbpedia.org/property/president","http://dbpedia.org/resource/Mohamed_Muizzu"
"http://dbpedia.org/property/president","http://dbpedia.org/resource/Abdulla_Yameen"
"http://dbpedia.org/property/president","Abdulla Yameen"
"http://dbpedia.org/property/president","Mohamed Muizzu"
"http://dbpedia.org/property/rank",20
"http://dbpedia.org/property/serviceyears",1975
"http://dbpedia.org/property/serviceyears",1973
"http://dbpedia.org/property/spouse","Pengiran Aishah"
"http://dbpedia.org/property/spouse","Aishah Husain"
"http://dbpedia.org/property/spouse",2013-01-05
"http://dbpedia.org/property/spouse",""
"http://dbpedia.org/property/spouse","Aishath Shaina"
"http://dbpedia.org/property/spouse","Bhawna Thapan"
"http://dbpedia.org/property/stateHouse","Kentucky"
"http://dbpedia.org/property/stateHouse","Pennsylvania"
"http://dbpedia.org/property/successor","Omar Shurie"
"http://dbpedia.org/property/successor",0001-11-22
"http://dbpedia.org/property/successor","http://dbpedia.org/resource/Noor_Qamar_Sulaiman"
"http://dbpedia.org/property/successor","http://dbpedia.org/resource/Sidek_Ali"
"http://dbpedia.org/property/successor","http://dbpedia.org/resource/Saifulbahri_Mansor"
"http://dbpedia.org/property/successor","http://dbpedia.org/resource/Rakiah_Abdul_Lamit"
"http://dbpedia.org/property/successor","http://dbpedia.org/resource/Joharie_Matussin"
"http://dbpedia.org/property/successor","Joseph C. Keech, Levi Prizer, Samuel H. Hoopes"
"http://dbpedia.org/property/successor","Abhishek Chaudhary"
"http://dbpedia.org/property/termEnd",1982
"http://dbpedia.org/property/termEnd",2017
"http://dbpedia.org/property/termEnd",2005-07-01
"http://dbpedia.org/property/termEnd",2012
"http://dbpedia.org/property/termEnd",2019
"http://dbpedia.org/property/termEnd","May 2007"
"http://dbpedia.org/property/termEnd",2008
"http://dbpedia.org/property/termEnd",2015
"http://dbpedia.org/property/termEnd",2002-06-13
"http://dbpedia.org/property/termEnd",2024-12-26
"http://dbpedia.org/property/termEnd",2018-11-17
"http://dbpedia.org/property/termEnd",1870
"http://dbpedia.org/property/termStart",1972
"http://dbpedia.org/property/termStart",2025-01-01
"http://dbpedia.org/property/termStart",2013
"http://dbpedia.org/property/termStart",2003-03-15
"http://dbpedia.org/property/termStart",2007-11-29
"http://dbpedia.org/property/termStart",2013-03-28
"http://dbpedia.org/property/termStart","August 2001"
"http://dbpedia.org/property/termStart",2006
"http://dbpedia.org/property/termStart",1995-02-05
"http://dbpedia.org/property/termStart",2013-02-26
"http://dbpedia.org/property/termStart",2023-11-17
"http://dbpedia.org/property/termStart",2024-11-24
"http://dbpedia.org/property/termStart",2016-06-22
"http://dbpedia.org/property/termStart",2024-09-30
"http://dbpedia.org/property/termStart",0001-06-23
"http://dbpedia.org/property/termStart",2023
"http://dbpedia.org/property/termStart",1870
"http://dbpedia.org/property/termStart",2023-12-03
"http://dbpedia.org/property/termStart",2023-12-16
"http://dbpedia.org/property/title","Member of the Kentucky House of Representatives from the 98th district"
"http://dbpedia.org/property/title",5
"http://dbpedia.org/property/title",13
"http://dbpedia.org/property/title","http://dbpedia.org/resource/Brunei–China_relations"
"http://dbpedia.org/property/title","http://dbpedia.org/resource/Brunei–Myanmar_relations"
"http://dbpedia.org/property/title","http://dbpedia.org/resource/List_of_permanent_representatives_of_Brunei_to_the_United_Nations"
"http://dbpedia.org/property/title","http://dbpedia.org/resource/Brunei–Singapore_relations"
"http://dbpedia.org/property/title","http://dbpedia.org/resource/List_of_high_commissioners_of_Brunei_to_India"
"http://dbpedia.org/property/title",6
"http://dbpedia.org/property/title","http://dbpedia.org/resource/Brunei–Germany_relations"
"http://dbpedia.org/property/years",2025
"http://dbpedia.org/property/years",2014
"http://dbpedia.org/property/years",0001-01-02
"http://dbpedia.org/property/years",0001-03-15
"http://dbpedia.org/property/years",0001-11-22
"http://dbpedia.org/property/years",0001-03-28
"http://dbpedia.org/property/years","August 2001 – 2012"
"http://dbpedia.org/property/years","September 1994 – May 2007"
"http://dbpedia.org/property/years",0001-02-05
"http://dbpedia.org/property/years",0001-02-26
"http://dbpedia.org/property/nationality","Kenyan"
"http://dbpedia.org/property/nationality","http://dbpedia.org/resource/Maldivians"
"http://dbpedia.org/property/profession","Business Executive, Politician"
"http://dbpedia.org/property/profession",""
"http://dbpedia.org/property/profession","diplomat"
"http://dbpedia.org/property/profession","Military officer"
"http://dbpedia.org/property/profession","Naval officer"
"http://dbpedia.org/property/profession","Academic"
"http://dbpedia.org/property/votes",6087
"http://dbpedia.org/property/votes",15561
"http://dbpedia.org/property/candidate","Aaron Thompson"
"http://dbpedia.org/property/candidate","Tammie Womack"
"http://dbpedia.org/property/percentage",28.1
"http://dbpedia.org/property/percentage",71.90000000000001
"http://dbpedia.org/property/birthName","Abdullahi Musa Ashafa"
"http://dbpedia.org/property/birthName","Abdulrahman Asipita Salawu"
"http://www.w3.org/ns/prov#wasDerivedFrom","http://en.wikipedia.org/wiki/A._A._Crawford?oldid=1293824919&ns=0"
"http://www.w3.org/ns/prov#wasDerivedFrom","http://en.wikipedia.org/wiki/A._M._Fontana?oldid=1286270366&ns=0"
"http://www.w3.org/ns/prov#wasDerivedFrom","http://en.wikipedia.org/wiki/Aaron_Thompson_(politician)?oldid=1303126267&ns=0"
"http://www.w3.org/ns/prov#wasDerivedFrom","http://en.wikipedia.org/wiki/Abdikadir_Aden?oldid=1285200706&ns=0"
"http://www.w3.org/ns/prov#wasDerivedFrom","http://en.wikipedia.org/wiki/Abdu'r_Rahmani?oldid=1296208684&ns=0"
"http://www.w3.org/ns/prov#wasDerivedFrom","http://en.wikipedia.org/wiki/Abdul_Ghafar_Ismail?oldid=1303700560&ns=0"
"http://www.w3.org/ns/prov#wasDerivedFrom","http://en.wikipedia.org/wiki/Abdul_Jalil_Ahmad?oldid=1300807874&ns=0"
"http://www.w3.org/ns/prov#wasDerivedFrom","http://en.wikipedia.org/wiki/Abdulla_Muththalib?oldid=1305985765&ns=0"
"http://www.w3.org/ns/prov#wasDerivedFrom","http://en.wikipedia.org/wiki/Abdulla_Nazim_Ibrahim?oldid=1305980535&ns=0"
"http://www.w3.org/ns/prov#wasDerivedFrom","http://en.wikipedia.org/wiki/Abdullahi_Musa_Ashafa?oldid=1296380071&ns=0"
"http://www.w3.org/ns/prov#wasDerivedFrom","http://en.wikipedia.org/wiki/Abdulrahman_Asipita_Salawu?oldid=1265440530&ns=0"
"http://www.w3.org/ns/prov#wasDerivedFrom","http://en.wikipedia.org/wiki/Abel_Darlington?oldid=1261678289&ns=0"
"http://www.w3.org/ns/prov#wasDerivedFrom","http://en.wikipedia.org/wiki/Abhimanyu_Poonia?oldid=1297052382&ns=0"
"http://dbpedia.org/property/honorificPrefix","http://dbpedia.org/resource/Colonel"
"http://dbpedia.org/property/honorificPrefix","http://dbpedia.org/resource/Malay_styles_and_titles"
"http://dbpedia.org/property/honorificPrefix","http://dbpedia.org/resource/Manteri"
"http://dbpedia.org/property/honorificPrefix","http://dbpedia.org/resource/Excellency"
"http://dbpedia.org/property/residence","http://dbpedia.org/resource/Ashland,_Kentucky"
"http://dbpedia.org/property/caption","Fontana in 1976"
"http://dbpedia.org/property/caption","Ambassador Abdu'r Rahmani in 2022"
"http://dbpedia.org/property/caption","President Narayanan receiving a letter of credence from Abdul Ghafar  in 2001"
"http://dbpedia.org/property/caption","Abdul Jalil in 2024"
"http://dbpedia.org/property/caption","Official portrait, 2023"
"http://dbpedia.org/property/children",3
"http://dbpedia.org/property/parents","http://dbpedia.org/resource/Basir_Taha"
"http://dbpedia.org/property/date","December 2024"
"http://dbpedia.org/property/reason","Stating the president being referred to, and possibly the year he served would help reduce ambiguity"
"http://dbpedia.org/property/commands","http://dbpedia.org/resource/Training_Institute_Royal_Brunei_Armed_Forces"
"http://dbpedia.org/property/commands","Royal Brunei Land Forces"
"http://dbpedia.org/property/unit","'D' Company RBMR"
"http://dbpedia.org/property/unit","Third Battalion RBMR"
"http://dbpedia.org/property/nativeName","ޢަބުދުﷲ ނާޡިމް އިބްރާހީމް"
"http://dbpedia.org/property/monarch","http://dbpedia.org/resource/Hassanal_Bolkiah"
"http://dbpedia.org/property/committees","* Budget and Appropriation Committee
* Procedure and House Rules Committee"
"http://dbpedia.org/property/district",98
"http://dbpedia.org/property/district","http://dbpedia.org/resource/Chester_County,_Pennsylvania"
"http://dbpedia.org/property/preceded","http://dbpedia.org/resource/George_Ira_Baumgartner"
"http://dbpedia.org/property/succeeded","http://dbpedia.org/resource/Roberto_Casas"
"http://dbpedia.org/property/succeeded",""
"http://dbpedia.org/property/succeeded","Position abolished"
"http://dbpedia.org/property/termend",2018-11-17
"http://dbpedia.org/property/termend",2016-06-22
"http://dbpedia.org/property/termend",2024-09-30
"http://dbpedia.org/property/termend",2020
"http://dbpedia.org/property/termstart",2013-11-21
"http://dbpedia.org/property/termstart",2014
"http://dbpedia.org/property/termstart",2023-11-20
"http://dbpedia.org/property/termstart",2017
"http://purl.org/linguistics/gold/hypernym","http://dbpedia.org/resource/Politician"
"http://purl.org/linguistics/gold/hypernym","http://dbpedia.org/resource/Secretary"
"http://purl.org/linguistics/gold/hypernym","http://dbpedia.org/resource/United"
"http://purl.org/linguistics/gold/hypernym","http://dbpedia.org/resource/Attorney"
"http://purl.org/linguistics/gold/hypernym","http://dbpedia.org/resource/Representative"
"http://purl.org/linguistics/gold/hypernym","http://dbpedia.org/resource/Lawyer"
"http://purl.org/linguistics/gold/hypernym","http://dbpedia.org/resource/Mayor"
"http://purl.org/linguistics/gold/hypernym","http://dbpedia.org/resource/Business"
"http://purl.org/linguistics/gold/hypernym","http://dbpedia.org/resource/Advocate"
"http://purl.org/linguistics/gold/hypernym","http://dbpedia.org/resource/Diplomat"
"http://purl.org/linguistics/gold/hypernym","http://dbpedia.org/resource/Head"
"http://purl.org/linguistics/gold/hypernym","http://dbpedia.org/resource/Judge"
"http://purl.org/linguistics/gold/hypernym","http://dbpedia.org/resource/Member"
"http://purl.org/linguistics/gold/hypernym","http://dbpedia.org/resource/Minister"
"http://purl.org/linguistics/gold/hypernym","http://dbpedia.org/resource/Agronomist"
"http://purl.org/linguistics/gold/hypernym","http://dbpedia.org/resource/Commissioner"
"http://purl.org/linguistics/gold/hypernym","http://dbpedia.org/resource/Professor"
"http://xmlns.com/foaf/0.1/isPrimaryTopicOf","http://en.wikipedia.org/wiki/A._A._Crawford"
"http://xmlns.com/foaf/0.1/isPrimaryTopicOf","http://en.wikipedia.org/wiki/A._M._Fontana"
"http://xmlns.com/foaf/0.1/isPrimaryTopicOf","http://en.wikipedia.org/wiki/Aaron_Thompson_(politician)"
"http://xmlns.com/foaf/0.1/isPrimaryTopicOf","http://en.wikipedia.org/wiki/Abdikadir_Aden"
"http://xmlns.com/foaf/0.1/isPrimaryTopicOf","http://en.wikipedia.org/wiki/Abdu'r_Rahmani"
"http://xmlns.com/foaf/0.1/isPrimaryTopicOf","http://en.wikipedia.org/wiki/Abdul_Ghafar_Ismail"
"http://xmlns.com/foaf/0.1/isPrimaryTopicOf","http://en.wikipedia.org/wiki/Abdul_Jalil_Ahmad"
"http://xmlns.com/foaf/0.1/isPrimaryTopicOf","http://en.wikipedia.org/wiki/Abdulla_Muththalib"
"http://xmlns.com/foaf/0.1/isPrimaryTopicOf","http://en.wikipedia.org/wiki/Abdulla_Nazim_Ibrahim"
"http://xmlns.com/foaf/0.1/isPrimaryTopicOf","http://en.wikipedia.org/wiki/Abdullahi_Musa_Ashafa"
"http://xmlns.com/foaf/0.1/isPrimaryTopicOf","http://en.wikipedia.org/wiki/Abdulrahman_Asipita_Salawu"
"http://xmlns.com/foaf/0.1/isPrimaryTopicOf","http://en.wikipedia.org/wiki/Abel_Darlington"
"http://xmlns.com/foaf/0.1/isPrimaryTopicOf","http://en.wikipedia.org/wiki/Abhimanyu_Poonia"
"http://dbpedia.org/property/wordnet_type","http://www.w3.org/2006/03/wn/wn20/instances/synset-incumbent-noun-1"
"http://schema.org/sameAs","http://viaf.org/viaf/124751777"
"http://schema.org/sameAs","http://viaf.org/viaf/56655192"
"http://schema.org/sameAs","http://viaf.org/viaf/105516286"
"http://schema.org/sameAs","http://viaf.org/viaf/71308172"
"http://schema.org/sameAs","http://viaf.org/viaf/55647563"
"http://www.w3.org/2002/07/owl#sameAs","http://www.wikidata.org/entity/Q109430867"
"http://www.w3.org/2002/07/owl#sameAs","http://id.dbpedia.org/resource/Adam_Rahayaan"
"http://www.w3.org/2002/07/owl#sameAs","https://global.dbpedia.org/id/G5TFQ"
"http://www.w3.org/2002/07/owl#sameAs","http://www.wikidata.org/entity/Q97161436"
"http://www.w3.org/2002/07/owl#sameAs","http://bn.dbpedia.org/resource/আহমেদ_নিহান"
"http://www.w3.org/2002/07/owl#sameAs","https://global.dbpedia.org/id/DHME5"
"http://xmlns.com/foaf/0.1/name","Abidin Ismail"
"http://xmlns.com/foaf/0.1/name","Abram Bergen"
"http://xmlns.com/foaf/0.1/name","Abu Aqla Kikal"
"http://xmlns.com/foaf/0.1/name","Abu al-Khasib"
"http://xmlns.com/foaf/0.1/name","Abul Hasan Quraishi"
"http://xmlns.com/foaf/0.1/name","Abun Sui Anyit"
"http://xmlns.com/foaf/0.1/name","Achmad Yani"
"http://xmlns.com/foaf/0.1/name","Adam R. Lee"
"http://xmlns.com/foaf/0.1/name","Adam Rahayaan"
"http://xmlns.com/foaf/0.1/name","Adan Mohamed Nooru"
"http://xmlns.com/foaf/0.1/name","Adetokunbo Philip Wahab"
"http://xmlns.com/foaf/0.1/name","Adnan Buntar"
"http://xmlns.com/foaf/0.1/name","Adrielle Camuel"
"http://xmlns.com/foaf/0.1/name","Adron Doran"
"http://xmlns.com/foaf/0.1/name","Aftab Akbar Durrani"
"http://xmlns.com/foaf/0.1/name","Ahmed Musthafa Mohamed"
"http://xmlns.com/foaf/0.1/name","Ahmed Nareesh"
"http://xmlns.com/foaf/0.1/name","Ahmed Nihan"
"http://www.w3.org/2000/01/rdf-schema#label","Abidin Ismail"
"http://www.w3.org/2000/01/rdf-schema#label","Abram Bergen"
"http://www.w3.org/2000/01/rdf-schema#label","Abu Aqla Kikal"
"http://www.w3.org/2000/01/rdf-schema#label","Abu al-Khasib"
"http://www.w3.org/2000/01/rdf-schema#label","Abul Hasan Quraishi"
"http://www.w3.org/2000/01/rdf-schema#label","Abun Sui Anyit"
"http://www.w3.org/2000/01/rdf-schema#label","Achmad Yani (politician)"
"http://www.w3.org/2000/01/rdf-schema#label","Adam R. Lee"
"http://www.w3.org/2000/01/rdf-schema#label","Adam Rahayaan"
"http://www.w3.org/2000/01/rdf-schema#label","Adam Rahayaan"
"http://www.w3.org/2000/01/rdf-schema#label","Adan Nooru"
"http://www.w3.org/2000/01/rdf-schema#label","Adel Ismail (historian)"
"http://www.w3.org/2000/01/rdf-schema#label","Adetokunbo Wahab"
"http://www.w3.org/2000/01/rdf-schema#label","Adnan Buntar"
"http://www.w3.org/2000/01/rdf-schema#label","Adrielle Camuel"
"http://www.w3.org/2000/01/rdf-schema#label","Adron Doran"
"http://www.w3.org/2000/01/rdf-schema#label","Aftab Durrani"
"http://www.w3.org/2000/01/rdf-schema#label","Ahmed Musthafa Mohamed"
"http://www.w3.org/2000/01/rdf-schema#label","Ahmed Nareesh"
"http://www.w3.org/2000/01/rdf-schema#label","Ahmed Nihan"
"http://dbpedia.org/property/honorificSuffix","http://dbpedia.org/resource/Member_of_the_Legislative_Assembly"
"http://dbpedia.org/property/honorificSuffix","Civil Service Government of India, Government of Pakistan"
"http://dbpedia.org/ontology/deathPlace","http://dbpedia.org/resource/Topeka,_Kansas"
"http://dbpedia.org/ontology/deathPlace","http://dbpedia.org/resource/Pakistan"
"http://dbpedia.org/ontology/deathPlace","http://dbpedia.org/resource/Karachi"
"http://dbpedia.org/ontology/deathPlace","http://dbpedia.org/resource/Lexington,_Kentucky"
"http://dbpedia.org/property/deathPlace","Topeka, Kansas"
"http://dbpedia.org/property/deathPlace","Karachi, Pakistan"
"http://dbpedia.org/property/deathPlace","Lexington, Kentucky, U.S."
"http://dbpedia.org/ontology/deathDate",1906-02-05
"http://dbpedia.org/ontology/deathDate",2001-11-22
"http://dbpedia.org/ontology/birthPlace","http://dbpedia.org/resource/Sungai_Bakap_(state_constituency)"
"http://dbpedia.org/ontology/birthPlace","http://dbpedia.org/resource/Malaysia"
"http://dbpedia.org/ontology/birthPlace","http://dbpedia.org/resource/Penang"
"http://dbpedia.org/ontology/birthPlace","http://dbpedia.org/resource/Morgan_County,_Illinois"
"http://dbpedia.org/ontology/birthPlace","http://dbpedia.org/resource/Presidencies_and_provinces_of_British_India"
"http://dbpedia.org/ontology/birthPlace","http://dbpedia.org/resource/Ballia"
"http://dbpedia.org/ontology/birthPlace","http://dbpedia.org/resource/Jakarta"
"http://dbpedia.org/ontology/birthPlace","http://dbpedia.org/resource/Southeast_Maluku_Regency"
"http://dbpedia.org/ontology/birthPlace","http://dbpedia.org/resource/Nigeria"
"http://dbpedia.org/ontology/birthPlace","http://dbpedia.org/resource/Lagos_State"
"http://dbpedia.org/ontology/birthPlace","http://dbpedia.org/resource/Graves_County,_Kentucky"
"http://dbpedia.org/ontology/birthPlace","http://dbpedia.org/resource/Weakley_County,_Tennessee"
"http://dbpedia.org/ontology/birthPlace","http://dbpedia.org/resource/Malé"
"http://dbpedia.org/ontology/birthPlace","http://dbpedia.org/resource/Gaafu_Alifu_Atoll"
"http://dbpedia.org/ontology/birthPlace","http://dbpedia.org/resource/Kolamaafushi"
"http://dbpedia.org/property/birthPlace","Sungai Duri, Sungai Bakap, Penang, Malaysia"
"http://dbpedia.org/property/birthPlace","Morgan County, Illinois"
"http://dbpedia.org/property/birthPlace","http://dbpedia.org/resource/Presidencies_and_provinces_of_British_India"
"http://dbpedia.org/property/birthPlace","http://dbpedia.org/resource/Ballia"
"http://dbpedia.org/property/birthPlace","Jakarta, Indonesia"
"http://dbpedia.org/property/birthPlace","Kei Besar, Southeast Maluku Regency"
"http://dbpedia.org/property/birthPlace","Dulhoun, Lebanon"
"http://dbpedia.org/property/birthPlace","http://dbpedia.org/resource/Nigeria"
"http://dbpedia.org/property/birthPlace","http://dbpedia.org/resource/Lagos_State"
"http://dbpedia.org/property/birthPlace","Graves County, Kentucky or Weakley County, Tennessee, U.S."
"http://dbpedia.org/property/birthPlace","http://dbpedia.org/resource/Malé"
"http://dbpedia.org/property/birthPlace","http://dbpedia.org/resource/Gaafu_Alifu_Atoll"
"http://dbpedia.org/property/birthPlace","http://dbpedia.org/resource/Kolamaafushi"
"http://dbpedia.org/property/birthPlace","Malé, Maldives"
"http://dbpedia.org/ontology/birthDate",1968-12-07
"http://dbpedia.org/ontology/birthDate",1908-07-01
"http://dbpedia.org/ontology/birthDate",1963-06-07
"http://dbpedia.org/ontology/birthDate",1967-07-27
"http://dbpedia.org/ontology/birthDate",1928-01-18
"http://dbpedia.org/ontology/birthDate",1972-05-17
"http://dbpedia.org/ontology/birthDate",1909-09-01
"http://purl.org/dc/terms/subject","http://dbpedia.org/resource/Category:Malaysian_Muslims"
"http://purl.org/dc/terms/subject","http://dbpedia.org/resource/Category:Malaysian_Islamic_Party_politicians"
"http://purl.org/dc/terms/subject","http://dbpedia.org/resource/Category:1968_births"
"http://purl.org/dc/terms/subject","http://dbpedia.org/resource/Category:Members_of_the_Penang_State_Legislative_Assembly"
"http://purl.org/dc/terms/subject","http://dbpedia.org/resource/Category:21st-century_Malaysian_politicians"
"http://purl.org/dc/terms/subject","http://dbpedia.org/resource/Category:Malaysian_politicians_of_Malay_descent"
"http://purl.org/dc/terms/subject","http://dbpedia.org/resource/Category:1906_deaths"
"http://purl.org/dc/terms/subject","http://dbpedia.org/resource/Category:Justices_of_the_New_Mexico_Supreme_Court"
"http://purl.org/dc/terms/subject","http://dbpedia.org/resource/Category:People_from_Fillmore_County,_Minnesota"
"http://purl.org/dc/terms/subject","http://dbpedia.org/resource/Category:1836_births"
"http://purl.org/dc/terms/subject","http://dbpedia.org/resource/Category:Kansas_lawyers"
"http://purl.org/dc/terms/subject","http://dbpedia.org/resource/Category:Minnesota_state_senators"
"http://purl.org/dc/terms/subject","http://dbpedia.org/resource/Category:Illinois_College_alumni"
"http://purl.org/dc/terms/subject","http://dbpedia.org/resource/Category:Deaths_from_pneumonia_in_Kansas"
"http://purl.org/dc/terms/subject","http://dbpedia.org/resource/Category:19th-century_members_of_the_Minnesota_Legislature"
"http://purl.org/dc/terms/subject","http://dbpedia.org/resource/Category:Sudanese_military_personnel"
"http://purl.org/dc/terms/subject","http://dbpedia.org/resource/Category:21st-century_military_personnel"
"http://purl.org/dc/terms/subject","http://dbpedia.org/resource/Category:People_of_the_Sudanese_civil_war_(2023–present)"
"http://purl.org/dc/terms/subject","http://dbpedia.org/resource/Category:Abbasids"
"http://purl.org/dc/terms/subject","http://dbpedia.org/resource/Category:Year_of_death_missing"
"http://purl.org/dc/terms/subject","http://dbpedia.org/resource/Category:1908_births"
"http://purl.org/dc/terms/subject","http://dbpedia.org/resource/Category:Muhajir_people"
"http://purl.org/dc/terms/subject","http://dbpedia.org/resource/Category:Indian_Civil_Service_(British_India)_officers"
"http://purl.org/dc/terms/subject","http://dbpedia.org/resource/Category:Indian_civil_servants"
"http://purl.org/dc/terms/subject","http://dbpedia.org/resource/Category:Indian_emigrants_to_Pakistan"
"http://purl.org/dc/terms/subject","http://dbpedia.org/resource/Category:20th-century_Pakistani_civil_servants"
"http://purl.org/dc/terms/subject","http://dbpedia.org/resource/Category:People's_Justice_Party_(Malaysia)_politicians"
"http://purl.org/dc/terms/subject","http://dbpedia.org/resource/Category:1973_births"
"http://purl.org/dc/terms/subject","http://dbpedia.org/resource/Category:Dayak_people"
"http://purl.org/dc/terms/subject","http://dbpedia.org/resource/Category:1963_births"
"http://purl.org/dc/terms/subject","http://dbpedia.org/resource/Category:Prosperous_Justice_Party_politicians"
"http://purl.org/dc/terms/subject","http://dbpedia.org/resource/Category:Politicians_from_Jakarta"
"http://purl.org/dc/terms/subject","http://dbpedia.org/resource/Category:Members_of_the_Jakarta_Regional_House_of_Representatives"
"http://purl.org/dc/terms/subject","http://dbpedia.org/resource/Category:University_of_Texas_at_Austin_alumni"
"http://purl.org/dc/terms/subject","http://dbpedia.org/resource/Category:21st-century_American_lawyers"
"http://purl.org/dc/terms/subject","http://dbpedia.org/resource/Category:Democratic_Party_members_of_the_Maine_House_of_Representatives"
"http://purl.org/dc/terms/subject","http://dbpedia.org/resource/Category:Politicians_from_Auburn,_Maine"
"http://purl.org/dc/terms/subject","http://dbpedia.org/resource/Category:21st-century_members_of_the_Maine_Legislature"
"http://purl.org/dc/terms/subject","http://dbpedia.org/resource/Category:1967_births"
"http://purl.org/dc/terms/subject","http://dbpedia.org/resource/Category:Indonesian_Muslims"
"http://purl.org/dc/terms/subject","http://dbpedia.org/resource/Category:21st-century_mayors_of_places_in_Indonesia"
"http://purl.org/dc/terms/subject","http://dbpedia.org/resource/Category:Members_of_Regency_Regional_Houses_of_Representatives_in_Indonesia"
"http://purl.org/dc/terms/subject","http://dbpedia.org/resource/Category:Kenya_African_National_Union_politicians"
"http://purl.org/dc/terms/subject","http://dbpedia.org/resource/Category:1928_births"
"http://purl.org/dc/terms/subject","http://dbpedia.org/resource/Category:Lebanese_Sunni_Muslims"
"http://purl.org/dc/terms/subject","http://dbpedia.org/resource/Category:Historians_of_the_Middle_East"
"http://purl.org/dc/terms/subject","http://dbpedia.org/resource/Category:Paris-Sorbonne_University_alumni"
"http://purl.org/dc/terms/subject","http://dbpedia.org/resource/Category:Ambassadors_of_Lebanon_to_Morocco"
"http://purl.org/dc/terms/subject","http://dbpedia.org/resource/Category:Permanent_delegates_of_Lebanon_to_UNESCO"
"http://purl.org/dc/terms/subject","http://dbpedia.org/resource/Category:20th-century_Lebanese_historians"
"http://purl.org/dc/terms/subject","http://dbpedia.org/resource/Category:People_from_Chouf_District"
"http://purl.org/dc/terms/subject","http://dbpedia.org/resource/Category:20th-century_Lebanese_diplomats"
"http://purl.org/dc/terms/subject","http://dbpedia.org/resource/Category:People_from_Lagos_State"
"http://purl.org/dc/terms/subject","http://dbpedia.org/resource/Category:University_of_Benin_(Nigeria)_alumni"
"http://purl.org/dc/terms/subject","http://dbpedia.org/resource/Category:Nigerian_politicians"
"http://purl.org/dc/terms/subject","http://dbpedia.org/resource/Category:State_executive_councils_of_Nigeria"
"http://purl.org/dc/terms/subject","http://dbpedia.org/resource/Category:Alumni_of_Royal_Holloway,_University_of_London"
"http://purl.org/dc/terms/subject","http://dbpedia.org/resource/Category:Recipients_of_the_Order_of_the_Rising_Sun,_2nd_class"
"http://purl.org/dc/terms/subject","http://dbpedia.org/resource/Category:Ambassadors_of_Brunei_to_Japan"
"http://purl.org/dc/terms/subject","http://dbpedia.org/resource/Category:University_of_Louisville_alumni"
"http://purl.org/dc/terms/subject","http://dbpedia.org/resource/Category:Women_state_legislators_in_Kentucky"
"http://purl.org/dc/terms/subject","http://dbpedia.org/resource/Category:Democratic_Party_members_of_the_Kentucky_House_of_Representatives"
"http://purl.org/dc/terms/subject","http://dbpedia.org/resource/Category:Jewish_American_state_legislators_in_Kentucky"
"http://purl.org/dc/terms/subject","http://dbpedia.org/resource/Category:Speakers_of_the_Kentucky_House_of_Representatives"
"http://purl.org/dc/terms/subject","http://dbpedia.org/resource/Category:2001_deaths"
"http://purl.org/dc/terms/subject","http://dbpedia.org/resource/Category:1909_births"
"http://purl.org/dc/terms/subject","http://dbpedia.org/resource/Category:Murray_State_University_alumni"
"http://purl.org/dc/terms/subject","http://dbpedia.org/resource/Category:University_of_Kentucky_alumni"
"http://purl.org/dc/terms/subject","http://dbpedia.org/resource/Category:20th-century_members_of_the_Kentucky_General_Assembly"
"http://purl.org/dc/terms/subject","http://dbpedia.org/resource/Category:Pakistani_civil_servants"
"http://purl.org/dc/terms/subject","http://dbpedia.org/resource/Category:Interior_secretaries_of_Pakistan"
"http://purl.org/dc/terms/subject","http://dbpedia.org/resource/Category:1988_births"
"http://purl.org/dc/terms/subject","http://dbpedia.org/resource/Category:Maldivian_Muslims"
"http://purl.org/dc/terms/subject","http://dbpedia.org/resource/Category:Progressive_Party_of_Maldives_politicians"
"http://purl.org/dc/terms/subject","http://dbpedia.org/resource/Category:Mayors_of_Malé"
"http://purl.org/dc/terms/subject","http://dbpedia.org/resource/Category:People's_National_Congress_(Maldives)_politicians"
"http://purl.org/dc/terms/subject","http://dbpedia.org/resource/Category:Mayors_of_places_in_the_Maldives"
"http://purl.org/dc/terms/subject","http://dbpedia.org/resource/Category:Members_of_the_People's_Majlis"
"http://purl.org/dc/terms/subject","http://dbpedia.org/resource/Category:Jumhooree_Party_politicians"
"http://purl.org/dc/terms/subject","http://dbpedia.org/resource/Category:Politicians_from_Malé"
"http://dbpedia.org/ontology/wikiPageWikiLink","http://dbpedia.org/resource/Prosperous_Justice_Party"
"http://dbpedia.org/ontology/wikiPageWikiLink","http://dbpedia.org/resource/Southeast_Maluku_Regency"
"http://dbpedia.org/ontology/wikiPageWikiLink","http://dbpedia.org/resource/Tual"
"http://dbpedia.org/ontology/wikiPageWikiLink","http://dbpedia.org/resource/Joko_Widodo"
"http://dbpedia.org/ontology/wikiPageWikiLink","http://dbpedia.org/resource/Susilo_Bambang_Yudhoyono"
"http://dbpedia.org/ontology/wikiPageWikiLink","http://dbpedia.org/resource/Murad_Ismail_(politician)"
"http://dbpedia.org/ontology/wikiPageWikiLink","http://dbpedia.org/resource/Said_Assagaff"
"http://dbpedia.org/ontology/wikiPageWikiLink","http://dbpedia.org/resource/Alauddin_Islamic_State_University"
"http://dbpedia.org/ontology/wikiPageWikiLink","http://dbpedia.org/resource/Karel_Albert_Ralahalu"
"http://dbpedia.org/ontology/wikiPageWikiLink","http://dbpedia.org/resource/Category:Mayors_of_places_in_Indonesia"
"http://dbpedia.org/ontology/wikiPageWikiLink","http://dbpedia.org/resource/Category:Indonesian_Muslims"
"http://dbpedia.org/ontology/wikiPageWikiLink","http://dbpedia.org/resource/Category:Prosperous_Justice_Party_politicians"
"http://dbpedia.org/ontology/wikiPageWikiLink","http://dbpedia.org/resource/People's_Majlis"
"http://dbpedia.org/ontology/wikiPageWikiLink","http://dbpedia.org/resource/Progressive_Party_of_Maldives"
"http://dbpedia.org/ontology/wikiPageWikiLink","http://dbpedia.org/resource/2018_Maldivian_presidential_election"
"http://dbpedia.org/ontology/wikiPageWikiLink","http://dbpedia.org/resource/Category:Members_of_the_People's_Majlis"
"http://dbpedia.org/ontology/wikiPageWikiLink","http://dbpedia.org/resource/Category:People_from_Malé"
"http://dbpedia.org/ontology/wikiPageWikiLink","http://dbpedia.org/resource/Jumhoory_Party"
"http://dbpedia.org/ontology/description","Malaysian politician and businessman"
"http://dbpedia.org/ontology/description","American judge (1836–1906)"
"http://dbpedia.org/ontology/description","juez estadounidense (1836–1906)"
"http://dbpedia.org/ontology/description","Sudanese ex-militia commander"
"http://dbpedia.org/ontology/description","8th-century Abbasid general and administrator"
"http://dbpedia.org/ontology/description","Indian civil servant"
"http://dbpedia.org/ontology/description","homme politique malaisien"
"http://dbpedia.org/ontology/description","polític malaisi"
"http://dbpedia.org/ontology/description","Malaisia poliitik"
"http://dbpedia.org/ontology/description","politician malaysian"
"http://dbpedia.org/ontology/description","politikan malajzian"
"http://dbpedia.org/ontology/description","político malaisiano"
"http://dbpedia.org/ontology/description","político malasio"
"http://dbpedia.org/ontology/description","মালয়েশীয় রাজনীতিবিদ"
"http://dbpedia.org/ontology/description","פוליטיקאי מלזי"
"http://dbpedia.org/ontology/description","سياسي ماليزي"
"http://dbpedia.org/ontology/description","Malaysian politician"
"http://dbpedia.org/ontology/description","індонезійський політик"
"http://dbpedia.org/ontology/description","Indonesian politician (born 1963 in Jakarta)"
"http://dbpedia.org/ontology/description","ইন্দোনেশীয় রাজনীতিবিদ"
"http://dbpedia.org/ontology/description","Indoneesia poliitik"
"http://dbpedia.org/ontology/description","Indonesian politician"
"http://dbpedia.org/ontology/description","politician indonezian"
"http://dbpedia.org/ontology/description","politico indonesiano"
"http://dbpedia.org/ontology/description","politikan indonezian"
"http://dbpedia.org/ontology/description","politikari indonesiarra"
"http://dbpedia.org/ontology/description","polític indonesi"
"http://dbpedia.org/ontology/description","político indonesio"
"http://dbpedia.org/ontology/description","político indonésio"
"http://dbpedia.org/ontology/description","políticu indonesiu"
"http://dbpedia.org/ontology/description","פוליטיקאי אינדונזי"
"http://dbpedia.org/ontology/description","سياسي إندونيسي"
"http://dbpedia.org/ontology/description","homme politique indonésien"
"http://dbpedia.org/ontology/description","político indonesio"
"http://dbpedia.org/ontology/description","Lebanese diplomat and historian (1928–2010)"
"http://dbpedia.org/ontology/description","مؤرخ ودبلوماسي لبناني  (1928–2010)"
"http://dbpedia.org/ontology/description","polític nigerià"
"http://dbpedia.org/ontology/description","político nigeriano"
"http://dbpedia.org/ontology/description","político nixeriano"
"http://dbpedia.org/ontology/description","سياسي نيجيري"
"http://dbpedia.org/ontology/description","homme politique nigérien"
"http://dbpedia.org/ontology/description","নাইজেরীয় রাজনীতিবিদ"
"http://dbpedia.org/ontology/description","Nigeeria poliitik"
"http://dbpedia.org/ontology/description","politician nigerian"
"http://dbpedia.org/ontology/description","politikan nigerian"
"http://dbpedia.org/ontology/description","פוליטיקאי ניגרי"
"http://dbpedia.org/ontology/description","Naija politisian"
"http://dbpedia.org/ontology/description","Nigerian politician and lawyer"
"http://dbpedia.org/ontology/description","dan siyasar nigeria"
"http://dbpedia.org/ontology/description","Brunei diplomat"
"http://dbpedia.org/ontology/description","Pakistani civil servant"
"http://dbpedia.org/property/name","Abidin Ismail"
"http://dbpedia.org/property/name","Abram Bergen"
"http://dbpedia.org/property/name","Abu Aqla Kikal"
"http://dbpedia.org/property/name","Abu al-Khasib"
"http://dbpedia.org/property/name","Abul Hasan Quraishi"
"http://dbpedia.org/property/name","Abun Sui Anyit"
"http://dbpedia.org/property/name","Achmad Yani"
"http://dbpedia.org/property/name","Adam R. Lee"
"http://dbpedia.org/property/name","Adam Rahayaan"
"http://dbpedia.org/property/name","Adan Mohamed Nooru"
"http://dbpedia.org/property/name","Adetokunbo Philip Wahab"
"http://dbpedia.org/property/name","Adnan Buntar"
"http://dbpedia.org/property/name","Adrielle Camuel"
"http://dbpedia.org/property/name","Adron Doran"
"http://dbpedia.org/property/name","Aftab Akbar Durrani"
"http://dbpedia.org/property/name","Ahmed Musthafa Mohamed"
"http://dbpedia.org/property/name","Ahmed Nareesh"
"http://dbpedia.org/property/name","Ahmed Nihan"
"http://xmlns.com/foaf/0.1/depiction","http://commons.wikimedia.org/wiki/Special:FilePath/Abram_Bergen_(1836–1906).png"
"http://xmlns.com/foaf/0.1/depiction","http://commons.wikimedia.org/wiki/Special:FilePath/Flag_of_the_Rapid_Support_Forces_(Sudan).png"
"http://xmlns.com/foaf/0.1/depiction","http://commons.wikimedia.org/wiki/Special:FilePath/Insignia_of_the_Sudanese_Armed_Forces.svg"
"http://xmlns.com/foaf/0.1/depiction","http://commons.wikimedia.org/wiki/Special:FilePath/Sudan_Army_-_OF07.svg"
"http://xmlns.com/foaf/0.1/depiction","http://commons.wikimedia.org/wiki/Special:FilePath/Anggota_DPRD_Jakarta_Achmad_Yani.jpg"
"http://xmlns.com/foaf/0.1/depiction","http://commons.wikimedia.org/wiki/Special:FilePath/Wali_Kota_Tual_Adam_Rahayaan.jpg"
"http://xmlns.com/foaf/0.1/depiction","http://commons.wikimedia.org/wiki/Special:FilePath/JPN_Kyokujitsu-sho_2Class_BAR.svg"
"http://xmlns.com/foaf/0.1/depiction","http://commons.wikimedia.org/wiki/Special:FilePath/Adnan_Buntar_in_2018.jpg"
"http://xmlns.com/foaf/0.1/depiction","http://commons.wikimedia.org/wiki/Special:FilePath/H.E._Mr._Dato_Paduka_Haji_Awang_Mohd._Adnan_Bin_Awang_Buntar.jpg"
"http://xmlns.com/foaf/0.1/depiction","http://commons.wikimedia.org/wiki/Special:FilePath/Adrielle_Camuel.jpg"
"http://xmlns.com/foaf/0.1/depiction","http://commons.wikimedia.org/wiki/Special:FilePath/Ahmed_Musthafa_Mohamed_portrait.jpg"
"http://xmlns.com/foaf/0.1/depiction","http://commons.wikimedia.org/wiki/Special:FilePath/Ahmed_Nareesh_portrait_2025.jpg"
"http://xmlns.com/foaf/0.1/depiction","http://commons.wikimedia.org/wiki/Special:FilePath/CgpxfnJxKMUd3Kla7W0UE346XcxkRE03fhEE0DTV.jpg"
"http://dbpedia.org/property/chapterUrl","https://books.google.com/books%3Fid=hvx9jq_2L3EC&pg=PA200"
"http://dbpedia.org/property/almaMater","http://dbpedia.org/resource/Universiti_Teknologi_MARA"
"http://dbpedia.org/property/almaMater","http://dbpedia.org/resource/University_of_Texas_at_Austin"
"http://dbpedia.org/property/almaMater","http://dbpedia.org/resource/Vermont_Law_and_Graduate_School"
"http://dbpedia.org/property/almaMater","http://dbpedia.org/resource/Alauddin_Islamic_State_University"
"http://dbpedia.org/property/almaMater","W.R. Supratman University"
"http://dbpedia.org/property/almaMater","http://dbpedia.org/resource/Sorbonne_University"
"http://dbpedia.org/property/almaMater","Royal Holloway College"
"http://dbpedia.org/property/almaMater","http://dbpedia.org/resource/University_of_Kentucky"
"http://dbpedia.org/property/almaMater","http://dbpedia.org/resource/Murray_State_University"
"http://dbpedia.org/ontology/almaMater","http://dbpedia.org/resource/Universiti_Teknologi_MARA"
"http://dbpedia.org/ontology/almaMater","http://dbpedia.org/resource/University_of_Texas_at_Austin"
"http://dbpedia.org/ontology/almaMater","http://dbpedia.org/resource/Vermont_Law_and_Graduate_School"
"http://dbpedia.org/ontology/almaMater","http://dbpedia.org/resource/Alauddin_Islamic_State_University"
"http://dbpedia.org/ontology/almaMater","http://dbpedia.org/resource/Sorbonne_University"
"http://dbpedia.org/ontology/almaMater","http://dbpedia.org/resource/Royal_Holloway,_University_of_London"
"http://dbpedia.org/ontology/almaMater","http://dbpedia.org/resource/University_of_Kentucky"
"http://dbpedia.org/ontology/almaMater","http://dbpedia.org/resource/Murray_State_University"
"http://dbpedia.org/ontology/birthName","Abidin bin Ismail"
"http://dbpedia.org/ontology/birthName","Ahmed Nihan Hussain Manik"
"http://dbpedia.org/ontology/education","http://dbpedia.org/resource/Illinois_College"
"http://dbpedia.org/ontology/education","http://dbpedia.org/resource/Bachelor_of_Arts"
"http://dbpedia.org/ontology/education","http://dbpedia.org/resource/Juris_Doctor"
"http://dbpedia.org/ontology/militaryService","http://dbpedia.org/resource/Abu_Aqla_Kikal__MilitaryService__1"
"http://dbpedia.org/ontology/militaryService","http://dbpedia.org/resource/Abu_al-Khasib__MilitaryService__1"
"http://dbpedia.org/ontology/nationality","http://dbpedia.org/resource/Malaysia"
"http://dbpedia.org/ontology/nationality","http://dbpedia.org/resource/Pakistan"
"http://dbpedia.org/ontology/originalName","أبو عاقلة كيكل"
"http://dbpedia.org/ontology/party","http://dbpedia.org/resource/Perikatan_Nasional"
"http://dbpedia.org/ontology/party","http://dbpedia.org/resource/Malaysian_Islamic_Party"
"http://dbpedia.org/ontology/party","http://dbpedia.org/resource/Pakatan_Harapan"
"http://dbpedia.org/ontology/party","http://dbpedia.org/resource/People's_Justice_Party_(Malaysia)"
"http://dbpedia.org/ontology/party","http://dbpedia.org/resource/Pakatan_Rakyat"
"http://dbpedia.org/ontology/party","http://dbpedia.org/resource/Prosperous_Justice_Party"
"http://dbpedia.org/ontology/party","http://dbpedia.org/resource/Jubilee_Coalition"
"http://dbpedia.org/ontology/party","http://dbpedia.org/resource/Kenya_African_National_Union"
"http://dbpedia.org/ontology/party","http://dbpedia.org/resource/United_Republican_Party_(Kenya)"
"http://dbpedia.org/ontology/party","http://dbpedia.org/resource/People's_National_Congress_(Maldives)"
"http://dbpedia.org/ontology/party","http://dbpedia.org/resource/Progressive_Party_of_Maldives"
"http://dbpedia.org/ontology/party","http://dbpedia.org/resource/Jumhooree_Party"
"http://dbpedia.org/ontology/profession","http://dbpedia.org/resource/Lawyer"
"http://dbpedia.org/ontology/profession","http://dbpedia.org/resource/Civil_service"
"http://dbpedia.org/ontology/relation","http://dbpedia.org/resource/Pengiran_Muhammad_Yusuf"
"http://dbpedia.org/ontology/residence","http://dbpedia.org/resource/Sungai_Bakap_(state_constituency)"
"http://dbpedia.org/ontology/residence","http://dbpedia.org/resource/Malaysia"
"http://dbpedia.org/ontology/residence","http://dbpedia.org/resource/Penang"
"http://dbpedia.org/ontology/residence","http://dbpedia.org/resource/Pakistan"
"http://dbpedia.org/ontology/residence","http://dbpedia.org/resource/Karachi"
"http://dbpedia.org/ontology/residence","http://dbpedia.org/resource/Auburn,_Maine"
"http://dbpedia.org/ontology/termPeriod","http://dbpedia.org/resource/Abidin_Ismail__Tenure__1"
"http://dbpedia.org/ontology/termPeriod","http://dbpedia.org/resource/Abram_Bergen__Tenure__1"
"http://dbpedia.org/ontology/termPeriod","http://dbpedia.org/resource/Abram_Bergen__Tenure__2"
"http://dbpedia.org/ontology/termPeriod","http://dbpedia.org/resource/Abu_al-Khasib__Tenure__1"
"http://dbpedia.org/ontology/termPeriod","http://dbpedia.org/resource/Abun_Sui_Anyit__Tenure__1"
"http://dbpedia.org/ontology/termPeriod","http://dbpedia.org/resource/Abun_Sui_Anyit__Tenure__2"
"http://dbpedia.org/ontology/termPeriod","http://dbpedia.org/resource/Abun_Sui_Anyit__Tenure__3"
"http://dbpedia.org/ontology/termPeriod","http://dbpedia.org/resource/Achmad_Yani_(politician)__Tenure__1"
"http://dbpedia.org/ontology/termPeriod","http://dbpedia.org/resource/Adam_R._Lee__Tenure__1"
"http://dbpedia.org/ontology/termPeriod","http://dbpedia.org/resource/Adam_Rahayaan__Tenure__1"
"http://dbpedia.org/ontology/termPeriod","http://dbpedia.org/resource/Adam_Rahayaan__Tenure__2"
"http://dbpedia.org/ontology/termPeriod","http://dbpedia.org/resource/Adan_Nooru__Tenure__1"
"http://dbpedia.org/ontology/termPeriod","http://dbpedia.org/resource/Adan_Nooru__Tenure__2"
"http://dbpedia.org/ontology/termPeriod","http://dbpedia.org/resource/Adel_Ismail_(historian)__Tenure__1"
"http://dbpedia.org/ontology/termPeriod","http://dbpedia.org/resource/Adel_Ismail_(historian)__Tenure__2"
"http://dbpedia.org/ontology/termPeriod","http://dbpedia.org/resource/Adetokunbo_Wahab__Tenure__1"
"http://dbpedia.org/ontology/termPeriod","http://dbpedia.org/resource/Adetokunbo_Wahab__Tenure__2"
"http://dbpedia.org/ontology/termPeriod","http://dbpedia.org/resource/Adnan_Buntar__Tenure__1"
"http://dbpedia.org/ontology/termPeriod","http://dbpedia.org/resource/Adnan_Buntar__Tenure__2"
"http://dbpedia.org/ontology/termPeriod","http://dbpedia.org/resource/Adnan_Buntar__Tenure__3"
"http://dbpedia.org/ontology/termPeriod","http://dbpedia.org/resource/Adrielle_Camuel__Tenure__1"
"http://dbpedia.org/ontology/termPeriod","http://dbpedia.org/resource/Adron_Doran__Tenure__1"
"http://dbpedia.org/ontology/termPeriod","http://dbpedia.org/resource/Adron_Doran__Tenure__2"
"http://dbpedia.org/ontology/termPeriod","http://dbpedia.org/resource/Adron_Doran__Tenure__3"
"http://dbpedia.org/ontology/termPeriod","http://dbpedia.org/resource/Aftab_Durrani__Tenure__1"
"http://dbpedia.org/ontology/termPeriod","http://dbpedia.org/resource/Aftab_Durrani__Tenure__2"
"http://dbpedia.org/ontology/termPeriod","http://dbpedia.org/resource/Ahmed_Musthafa_Mohamed__Tenure__1"
"http://dbpedia.org/ontology/termPeriod","http://dbpedia.org/resource/Ahmed_Musthafa_Mohamed__Tenure__2"
"http://dbpedia.org/ontology/termPeriod","http://dbpedia.org/resource/Ahmed_Musthafa_Mohamed__Tenure__3"
"http://dbpedia.org/ontology/termPeriod","http://dbpedia.org/resource/Ahmed_Nareesh__Tenure__1"
"http://dbpedia.org/ontology/termPeriod","http://dbpedia.org/resource/Ahmed_Nareesh__Tenure__2"
"http://dbpedia.org/ontology/termPeriod","http://dbpedia.org/resource/Ahmed_Nareesh__Tenure__3"
"http://dbpedia.org/ontology/termPeriod","http://dbpedia.org/resource/Ahmed_Nihan__Tenure__1"
"http://dbpedia.org/ontology/termPeriod","http://dbpedia.org/resource/Ahmed_Nihan__Tenure__2"
"http://dbpedia.org/ontology/thumbnail","http://commons.wikimedia.org/wiki/Special:FilePath/Abram_Bergen_(1836–1906).png?width=300"
"http://dbpedia.org/ontology/thumbnail","http://commons.wikimedia.org/wiki/Special:FilePath/Sudan_Army_-_OF07.svg?width=300"
"http://dbpedia.org/ontology/thumbnail","http://commons.wikimedia.org/wiki/Special:FilePath/Anggota_DPRD_Jakarta_Achmad_Yani.jpg?width=300"
"http://dbpedia.org/ontology/thumbnail","http://commons.wikimedia.org/wiki/Special:FilePath/Wali_Kota_Tual_Adam_Rahayaan.jpg?width=300"
"http://dbpedia.org/ontology/thumbnail","http://commons.wikimedia.org/wiki/Special:FilePath/Adnan_Buntar_in_2018.jpg?width=300"
"http://dbpedia.org/ontology/thumbnail","http://commons.wikimedia.org/wiki/Special:FilePath/Adrielle_Camuel.jpg?width=300"
"http://dbpedia.org/ontology/thumbnail","http://commons.wikimedia.org/wiki/Special:FilePath/Ahmed_Musthafa_Mohamed_portrait.jpg?width=300"
"http://dbpedia.org/ontology/thumbnail","http://commons.wikimedia.org/wiki/Special:FilePath/Ahmed_Nareesh_portrait_2025.jpg?width=300"
"http://dbpedia.org/ontology/thumbnail","http://commons.wikimedia.org/wiki/Special:FilePath/CgpxfnJxKMUd3Kla7W0UE346XcxkRE03fhEE0DTV.jpg?width=300"
"http://dbpedia.org/property/wikiPageUsesTemplate","http://dbpedia.org/resource/Template:Dead_link"
"http://dbpedia.org/property/wikiPageUsesTemplate","http://dbpedia.org/resource/Template:Small"
"http://dbpedia.org/property/wikiPageUsesTemplate","http://dbpedia.org/resource/Template:Birth_year"
"http://dbpedia.org/property/wikiPageUsesTemplate","http://dbpedia.org/resource/Template:S-off"
"http://dbpedia.org/property/wikiPageUsesTemplate","http://dbpedia.org/resource/Template:Succession_box"
"http://dbpedia.org/property/wikiPageUsesTemplate","http://dbpedia.org/resource/Template:Sudan-stub"
"http://dbpedia.org/property/wikiPageUsesTemplate","http://dbpedia.org/resource/Template:Birth_based_on_age_as_of_date"
"http://dbpedia.org/property/wikiPageUsesTemplate","http://dbpedia.org/resource/Template:Flagicon_image"
"http://dbpedia.org/property/wikiPageUsesTemplate","http://dbpedia.org/resource/Template:Tree_list"
"http://dbpedia.org/property/wikiPageUsesTemplate","http://dbpedia.org/resource/Template:Tree_list/end"
"http://dbpedia.org/property/wikiPageUsesTemplate","http://dbpedia.org/resource/Template:Cambridge_History_of_Iran"
"http://dbpedia.org/property/wikiPageUsesTemplate","http://dbpedia.org/resource/Template:Sfn"
"http://dbpedia.org/property/wikiPageUsesTemplate","http://dbpedia.org/resource/Template:Rp"
"http://dbpedia.org/property/wikiPageUsesTemplate","http://dbpedia.org/resource/Template:Use_Indian_English"
"http://dbpedia.org/property/wikiPageUsesTemplate","http://dbpedia.org/resource/Template:Birth_year_and_age"
"http://dbpedia.org/property/wikiPageUsesTemplate","http://dbpedia.org/resource/Template:Facebook"
"http://dbpedia.org/property/wikiPageUsesTemplate","http://dbpedia.org/resource/Template:Use_Malaysian_English"
"http://dbpedia.org/property/wikiPageUsesTemplate","http://dbpedia.org/resource/Template:Maine_House_of_Representatives"
"http://dbpedia.org/property/wikiPageUsesTemplate","http://dbpedia.org/resource/Template:More_footnotes_needed"
"http://dbpedia.org/property/wikiPageUsesTemplate","http://dbpedia.org/resource/Template:Update_after"
"http://dbpedia.org/property/wikiPageUsesTemplate","http://dbpedia.org/resource/Template:Maine-MERepresentative-stub"
"http://dbpedia.org/property/wikiPageUsesTemplate","http://dbpedia.org/resource/Template:Kenya-politician-stub"
"http://dbpedia.org/property/wikiPageUsesTemplate","http://dbpedia.org/resource/Template:For"
"http://dbpedia.org/property/wikiPageUsesTemplate","http://dbpedia.org/resource/Template:Election_box_candidate_unopposed_with_party_link"
"http://dbpedia.org/property/wikiPageUsesTemplate","http://dbpedia.org/resource/Template:Election_box_hold_with_party_link_no_swing"
"http://dbpedia.org/property/wikiPageUsesTemplate","http://dbpedia.org/resource/Template:Kentucky-politician-stub"
"http://dbpedia.org/property/wikiPageUsesTemplate","http://dbpedia.org/resource/Template:Pakistan-bio-stub"
"http://dbpedia.org/property/wikiPageUsesTemplate","http://dbpedia.org/resource/Template:Interior_Secretary_of_Pakistan"
"http://dbpedia.org/property/wikiPageUsesTemplate","http://dbpedia.org/resource/Template:Use_British_English"
"http://dbpedia.org/property/wikiPageUsesTemplate","http://dbpedia.org/resource/Template:Mayors_of_Malé"
"http://dbpedia.org/property/wikiPageUsesTemplate","http://dbpedia.org/resource/Template:Nobold"
"http://dbpedia.org/property/wikiPageUsesTemplate","http://dbpedia.org/resource/Template:Maldivian_Name"
"http://dbpedia.org/property/assembly","Penang State Legislative"
"http://dbpedia.org/property/battles","* Sudanese civil war (2023-present)
** First Battle of Wad Madani
** Sennar offensive
*** Battle of Jebel Moya
** Second Battle of Wad Madani
** Battle of Khartoum"
"http://dbpedia.org/property/birthDate",1968-12-07
"http://dbpedia.org/property/birthDate","March"
"http://dbpedia.org/property/birthDate",1908-07-01
"http://dbpedia.org/property/birthDate",1963-06-07
"http://dbpedia.org/property/birthDate",1967-07-27
"http://dbpedia.org/property/birthDate",1928-01-18
"http://dbpedia.org/property/birthDate",1972-05-17
"http://dbpedia.org/property/birthDate",1909-09-01
"http://dbpedia.org/property/citizenship","Malaysian"
"http://dbpedia.org/property/constituency","http://dbpedia.org/resource/Villingili_(Villimalé)"
"http://dbpedia.org/property/constituency","Villimaafannu"
"http://dbpedia.org/property/deathDate",1906-02-05
"http://dbpedia.org/property/deathDate","unknown"
"http://dbpedia.org/property/deathDate",2001-11-22
"http://dbpedia.org/property/education","http://dbpedia.org/resource/Illinois_College"
"http://dbpedia.org/property/education","Bachelor of Arts in history, Juris Doctor cum laude"
"http://dbpedia.org/property/governor","http://dbpedia.org/resource/Said_Assagaff"
"http://dbpedia.org/property/governor","http://dbpedia.org/resource/Karel_Albert_Ralahalu"
"http://dbpedia.org/property/governor","Murad Ismail"
"http://dbpedia.org/property/governor","Said Assagaff"
"http://dbpedia.org/property/nativeNameLang","ar"
"http://dbpedia.org/property/occupation","Lawyer"
"http://dbpedia.org/property/occupation","Lawyer and Politician"
"http://dbpedia.org/property/office","Member of the Minnesota Senate"
"http://dbpedia.org/property/office","Justice of the New Mexico Territorial Supreme Court"
"http://dbpedia.org/property/office","Abbasid Governor of Tabaristan"
"http://dbpedia.org/property/office","http://dbpedia.org/resource/Dewan_Negara"
"http://dbpedia.org/property/office","People's Justice Party of"
"http://dbpedia.org/property/office","Branch Chief of the"
"http://dbpedia.org/property/office","Hulu Rajang"
"http://dbpedia.org/property/office","Member of the Central Leadership Council of People's Justice Party"
"http://dbpedia.org/property/office","Member of Jakarta Regional House of Representatives"
"http://dbpedia.org/property/office",1
"http://dbpedia.org/property/office",0001-05-02
"http://dbpedia.org/property/office","Member of the East African Legislative Assembly"
"http://dbpedia.org/property/office","Member of the Kenyan Parliament for Mandera North Constituency"
"http://dbpedia.org/property/office","Ambassador of Lebanon to Morocco"
"http://dbpedia.org/property/office","Permanent Representative of Lebanon to the UNESCO"
"http://dbpedia.org/property/office","Special Adviser on Education to the Lagos State Governor"
"http://dbpedia.org/property/office","Commissioner for the Environment and Water Resources"
"http://dbpedia.org/property/office","http://dbpedia.org/resource/List_of_ambassadors_of_Brunei_to_Japan"
"http://dbpedia.org/property/office","Speaker of the Kentucky House of Representatives"
"http://dbpedia.org/property/office","http://dbpedia.org/resource/Interior_Secretary_of_Pakistan"
"http://dbpedia.org/property/office","Secretary of Religious Affairs and Interfaith Harmony"
"http://dbpedia.org/property/office","http://dbpedia.org/resource/Ministry_of_Tourism_(Maldives)"
"http://dbpedia.org/property/office","Chief of Staff at The President's Office"
"http://dbpedia.org/property/office","Deputy Minister of Environment and Energy"
"http://dbpedia.org/property/office","http://dbpedia.org/resource/List_of_mayors_of_Malé"
"http://dbpedia.org/property/office","Deputy Mayor of Malé"
"http://dbpedia.org/property/office","Advisor to the Minister of Youth Empowerment, Information and Arts"
"http://dbpedia.org/property/office","Member of the People's Majlis"
"http://dbpedia.org/property/order",79
"http://dbpedia.org/property/otherparty","http://dbpedia.org/resource/Perikatan_Nasional"
"http://dbpedia.org/property/otherparty","Pakatan Rakyat"
"http://dbpedia.org/property/otherparty","Pakatan Harapan"
"http://dbpedia.org/property/otherparty","http://dbpedia.org/resource/Jubilee_Coalition"
"http://dbpedia.org/property/otherparty","http://dbpedia.org/resource/Progressive_Party_of_Maldives"
"http://dbpedia.org/property/otherparty","http://dbpedia.org/resource/People's_National_Congress_(Maldives)"
"http://dbpedia.org/property/party","http://dbpedia.org/resource/Malaysian_Islamic_Party"
"http://dbpedia.org/property/party","People's Justice Party"
"http://dbpedia.org/property/party","http://dbpedia.org/resource/Prosperous_Justice_Party"
"http://dbpedia.org/property/party","http://dbpedia.org/resource/United_Republican_Party_(Kenya)"
"http://dbpedia.org/property/party","KANU"
"http://dbpedia.org/property/party","http://dbpedia.org/resource/People's_National_Congress_(Maldives)"
"http://dbpedia.org/property/party","http://dbpedia.org/resource/Jumhooree_Party"
"http://dbpedia.org/property/predecessor","http://dbpedia.org/resource/Nor_Zamri_Latiff"
"http://dbpedia.org/property/predecessor","Khurshid"
"http://dbpedia.org/property/predecessor","http://dbpedia.org/resource/Holly_Stover"
"http://dbpedia.org/property/predecessor","M. M. Taher"
"http://dbpedia.org/property/predecessor","Abdikadir Hussein Mohamed"
"http://dbpedia.org/property/predecessor","Position established"
"http://dbpedia.org/property/predecessor","http://dbpedia.org/resource/Nor_Jeludin"
"http://dbpedia.org/property/predecessor","http://dbpedia.org/resource/Mahadi_Wasli"
"http://dbpedia.org/property/predecessor","http://dbpedia.org/resource/Lamin_Swann"
"http://dbpedia.org/property/predecessor","http://dbpedia.org/resource/Herbert_Tinsley"
"http://dbpedia.org/property/predecessor","J. Earnest Jones"
"http://dbpedia.org/property/predecessor","Wayne W. Freeman"
"http://dbpedia.org/property/predecessor","http://dbpedia.org/resource/Abdullah_Khan_Sumbal"
"http://dbpedia.org/property/predecessor","Ahmed Shameem"
"http://dbpedia.org/property/predecessor","Dr Mohamed Ali"
"http://dbpedia.org/property/predecessor","Mohamed Muizzu"
"http://dbpedia.org/property/president","http://dbpedia.org/resource/Anwar_Ibrahim"
"http://dbpedia.org/property/president","Anwar Ibrahim"
"http://dbpedia.org/property/president","http://dbpedia.org/resource/Joko_Widodo"
"http://dbpedia.org/property/president","http://dbpedia.org/resource/Susilo_Bambang_Yudhoyono"
"http://dbpedia.org/property/president","Joko Widodo"
"http://dbpedia.org/property/president","http://dbpedia.org/resource/Mohamed_Waheed_Hassan"
"http://dbpedia.org/property/president","http://dbpedia.org/resource/Ibrahim_Mohamed_Solih"
"http://dbpedia.org/property/president","http://dbpedia.org/resource/Mohamed_Nasheed"
"http://dbpedia.org/property/spouse","Fadhilah Mat Hashim"
"http://dbpedia.org/property/spouse","Heidi McCarthy"
"http://dbpedia.org/property/spouse","Pengiran Yura Alaiti"
"http://dbpedia.org/property/spouse",1941
"http://dbpedia.org/property/spouse","Magnon McClain"
"http://dbpedia.org/property/stateHouse","Maine"
"http://dbpedia.org/property/successor","http://dbpedia.org/resource/Khazim_ibn_Khuzayma_al-Tamimi"
"http://dbpedia.org/property/successor","http://dbpedia.org/resource/Akhmad_Yani_Renuat"
"http://dbpedia.org/property/successor","Adan Kerrow Billow"
"http://dbpedia.org/property/successor","Bashir Abdullaih"
"http://dbpedia.org/property/successor","http://dbpedia.org/resource/Ali_Hassan_(diplomat)"
"http://dbpedia.org/property/successor","http://dbpedia.org/resource/Alias_Serbini"
"http://dbpedia.org/property/successor","http://dbpedia.org/resource/Abdul_Mokti_Daud"
"http://dbpedia.org/property/successor","http://dbpedia.org/resource/Charles_W._Burnley"
"http://dbpedia.org/property/successor","J. Earnest Jones"
"http://dbpedia.org/property/successor","L. M. Tipton Reed"
"http://dbpedia.org/property/termEnd",1869
"http://dbpedia.org/property/termEnd",763
"http://dbpedia.org/property/termEnd",2023-10-31
"http://dbpedia.org/property/termEnd",2002
"http://dbpedia.org/property/termEnd",1985
"http://dbpedia.org/property/termEnd",1990
"http://dbpedia.org/property/termEnd","May 2023"
"http://dbpedia.org/property/termEnd",1997
"http://dbpedia.org/property/termEnd",2004
"http://dbpedia.org/property/termEnd","October 2008"
"http://dbpedia.org/property/termEnd",1952
"http://dbpedia.org/property/termEnd",1948-01-01
"http://dbpedia.org/property/termEnd",1952-01-01
"http://dbpedia.org/property/termStart",2024-07-06
"http://dbpedia.org/property/termStart",1868
"http://dbpedia.org/property/termStart",1869
"http://dbpedia.org/property/termStart",760
"http://dbpedia.org/property/termStart",2014
"http://dbpedia.org/property/termStart",2022-07-29
"http://dbpedia.org/property/termStart",2023-03-20
"http://dbpedia.org/property/termStart",2014-08-25
"http://dbpedia.org/property/termStart",2022-12-07
"http://dbpedia.org/property/termStart",2016-05-23
"http://dbpedia.org/property/termStart",1983
"http://dbpedia.org/property/termStart",1978
"http://dbpedia.org/property/termStart",1985
"http://dbpedia.org/property/termStart","September 2023"
"http://dbpedia.org/property/termStart","August 2019"
"http://dbpedia.org/property/termStart",1994-08-08
"http://dbpedia.org/property/termStart",2002-09-13
"http://dbpedia.org/property/termStart",2005-11-14
"http://dbpedia.org/property/termStart",2023-11-29
"http://dbpedia.org/property/termStart",1950
"http://dbpedia.org/property/termStart",1944-01-01
"http://dbpedia.org/property/termStart",1950-01-01
"http://dbpedia.org/property/termStart",2023-09-18
"http://dbpedia.org/property/termStart",2014-04-24
"http://dbpedia.org/property/termStart",2025-03-16
"http://dbpedia.org/property/title","http://dbpedia.org/resource/List_of_justices_of_the_New_Mexico_Supreme_Court"
"http://dbpedia.org/property/title","Appointed by Yang di-Pertuan Agong"
"http://dbpedia.org/property/title","Member of the Maine House of Representatives"
"http://dbpedia.org/property/title","http://dbpedia.org/resource/List_of_ambassadors_of_Brunei_to_Japan"
"http://dbpedia.org/property/years",1869
"http://dbpedia.org/property/years",2023
"http://dbpedia.org/property/years",0001-08-08
"http://dbpedia.org/property/years",0001-09-13
"http://dbpedia.org/property/years",0001-11-14
"http://dbpedia.org/property/1blankname","Mayors"
"http://dbpedia.org/property/1namedata","Adam Azim"
"http://dbpedia.org/property/1namedata","Mohamed Muizzu"
"http://dbpedia.org/property/nationality","Malaysia"
"http://dbpedia.org/property/nationality","Pakistan"
"http://dbpedia.org/property/nationality","Lebanese"
"http://dbpedia.org/property/nationality","Nigerian"
"http://dbpedia.org/property/nationality","Pakistani"
"http://dbpedia.org/property/profession","Businessman"
"http://dbpedia.org/property/profession","civil servant"
"http://dbpedia.org/property/profession","Lawyer"
"http://dbpedia.org/property/profession","http://dbpedia.org/resource/Lawyer"
"http://dbpedia.org/property/profession","Politician"
"http://dbpedia.org/property/profession","http://dbpedia.org/resource/Civil_service"
"http://dbpedia.org/property/relations","Zalina Ismail"
"http://dbpedia.org/property/relations","http://dbpedia.org/resource/Pengiran_Muhammad_Yusuf"
"http://dbpedia.org/property/votes",750
"http://dbpedia.org/property/votes",1985
"http://dbpedia.org/property/votes",2735
"http://dbpedia.org/property/votes",5841
"http://dbpedia.org/property/votes",7924
"http://dbpedia.org/property/votes",13264
"http://dbpedia.org/property/candidate","Adrielle Camuel"
"http://dbpedia.org/property/candidate","Kyle Whalen"
"http://dbpedia.org/property/candidate","Sarah Ritter"
"http://dbpedia.org/property/percentage",27.4
"http://dbpedia.org/property/percentage",42.4
"http://dbpedia.org/property/percentage",57.6
"http://dbpedia.org/property/percentage",72.59999999999999
"http://dbpedia.org/property/percentage",100
"http://dbpedia.org/property/birthName","Abidin bin Ismail"
"http://dbpedia.org/property/birthName","Ahmed Nihan Hussain Manik"
"http://www.w3.org/ns/prov#wasDerivedFrom","http://en.wikipedia.org/wiki/Abidin_Ismail?oldid=1303857387&ns=0"
"http://www.w3.org/ns/prov#wasDerivedFrom","http://en.wikipedia.org/wiki/Abram_Bergen?oldid=1263154600&ns=0"
"http://www.w3.org/ns/prov#wasDerivedFrom","http://en.wikipedia.org/wiki/Abu_Aqla_Kikal?oldid=1292404812&ns=0"
"http://www.w3.org/ns/prov#wasDerivedFrom","http://en.wikipedia.org/wiki/Abu_al-Khasib?oldid=1311277049&ns=0"
"http://www.w3.org/ns/prov#wasDerivedFrom","http://en.wikipedia.org/wiki/Abul_Hasan_Quraishi?oldid=1303753962&ns=0"
"http://www.w3.org/ns/prov#wasDerivedFrom","http://en.wikipedia.org/wiki/Abun_Sui_Anyit?oldid=1304612839&ns=0"
"http://www.w3.org/ns/prov#wasDerivedFrom","http://en.wikipedia.org/wiki/Achmad_Yani_(politician)?oldid=1305070923&ns=0"
"http://www.w3.org/ns/prov#wasDerivedFrom","http://en.wikipedia.org/wiki/Adam_R._Lee?oldid=1292383961&ns=0"
"http://www.w3.org/ns/prov#wasDerivedFrom","http://en.wikipedia.org/wiki/Adam_Rahayaan?oldid=1293376363&ns=0"
"http://www.w3.org/ns/prov#wasDerivedFrom","http://en.wikipedia.org/wiki/Adan_Nooru?oldid=1287602693&ns=0"
"http://www.w3.org/ns/prov#wasDerivedFrom","http://en.wikipedia.org/wiki/Adel_Ismail_(historian)?oldid=1280928591&ns=0"
"http://www.w3.org/ns/prov#wasDerivedFrom","http://en.wikipedia.org/wiki/Adetokunbo_Wahab?oldid=1285624322&ns=0"
"http://www.w3.org/ns/prov#wasDerivedFrom","http://en.wikipedia.org/wiki/Adnan_Buntar?oldid=1296306780&ns=0"
"http://www.w3.org/ns/prov#wasDerivedFrom","http://en.wikipedia.org/wiki/Adrielle_Camuel?oldid=1292875496&ns=0"
"http://www.w3.org/ns/prov#wasDerivedFrom","http://en.wikipedia.org/wiki/Adron_Doran?oldid=1306983836&ns=0"
"http://www.w3.org/ns/prov#wasDerivedFrom","http://en.wikipedia.org/wiki/Aftab_Durrani?oldid=1287147326&ns=0"
"http://www.w3.org/ns/prov#wasDerivedFrom","http://en.wikipedia.org/wiki/Ahmed_Musthafa_Mohamed?oldid=1293735528&ns=0"
"http://www.w3.org/ns/prov#wasDerivedFrom","http://en.wikipedia.org/wiki/Ahmed_Nareesh?oldid=1309116364&ns=0"
"http://www.w3.org/ns/prov#wasDerivedFrom","http://en.wikipedia.org/wiki/Ahmed_Nihan?oldid=1268745322&ns=0"
"http://dbpedia.org/property/after","http://dbpedia.org/resource/Benjamin_J._Waters"
"http://dbpedia.org/property/authorlink","Wilferd Madelung"
"http://dbpedia.org/property/before","http://dbpedia.org/resource/Joab_Houghton"
"http://dbpedia.org/property/chapter","The Minor Dynasties of Northern Iran"
"http://dbpedia.org/property/honorificPrefix","http://dbpedia.org/resource/Major_general"
"http://dbpedia.org/property/honorificPrefix","http://dbpedia.org/resource/Dewan_Negara"
"http://dbpedia.org/property/honorificPrefix","Hon."
"http://dbpedia.org/property/residence","Taman Sungai Duri Indah, Sungai Duri, Sungai Bakap, Penang, Malaysia"
"http://dbpedia.org/property/residence","Karachi, Pakistan"
"http://dbpedia.org/property/residence","http://dbpedia.org/resource/Auburn,_Maine"
"http://dbpedia.org/property/caption","Kikal in 2025"
"http://dbpedia.org/property/caption","Official portrait, 2019"
"http://dbpedia.org/property/caption","Adnan in 2018"
"http://dbpedia.org/property/caption","Official portrait, 2014"
"http://dbpedia.org/property/caption","Official portrait, 2025"
"http://dbpedia.org/property/children",2
"http://dbpedia.org/property/parents","Che Rifiah Zakaria"
"http://dbpedia.org/property/status","Acting"
"http://dbpedia.org/property/date","August 2025"
"http://dbpedia.org/property/allegiance","Sudanese Armed Forces"
"http://dbpedia.org/property/allegiance","Rapid Support Forces"
"http://dbpedia.org/property/allegiance","http://dbpedia.org/resource/Abbasid_Caliphate"
"http://dbpedia.org/property/commands","RSF in Gezira State and Sennar State"
"http://dbpedia.org/property/commands","SAF in Gezira and Khartoum State"
"http://dbpedia.org/property/nativeName",""
"http://dbpedia.org/property/nativeName","أبو عاقلة كيكل"
"http://dbpedia.org/property/monarch","http://dbpedia.org/resource/Al-Mansur"
"http://dbpedia.org/property/monarch","Abdullah"
"http://dbpedia.org/property/monarch","Ibrahim Iskandar"
"http://dbpedia.org/property/primeminister","http://dbpedia.org/resource/Anwar_Ibrahim"
"http://dbpedia.org/property/bot","InternetArchiveBot"
"http://dbpedia.org/property/first","W."
"http://dbpedia.org/property/fixAttempted","yes"
"http://dbpedia.org/property/last","Madelung"
"http://dbpedia.org/property/majority",4267
"http://dbpedia.org/property/volume",4
"http://dbpedia.org/property/imagesize",220
"http://dbpedia.org/property/deputy","Abdul Hamid Rahayaan"
"http://dbpedia.org/property/deputy","Usman Tamgne"
"http://dbpedia.org/property/constituencyAm","http://dbpedia.org/resource/Sungai_Bakap_(state_constituency)"
"http://dbpedia.org/property/district",89
"http://dbpedia.org/property/district","93.0"
"http://dbpedia.org/property/district","3.0"
"http://dbpedia.org/property/succeeded","Abdulla Hameed"
"http://dbpedia.org/property/succeeded","Ali Zahir"
"http://dbpedia.org/property/succeeded","Ahmed Solih"
"http://dbpedia.org/property/succeeded","http://dbpedia.org/resource/Adam_Azim_(politician)"
"http://dbpedia.org/property/succeeded","Mohamed Areesh"
"http://dbpedia.org/property/succeeded","http://dbpedia.org/resource/Ahmed_Usham"
"http://dbpedia.org/property/termend",2016
"http://dbpedia.org/property/termend",2013-12-05
"http://dbpedia.org/property/termend",2014-04-24
"http://dbpedia.org/property/termend",2024-01-22
"http://dbpedia.org/property/termend",2025-03-12
"http://dbpedia.org/property/termend",2014
"http://dbpedia.org/property/termstart",2008
"http://dbpedia.org/property/termstart",0001-04-30
"http://dbpedia.org/property/termstart",2013-12-05
"http://dbpedia.org/property/termstart",2021-06-21
"http://dbpedia.org/property/termstart",2023-11-17
"http://dbpedia.org/property/termstart",2009
"http://xmlns.com/foaf/0.1/isPrimaryTopicOf","http://en.wikipedia.org/wiki/Abidin_Ismail"
"http://xmlns.com/foaf/0.1/isPrimaryTopicOf","http://en.wikipedia.org/wiki/Abram_Bergen"
"http://xmlns.com/foaf/0.1/isPrimaryTopicOf","http://en.wikipedia.org/wiki/Abu_Aqla_Kikal"
"http://xmlns.com/foaf/0.1/isPrimaryTopicOf","http://en.wikipedia.org/wiki/Abu_al-Khasib"
"http://xmlns.com/foaf/0.1/isPrimaryTopicOf","http://en.wikipedia.org/wiki/Abul_Hasan_Quraishi"
"http://xmlns.com/foaf/0.1/isPrimaryTopicOf","http://en.wikipedia.org/wiki/Abun_Sui_Anyit"
"http://xmlns.com/foaf/0.1/isPrimaryTopicOf","http://en.wikipedia.org/wiki/Achmad_Yani_(politician)"
"http://xmlns.com/foaf/0.1/isPrimaryTopicOf","http://en.wikipedia.org/wiki/Adam_R._Lee"
"http://xmlns.com/foaf/0.1/isPrimaryTopicOf","http://en.wikipedia.org/wiki/Adam_Rahayaan"
"http://xmlns.com/foaf/0.1/isPrimaryTopicOf","http://en.wikipedia.org/wiki/Adan_Nooru"
"http://xmlns.com/foaf/0.1/isPrimaryTopicOf","http://en.wikipedia.org/wiki/Adel_Ismail_(historian)"
"http://xmlns.com/foaf/0.1/isPrimaryTopicOf","http://en.wikipedia.org/wiki/Adetokunbo_Wahab"
"http://xmlns.com/foaf/0.1/isPrimaryTopicOf","http://en.wikipedia.org/wiki/Adnan_Buntar"
"http://xmlns.com/foaf/0.1/isPrimaryTopicOf","http://en.wikipedia.org/wiki/Adrielle_Camuel"
"http://xmlns.com/foaf/0.1/isPrimaryTopicOf","http://en.wikipedia.org/wiki/Adron_Doran"
"http://xmlns.com/foaf/0.1/isPrimaryTopicOf","http://en.wikipedia.org/wiki/Aftab_Durrani"
"http://xmlns.com/foaf/0.1/isPrimaryTopicOf","http://en.wikipedia.org/wiki/Ahmed_Musthafa_Mohamed"
"http://xmlns.com/foaf/0.1/isPrimaryTopicOf","http://en.wikipedia.org/wiki/Ahmed_Nareesh"
"http://xmlns.com/foaf/0.1/isPrimaryTopicOf","http://en.wikipedia.org/wiki/Ahmed_Nihan"
"http://www.w3.org/2002/07/owl#sameAs","http://www.wikidata.org/entity/Q115109588"
"http://www.w3.org/2002/07/owl#sameAs","https://global.dbpedia.org/id/GnDK7"
"http://www.w3.org/2002/07/owl#sameAs","http://www.wikidata.org/entity/Q110812858"
"http://www.w3.org/2002/07/owl#sameAs","https://global.dbpedia.org/id/GCGBV"
"http://xmlns.com/foaf/0.1/nick","El Viejo (The Old Man)"
"http://xmlns.com/foaf/0.1/name","Ahmed Saleem"
"http://xmlns.com/foaf/0.1/name","Ahmed Usham"
"http://xmlns.com/foaf/0.1/name","Aishath Rameela"
"http://xmlns.com/foaf/0.1/name","Aishath Shiham"
"http://xmlns.com/foaf/0.1/name","Ajai Kumar Singh"
"http://xmlns.com/foaf/0.1/name","Al-Sindi ibn Shahak"
"http://xmlns.com/foaf/0.1/name","Ali Ashraf"
"http://xmlns.com/foaf/0.1/name","Ali Haidar Ahmed"
"http://xmlns.com/foaf/0.1/name","Ali Ihusaan"
"http://xmlns.com/foaf/0.1/name","Ali Zia Bajwa"
"http://xmlns.com/foaf/0.1/name","Allison Hepler"
"http://xmlns.com/foaf/0.1/name","Alney E. Chaffee"
"http://xmlns.com/foaf/0.1/name","Alonso de Ávalos Saavedra"
"http://xmlns.com/foaf/0.1/name","Maulana Amanullah Haqqani"
"http://xmlns.com/foaf/0.1/name","Ambrosio Peñailillo"
"http://xmlns.com/foaf/0.1/name","Ameen Khan"
"http://xmlns.com/foaf/0.1/name","Amelia Tucker"
"http://www.w3.org/2000/01/rdf-schema#label","Ahmed Saleem (deputy speaker)"
"http://www.w3.org/2000/01/rdf-schema#label","Ahmed Saleem MP"
"http://www.w3.org/2000/01/rdf-schema#label","Ahmed Shiyam (minister)"
"http://www.w3.org/2000/01/rdf-schema#label","Ahmed Usham"
"http://www.w3.org/2000/01/rdf-schema#label","Aishath Rameela"
"http://www.w3.org/2000/01/rdf-schema#label","Aishath Shiham"
"http://www.w3.org/2000/01/rdf-schema#label","Ajai Kumar Singh"
"http://www.w3.org/2000/01/rdf-schema#label","Al-Sindi ibn Shahak"
"http://www.w3.org/2000/01/rdf-schema#label","Alberto Armando Romero Rodríguez"
"http://www.w3.org/2000/01/rdf-schema#label","Ali Ashraf (academic)"
"http://www.w3.org/2000/01/rdf-schema#label","Ali Haidar Ahmed"
"http://www.w3.org/2000/01/rdf-schema#label","Ali Ihusaan"
"http://www.w3.org/2000/01/rdf-schema#label","Ali Zia Bajwa"
"http://www.w3.org/2000/01/rdf-schema#label","Allison Hepler"
"http://www.w3.org/2000/01/rdf-schema#label","Alney E. Chaffee"
"http://www.w3.org/2000/01/rdf-schema#label","Alonso de Ávalos Saavedra"
"http://www.w3.org/2000/01/rdf-schema#label","Amanullah Haqqani"
"http://www.w3.org/2000/01/rdf-schema#label","Ambrosio Peñailillo"
"http://www.w3.org/2000/01/rdf-schema#label","Ameen Khan"
"http://www.w3.org/2000/01/rdf-schema#label","Amelia Tucker"
"http://dbpedia.org/ontology/deathPlace","http://dbpedia.org/resource/New_Spain"
"http://dbpedia.org/ontology/deathPlace","http://dbpedia.org/resource/Sayula,_Jalisco"
"http://dbpedia.org/ontology/deathPlace","http://dbpedia.org/resource/Bolivia"
"http://dbpedia.org/ontology/deathPlace","http://dbpedia.org/resource/La_Paz"
"http://dbpedia.org/ontology/deathPlace","http://dbpedia.org/resource/California"
"http://dbpedia.org/ontology/deathPlace","http://dbpedia.org/resource/Los_Angeles"
"http://dbpedia.org/property/deathPlace","Amatitlán, Sayula, Province of Ávalos, New Spain"
"http://dbpedia.org/property/deathPlace","La Paz, Bolivia"
"http://dbpedia.org/property/deathPlace","Los Angeles, California, US"
"http://dbpedia.org/ontology/deathDate",1857-03-21
"http://dbpedia.org/ontology/deathDate",2018-12-10
"http://dbpedia.org/ontology/deathDate",1872-05-25
"http://dbpedia.org/ontology/deathDate",1987-02-09
"http://dbpedia.org/ontology/birthPlace","http://dbpedia.org/resource/Naifaru"
"http://dbpedia.org/ontology/birthPlace","http://dbpedia.org/resource/Galolhu"
"http://dbpedia.org/ontology/birthPlace","http://dbpedia.org/resource/Abbasid_Caliphate"
"http://dbpedia.org/ontology/birthPlace","http://dbpedia.org/resource/Cojutepeque"
"http://dbpedia.org/ontology/birthPlace","http://dbpedia.org/resource/Machchangolhi"
"http://dbpedia.org/ontology/birthPlace","http://dbpedia.org/resource/Addu_City"
"http://dbpedia.org/ontology/birthPlace","http://dbpedia.org/resource/Addu_Atoll"
"http://dbpedia.org/ontology/birthPlace","http://dbpedia.org/resource/Feydhoo_(Addu_Atoll)"
"http://dbpedia.org/ontology/birthPlace","http://dbpedia.org/resource/Vermont"
"http://dbpedia.org/ontology/birthPlace","http://dbpedia.org/resource/Spain"
"http://dbpedia.org/ontology/birthPlace","http://dbpedia.org/resource/Medellín,_Spain"
"http://dbpedia.org/ontology/birthPlace","http://dbpedia.org/resource/La_Paz"
"http://dbpedia.org/ontology/birthPlace","http://dbpedia.org/resource/Viceroyalty_of_Peru"
"http://dbpedia.org/ontology/birthPlace","http://dbpedia.org/resource/Rajasthan"
"http://dbpedia.org/ontology/birthPlace","http://dbpedia.org/resource/Barmer,_Rajasthan"
"http://dbpedia.org/ontology/birthPlace","http://dbpedia.org/resource/Alabama"
"http://dbpedia.org/property/birthPlace","Naifaru, Lhaviyani Atoll, Maldives"
"http://dbpedia.org/property/birthPlace","Galolhu, Malé, Maldives"
"http://dbpedia.org/property/birthPlace","Abbasid Caliphate"
"http://dbpedia.org/property/birthPlace","Cojutepeque, El Salvador"
"http://dbpedia.org/property/birthPlace","Machchangolhi, Malé, Maldives"
"http://dbpedia.org/property/birthPlace","Feydhoo, Addu City, Seenu Atoll, Maldives"
"http://dbpedia.org/property/birthPlace","Vermont, US"
"http://dbpedia.org/property/birthPlace","Medellín, Spain"
"http://dbpedia.org/property/birthPlace","http://dbpedia.org/resource/La_Paz"
"http://dbpedia.org/property/birthPlace","http://dbpedia.org/resource/Viceroyalty_of_Peru"
"http://dbpedia.org/property/birthPlace","Detani, Barmer, Rajasthan"
"http://dbpedia.org/property/birthPlace","Alabama, US"
"http://dbpedia.org/ontology/birthDate",1972-09-12
"http://dbpedia.org/ontology/birthDate",1964-02-15
"http://dbpedia.org/ontology/birthDate",1964-08-29
"http://dbpedia.org/ontology/birthDate",1973-07-01
"http://dbpedia.org/ontology/birthDate",1967-03-03
"http://dbpedia.org/ontology/birthDate",1812-01-11
"http://dbpedia.org/ontology/birthDate",1939-01-15
"http://purl.org/dc/terms/subject","http://dbpedia.org/resource/Category:Maldivian_Democratic_Party_politicians"
"http://purl.org/dc/terms/subject","http://dbpedia.org/resource/Category:Fisheries_ministers_of_the_Maldives"
"http://purl.org/dc/terms/subject","http://dbpedia.org/resource/Category:Leaders_of_the_People's_National_Congress_(Maldives)"
"http://purl.org/dc/terms/subject","http://dbpedia.org/resource/Category:Leaders_of_Progressive_Party_of_Maldives"
"http://purl.org/dc/terms/subject","http://dbpedia.org/resource/Category:Maldivian_lawyers"
"http://purl.org/dc/terms/subject","http://dbpedia.org/resource/Category:Attorneys_general_of_the_Maldives"
"http://purl.org/dc/terms/subject","http://dbpedia.org/resource/Category:Maldives_National_Party_politicians"
"http://purl.org/dc/terms/subject","http://dbpedia.org/resource/Category:Women_government_ministers_of_the_Maldives"
"http://purl.org/dc/terms/subject","http://dbpedia.org/resource/Category:21st-century_Maldivian_women_politicians"
"http://purl.org/dc/terms/subject","http://dbpedia.org/resource/Category:Alumni_of_Newcastle_University"
"http://purl.org/dc/terms/subject","http://dbpedia.org/resource/Category:1964_births"
"http://purl.org/dc/terms/subject","http://dbpedia.org/resource/Category:University_of_the_South_Pacific_alumni"
"http://purl.org/dc/terms/subject","http://dbpedia.org/resource/Category:People_from_Malé"
"http://purl.org/dc/terms/subject","http://dbpedia.org/resource/Category:Education_ministers_of_the_Maldives"
"http://purl.org/dc/terms/subject","http://dbpedia.org/resource/Category:Recipients_of_the_Ati_Vishisht_Seva_Medal"
"http://purl.org/dc/terms/subject","http://dbpedia.org/resource/Category:National_Defence_Academy_(India)_alumni"
"http://purl.org/dc/terms/subject","http://dbpedia.org/resource/Category:Indian_Army_officers"
"http://purl.org/dc/terms/subject","http://dbpedia.org/resource/Category:Indian_generals"
"http://purl.org/dc/terms/subject","http://dbpedia.org/resource/Category:Recipients_of_the_Sena_Medal"
"http://purl.org/dc/terms/subject","http://dbpedia.org/resource/Category:Recipients_of_the_Vishisht_Seva_Medal"
"http://purl.org/dc/terms/subject","http://dbpedia.org/resource/Category:Recipients_of_the_Yudh_Seva_Medal"
"http://purl.org/dc/terms/subject","http://dbpedia.org/resource/Category:Defence_Services_Staff_College_alumni"
"http://purl.org/dc/terms/subject","http://dbpedia.org/resource/Category:819_deaths"
"http://purl.org/dc/terms/subject","http://dbpedia.org/resource/Category:Abbasid_governors_of_Damascus"
"http://purl.org/dc/terms/subject","http://dbpedia.org/resource/Category:Nationalist_Republican_Alliance_politicians"
"http://purl.org/dc/terms/subject","http://dbpedia.org/resource/Category:People_from_Cojutepeque"
"http://purl.org/dc/terms/subject","http://dbpedia.org/resource/Category:Members_of_the_Legislative_Assembly_of_El_Salvador"
"http://purl.org/dc/terms/subject","http://dbpedia.org/resource/Category:IIT_Kanpur_people"
"http://purl.org/dc/terms/subject","http://dbpedia.org/resource/Category:1996_deaths"
"http://purl.org/dc/terms/subject","http://dbpedia.org/resource/Category:1930_births"
"http://purl.org/dc/terms/subject","http://dbpedia.org/resource/Category:Indian_academic_administrators"
"http://purl.org/dc/terms/subject","http://dbpedia.org/resource/Category:Jamia_Millia_Islamia_people"
"http://purl.org/dc/terms/subject","http://dbpedia.org/resource/Category:Alumni_of_the_University_of_Manchester"
"http://purl.org/dc/terms/subject","http://dbpedia.org/resource/Category:Academics_of_the_University_of_Manchester"
"http://purl.org/dc/terms/subject","http://dbpedia.org/resource/Category:Higher_education_ministers_of_the_Maldives"
"http://purl.org/dc/terms/subject","http://dbpedia.org/resource/Category:Homeland_ministers_of_the_Maldives"
"http://purl.org/dc/terms/subject","http://dbpedia.org/resource/Category:People_from_Addu_City"
"http://purl.org/dc/terms/subject","http://dbpedia.org/resource/Category:Judges_of_the_Lahore_High_Court"
"http://purl.org/dc/terms/subject","http://dbpedia.org/resource/Category:Temple_University_alumni"
"http://purl.org/dc/terms/subject","http://dbpedia.org/resource/Category:Women_state_legislators_in_Maine"
"http://purl.org/dc/terms/subject","http://dbpedia.org/resource/Category:21st-century_American_women_politicians"
"http://purl.org/dc/terms/subject","http://dbpedia.org/resource/Category:People_from_Woolwich,_Maine"
"http://purl.org/dc/terms/subject","http://dbpedia.org/resource/Category:University_of_Maine_at_Farmington_faculty"
"http://purl.org/dc/terms/subject","http://dbpedia.org/resource/Category:Reading_Clerks_of_the_United_States_House_of_Representatives"
"http://purl.org/dc/terms/subject","http://dbpedia.org/resource/Category:Year_of_birth_uncertain"
"http://purl.org/dc/terms/subject","http://dbpedia.org/resource/Category:1575_deaths"
"http://purl.org/dc/terms/subject","http://dbpedia.org/resource/Category:People_from_Las_Vegas_Altas"
"http://purl.org/dc/terms/subject","http://dbpedia.org/resource/Category:Spanish_colonial_governors_and_administrators"
"http://purl.org/dc/terms/subject","http://dbpedia.org/resource/Category:Spanish_conquistadors"
"http://purl.org/dc/terms/subject","http://dbpedia.org/resource/Category:1490s_births"
"http://purl.org/dc/terms/subject","http://dbpedia.org/resource/Category:Castilian_conquistadors"
"http://purl.org/dc/terms/subject","http://dbpedia.org/resource/Category:Spanish_city_founders"
"http://purl.org/dc/terms/subject","http://dbpedia.org/resource/Category:Mayors_of_places_in_New_Spain"
"http://purl.org/dc/terms/subject","http://dbpedia.org/resource/Category:Founders_of_cities_in_New_Spain"
"http://purl.org/dc/terms/subject","http://dbpedia.org/resource/Category:People_from_Lakki_Marwat_District"
"http://purl.org/dc/terms/subject","http://dbpedia.org/resource/Category:21st-century_Pakistani_people"
"http://purl.org/dc/terms/subject","http://dbpedia.org/resource/Category:2018_deaths"
"http://purl.org/dc/terms/subject","http://dbpedia.org/resource/Category:Members_of_the_National_Assembly_of_Pakistan"
"http://purl.org/dc/terms/subject","http://dbpedia.org/resource/Category:20th-century_births"
"http://purl.org/dc/terms/subject","http://dbpedia.org/resource/Category:Muttahida_Majlis-e-Amal_politicians"
"http://purl.org/dc/terms/subject","http://dbpedia.org/resource/Category:Jamiat_Ulema-e-Islam_(F)_politicians"
"http://purl.org/dc/terms/subject","http://dbpedia.org/resource/Category:1883_deaths"
"http://purl.org/dc/terms/subject","http://dbpedia.org/resource/Category:Bolivian_generals"
"http://purl.org/dc/terms/subject","http://dbpedia.org/resource/Category:Brigadier_generals"
"http://purl.org/dc/terms/subject","http://dbpedia.org/resource/Category:Military_personnel_of_the_War_of_the_Confederation"
"http://purl.org/dc/terms/subject","http://dbpedia.org/resource/Category:Military_personnel_from_La_Paz"
"http://purl.org/dc/terms/subject","http://dbpedia.org/resource/Category:Rajasthan_MLAs_1980–1985"
"http://purl.org/dc/terms/subject","http://dbpedia.org/resource/Category:Rajasthan_MLAs_1990–1992"
"http://purl.org/dc/terms/subject","http://dbpedia.org/resource/Category:Rajasthan_MLAs_1998–2003"
"http://purl.org/dc/terms/subject","http://dbpedia.org/resource/Category:1939_births"
"http://purl.org/dc/terms/subject","http://dbpedia.org/resource/Category:People_from_Barmer,_Rajasthan"
"http://purl.org/dc/terms/subject","http://dbpedia.org/resource/Category:Rajasthan_MLAs_2008–2013"
"http://purl.org/dc/terms/subject","http://dbpedia.org/resource/Category:Rajasthan_MLAs_2018–2023"
"http://purl.org/dc/terms/subject","http://dbpedia.org/resource/Category:African-American_activists"
"http://purl.org/dc/terms/subject","http://dbpedia.org/resource/Category:Alabama_State_University_alumni"
"http://purl.org/dc/terms/subject","http://dbpedia.org/resource/Category:American_civil_rights_activists"
"http://purl.org/dc/terms/subject","http://dbpedia.org/resource/Category:1987_deaths"
"http://purl.org/dc/terms/subject","http://dbpedia.org/resource/Category:1902_births"
"http://purl.org/dc/terms/subject","http://dbpedia.org/resource/Category:Politicians_from_Louisville,_Kentucky"
"http://purl.org/dc/terms/subject","http://dbpedia.org/resource/Category:20th-century_African-American_politicians"
"http://purl.org/dc/terms/subject","http://dbpedia.org/resource/Category:African-American_state_legislators_in_Kentucky"
"http://purl.org/dc/terms/subject","http://dbpedia.org/resource/Category:African_Methodist_Episcopal_Zion_Church_clergy"
"http://purl.org/dc/terms/subject","http://dbpedia.org/resource/Category:21st-century_African-American_women"
"http://purl.org/dc/terms/subject","http://dbpedia.org/resource/Category:20th-century_African-American_women_politicians"
"http://purl.org/dc/terms/subject","http://dbpedia.org/resource/Category:20th-century_American_women_politicians"
"http://purl.org/dc/terms/subject","http://dbpedia.org/resource/Category:21st-century_African-American_people"
"http://dbpedia.org/ontology/wikiPageWikiLink","http://dbpedia.org/resource/Major_general_(India)"
"http://dbpedia.org/ontology/wikiPageWikiLink","http://dbpedia.org/resource/Vishisht_Seva_Medal"
"http://dbpedia.org/ontology/wikiPageWikiLink","http://dbpedia.org/resource/Lieutenant"
"http://dbpedia.org/ontology/wikiPageWikiLink","http://dbpedia.org/resource/Ati_Vishisht_Seva_Medal"
"http://dbpedia.org/ontology/wikiPageWikiLink","http://dbpedia.org/resource/Sena_Medal"
"http://dbpedia.org/ontology/wikiPageWikiLink","http://dbpedia.org/resource/XXXIII_Corps_(India)"
"http://dbpedia.org/ontology/wikiPageWikiLink","http://dbpedia.org/resource/Captain_(armed_forces)"
"http://dbpedia.org/ontology/wikiPageWikiLink","http://dbpedia.org/resource/National_Defence_College_(India)"
"http://dbpedia.org/ontology/wikiPageWikiLink","http://dbpedia.org/resource/11th_Gorkha_Rifles"
"http://dbpedia.org/ontology/wikiPageWikiLink","http://dbpedia.org/resource/Nav_Kumar_Khanduri"
"http://dbpedia.org/ontology/wikiPageWikiLink","http://dbpedia.org/resource/General_officer_commanding"
"http://dbpedia.org/ontology/wikiPageWikiLink","http://dbpedia.org/resource/Indian_Army"
"http://dbpedia.org/ontology/wikiPageWikiLink","http://dbpedia.org/resource/Lieutenant_general_(India)"
"http://dbpedia.org/ontology/wikiPageWikiLink","http://dbpedia.org/resource/St_Gabriel's_Academy,_Roorkee"
"http://dbpedia.org/ontology/wikiPageWikiLink","http://dbpedia.org/resource/Yudh_Seva_Medal"
"http://dbpedia.org/ontology/wikiPageWikiLink","http://dbpedia.org/resource/Jai_Singh_Nain"
"http://dbpedia.org/ontology/wikiPageWikiLink","http://dbpedia.org/resource/National_Defence_Academy_(India)"
"http://dbpedia.org/ontology/wikiPageWikiLink","http://dbpedia.org/resource/Major"
"http://dbpedia.org/ontology/wikiPageWikiLink","http://dbpedia.org/resource/Southern_Command_(India)"
"http://dbpedia.org/ontology/wikiPageWikiLink","http://dbpedia.org/resource/Defence_Services_Staff_College"
"http://dbpedia.org/ontology/wikiPageWikiLink","http://dbpedia.org/resource/Brigadier_(India)"
"http://dbpedia.org/ontology/wikiPageWikiLink","http://dbpedia.org/resource/Colonel_(India)"
"http://dbpedia.org/ontology/wikiPageWikiLink","http://dbpedia.org/resource/Category:Recipients_of_the_Ati_Vishisht_Seva_Medal"
"http://dbpedia.org/ontology/wikiPageWikiLink","http://dbpedia.org/resource/Category:National_Defence_Academy_(India)_alumni"
"http://dbpedia.org/ontology/wikiPageWikiLink","http://dbpedia.org/resource/File:Ati_Vishisht_Seva_Medal_ribbon.svg"
"http://dbpedia.org/ontology/wikiPageWikiLink","http://dbpedia.org/resource/File:Yudh_Seva_Medal_ribbon.svg"
"http://dbpedia.org/ontology/wikiPageWikiLink","http://dbpedia.org/resource/Category:Indian_Army_officers"
"http://dbpedia.org/ontology/wikiPageWikiLink","http://dbpedia.org/resource/Category:Indian_generals"
"http://dbpedia.org/ontology/wikiPageWikiLink","http://dbpedia.org/resource/Category:Recipients_of_the_Sena_Medal"
"http://dbpedia.org/ontology/wikiPageWikiLink","http://dbpedia.org/resource/Category:Recipients_of_the_Vishisht_Seva_Medal"
"http://dbpedia.org/ontology/wikiPageWikiLink","http://dbpedia.org/resource/Category:Recipients_of_the_Yudh_Seva_Medal"
"http://dbpedia.org/ontology/wikiPageWikiLink","http://dbpedia.org/resource/Lieutenant-Colonel"
"http://dbpedia.org/ontology/wikiPageWikiLink","http://dbpedia.org/resource/AVSM"
"http://dbpedia.org/ontology/wikiPageWikiLink","http://dbpedia.org/resource/Second_Lieutenant"
"http://dbpedia.org/ontology/wikiPageWikiLink","http://dbpedia.org/resource/File:33_Corps_formation_sign.jpg"
"http://dbpedia.org/ontology/wikiPageWikiLink","http://dbpedia.org/resource/File:IA_Southern_Command.svg"
"http://dbpedia.org/ontology/wikiPageWikiLink","http://dbpedia.org/resource/File:Second_Lieutenant_of_the_Indian_Army.svg"
"http://dbpedia.org/ontology/wikiPageWikiLink","http://dbpedia.org/resource/File:Brigadier_of_the_Indian_Army.svg"
"http://dbpedia.org/ontology/wikiPageWikiLink","http://dbpedia.org/resource/File:Captain_of_the_Indian_Army.svg"
"http://dbpedia.org/ontology/wikiPageWikiLink","http://dbpedia.org/resource/File:Colonel_of_the_Indian_Army.svg"
"http://dbpedia.org/ontology/wikiPageWikiLink","http://dbpedia.org/resource/File:Lieutenant_Colonel_of_the_Indian_Army.svg"
"http://dbpedia.org/ontology/wikiPageWikiLink","http://dbpedia.org/resource/File:Lieutenant_General_of_the_Indian_Army.svg"
"http://dbpedia.org/ontology/wikiPageWikiLink","http://dbpedia.org/resource/File:Lieutenant_of_the_Indian_Army.svg"
"http://dbpedia.org/ontology/wikiPageWikiLink","http://dbpedia.org/resource/File:Major_General_of_the_Indian_Army.svg"
"http://dbpedia.org/ontology/wikiPageWikiLink","http://dbpedia.org/resource/File:Major_of_the_Indian_Army.svg"
"http://dbpedia.org/ontology/wikiPageWikiLink","http://dbpedia.org/resource/File:Sena_Medal_ribbon.svg"
"http://dbpedia.org/ontology/wikiPageWikiLink","http://dbpedia.org/resource/File:Vishisht_Seva_Medal_ribbon.svg"
"http://dbpedia.org/ontology/wikiPageWikiLink","http://dbpedia.org/resource/Government_of_Rajasthan"
"http://dbpedia.org/ontology/wikiPageWikiLink","http://dbpedia.org/resource/Barmer,_Rajasthan"
"http://dbpedia.org/ontology/wikiPageWikiLink","http://dbpedia.org/resource/Category:People_from_Barmer,_Rajasthan"
"http://dbpedia.org/ontology/wikiPageWikiLink","http://dbpedia.org/resource/Sheo_(Rajasthan_Assembly_constituency)"
"http://dbpedia.org/ontology/wikiPageWikiLink","http://dbpedia.org/resource/Category:Rajasthan_MLAs_2018–2023"
"http://dbpedia.org/ontology/description","deputy speaker at parliament Maldives"
"http://dbpedia.org/ontology/description","attorney general of the republic of the Maldives"
"http://dbpedia.org/ontology/description","פוליטיקאית מולדובית"
"http://dbpedia.org/ontology/description","femme politique maldivienne"
"http://dbpedia.org/ontology/description","política maldiva"
"http://dbpedia.org/ontology/description","política maldivana"
"http://dbpedia.org/ontology/description","política maldiviana"
"http://dbpedia.org/ontology/description","politiciană maldiviană"
"http://dbpedia.org/ontology/description","سياسية مالديفية"
"http://dbpedia.org/ontology/description","minister of Social and Family Development Maldives"
"http://dbpedia.org/ontology/description","Indian Army general"
"http://dbpedia.org/ontology/description","спіс артыкулаў у адным з праектаў Вікімедыя"
"http://dbpedia.org/ontology/description","стаття-список у проєкті Вікімедіа"
"http://dbpedia.org/ontology/description","Vikimedya liste maddesi"
"http://dbpedia.org/ontology/description","Wikimedia roll"
"http://dbpedia.org/ontology/description","Wikimedia-Listn"
"http://dbpedia.org/ontology/description","artikull-listë e Wikimedias"
"http://dbpedia.org/ontology/description","popis na Wikimediji"
"http://dbpedia.org/ontology/description","seznam Wikimedie"
"http://dbpedia.org/ontology/description","spisak na Wikimediji"
"http://dbpedia.org/ontology/description","κατάλογος εγχειρήματος Wikimedia"
"http://dbpedia.org/ontology/description","списак на Викимедији"
"http://dbpedia.org/ontology/description","Վիքիմեդիայի նախագծի ցանկ"
"http://dbpedia.org/ontology/description","список на статии на Викимедија"
"http://dbpedia.org/ontology/description","רשימת ערכים"
"http://dbpedia.org/ontology/description","위키미디어 목록 항목"
"http://dbpedia.org/ontology/description","Abbasid general and administrator (died 819)"
"http://dbpedia.org/ontology/description","قائد ووالي عباسي"
"http://dbpedia.org/ontology/description","El Salvadori poliitik"
"http://dbpedia.org/ontology/description","Salvadoran politician"
"http://dbpedia.org/ontology/description","homme politique salvadorien"
"http://dbpedia.org/ontology/description","politician salvadorian"
"http://dbpedia.org/ontology/description","politikan salvadoras"
"http://dbpedia.org/ontology/description","polític salvadorenc"
"http://dbpedia.org/ontology/description","político salvadoreño"
"http://dbpedia.org/ontology/description","সালভাদোরীয় রাজনীতিবিদ"
"http://dbpedia.org/ontology/description","פוליטיקאי אל סלוודורי"
"http://dbpedia.org/ontology/description","سياسي سلفادوري"
"http://dbpedia.org/ontology/description","político salvadoreño"
"http://dbpedia.org/ontology/description","Indian academician"
"http://dbpedia.org/ontology/description","justice of the Lahore High Court"
"http://dbpedia.org/ontology/description","conquistador, descubridor, fundador, encomendero, capitán, y alcalde"
"http://dbpedia.org/ontology/description","conqueror, discoverer, founder, encomendero, captain, and mayor"
"http://dbpedia.org/ontology/description","Pakistani religious and political figure"
"http://dbpedia.org/ontology/description","Bolivian military officer (1810–1883)"
"http://dbpedia.org/ontology/description","India poliitik"
"http://dbpedia.org/ontology/description","indisk politikar"
"http://dbpedia.org/ontology/description","indisk politiker"
"http://dbpedia.org/ontology/description","indisk politiker"
"http://dbpedia.org/ontology/description","intialainen poliitikko"
"http://dbpedia.org/ontology/description","politician indian"
"http://dbpedia.org/ontology/description","politico indiano"
"http://dbpedia.org/ontology/description","politikan indian"
"http://dbpedia.org/ontology/description","politikari indiarra"
"http://dbpedia.org/ontology/description","político indio"
"http://dbpedia.org/ontology/description","político indio"
"http://dbpedia.org/ontology/description","políticu indiu"
"http://dbpedia.org/ontology/description","индийский политик"
"http://dbpedia.org/ontology/description","سياسي هندي"
"http://dbpedia.org/ontology/description","hinduski polityk"
"http://dbpedia.org/ontology/description","polític indi"
"http://dbpedia.org/ontology/description","político indiano"
"http://dbpedia.org/ontology/description","פוליטיקאי הודי"
"http://dbpedia.org/ontology/description","भारतीय राजनीतिज्ञ"
"http://dbpedia.org/ontology/description","ভারতীয় রাজনীতিবিদ"
"http://dbpedia.org/ontology/description","homme politique indien"
"http://dbpedia.org/ontology/description","سیاستمدار هندی"
"http://dbpedia.org/ontology/description","মার্কিন রাজনীতিবিদ"
"http://dbpedia.org/ontology/description","Ameerika Ühendriikide poliitik"
"http://dbpedia.org/ontology/description","femme politique américaine"
"http://dbpedia.org/ontology/description","politikane amerikane"
"http://dbpedia.org/ontology/description","política estadounidense"
"http://dbpedia.org/ontology/description","política estadounidense"
"http://dbpedia.org/ontology/description","politiciană americană"
"http://dbpedia.org/ontology/description","política estatunidenca"
"http://dbpedia.org/ontology/description","פוליטיקאית אמריקאית"
"http://dbpedia.org/ontology/description","سياسية من الولايات المتحدة (1902–1987)"
"http://dbpedia.org/ontology/description","US politician (1902–1987) member of the Kentucky House of Representatives from 1961 to 1963"
"http://dbpedia.org/property/name","Ahmed Saleem"
"http://dbpedia.org/property/name","Ahmed Usham"
"http://dbpedia.org/property/name","Aishath Rameela"
"http://dbpedia.org/property/name","Aishath Shiham"
"http://dbpedia.org/property/name","Ajai Kumar Singh"
"http://dbpedia.org/property/name","Al-Sindi ibn Shahak"
"http://dbpedia.org/property/name","Ali Ashraf"
"http://dbpedia.org/property/name","Ali Haidar Ahmed"
"http://dbpedia.org/property/name","Ali Ihusaan"
"http://dbpedia.org/property/name","Ali Zia Bajwa"
"http://dbpedia.org/property/name","Allison Hepler"
"http://dbpedia.org/property/name","Alney E. Chaffee"
"http://dbpedia.org/property/name","Alonso de Ávalos Saavedra"
"http://dbpedia.org/property/name","Maulana Amanullah Haqqani"
"http://dbpedia.org/property/name","Ambrosio Peñailillo"
"http://dbpedia.org/property/name","Ameen Khan"
"http://dbpedia.org/property/name","Amelia Tucker"
"http://xmlns.com/foaf/0.1/depiction","http://commons.wikimedia.org/wiki/Special:FilePath/Ahmed_saleem.jpg"
"http://xmlns.com/foaf/0.1/depiction","http://commons.wikimedia.org/wiki/Special:FilePath/MDP_parliament_member_Ahmed_Saleem_signature.svg"
"http://xmlns.com/foaf/0.1/depiction","http://commons.wikimedia.org/wiki/Special:FilePath/Ahmed_Shiyam_portrait.jpg"
"http://xmlns.com/foaf/0.1/depiction","http://commons.wikimedia.org/wiki/Special:FilePath/Ahmed_Shiyam_signature.svg"
"http://xmlns.com/foaf/0.1/depiction","http://commons.wikimedia.org/wiki/Special:FilePath/Uz._Ahmed_Usham_portrait.jpg"
"http://xmlns.com/foaf/0.1/depiction","http://commons.wikimedia.org/wiki/Special:FilePath/Dr._Aishath_Rameela_portrait.jpg"
"http://xmlns.com/foaf/0.1/depiction","http://commons.wikimedia.org/wiki/Special:FilePath/Dr._Aishath_Shiham_portrait.jpg"
"http://xmlns.com/foaf/0.1/depiction","http://commons.wikimedia.org/wiki/Special:FilePath/Lieutenant_General_of_the_Indian_Army.svg"
"http://xmlns.com/foaf/0.1/depiction","http://commons.wikimedia.org/wiki/Special:FilePath/IA_Southern_Command.svg"
"http://xmlns.com/foaf/0.1/depiction","http://commons.wikimedia.org/wiki/Special:FilePath/Major_General_of_the_Indian_Army.svg"
"http://xmlns.com/foaf/0.1/depiction","http://commons.wikimedia.org/wiki/Special:FilePath/IND_Siachen_Glacier_Medal_Ribbon.svg"
"http://xmlns.com/foaf/0.1/depiction","http://commons.wikimedia.org/wiki/Special:FilePath/11th_Gorkha_rifles_Insignia_(India).svg"
"http://xmlns.com/foaf/0.1/depiction","http://commons.wikimedia.org/wiki/Special:FilePath/75yearmedal.svg"
"http://xmlns.com/foaf/0.1/depiction","http://commons.wikimedia.org/wiki/Special:FilePath/Captain_of_the_Indian_Army.svg"
"http://xmlns.com/foaf/0.1/depiction","http://commons.wikimedia.org/wiki/Special:FilePath/Brigadier_of_the_Indian_Army.svg"
"http://xmlns.com/foaf/0.1/depiction","http://commons.wikimedia.org/wiki/Special:FilePath/Colonel_of_the_Indian_Army.svg"
"http://xmlns.com/foaf/0.1/depiction","http://commons.wikimedia.org/wiki/Special:FilePath/Lieutenant_Colonel_of_the_Indian_Army.svg"
"http://xmlns.com/foaf/0.1/depiction","http://commons.wikimedia.org/wiki/Special:FilePath/IND_Operation_Parakram_medal.svg"
"http://xmlns.com/foaf/0.1/depiction","http://commons.wikimedia.org/wiki/Special:FilePath/Lieutenant_of_the_Indian_Army.svg"
"http://xmlns.com/foaf/0.1/depiction","http://commons.wikimedia.org/wiki/Special:FilePath/Ati_Vishisht_Seva_Medal_ribbon.svg"
"http://xmlns.com/foaf/0.1/depiction","http://commons.wikimedia.org/wiki/Special:FilePath/IND_50th_Anniversary_Independence_medal.svg"
"http://xmlns.com/foaf/0.1/depiction","http://commons.wikimedia.org/wiki/Special:FilePath/Sena_Medal_ribbon.svg"
"http://xmlns.com/foaf/0.1/depiction","http://commons.wikimedia.org/wiki/Special:FilePath/Yudh_Seva_Medal_ribbon.svg"
"http://xmlns.com/foaf/0.1/depiction","http://commons.wikimedia.org/wiki/Special:FilePath/Vishisht_Seva_Medal_ribbon.svg"
"http://xmlns.com/foaf/0.1/depiction","http://commons.wikimedia.org/wiki/Special:FilePath/IND_20YearsServiceMedalRibbon.svg"
"http://xmlns.com/foaf/0.1/depiction","http://commons.wikimedia.org/wiki/Special:FilePath/IND_30_Years_Long_Service_Ribbon.svg"
"http://xmlns.com/foaf/0.1/depiction","http://commons.wikimedia.org/wiki/Special:FilePath/IND_9YearsServiceMedalRibbon.svg"
"http://xmlns.com/foaf/0.1/depiction","http://commons.wikimedia.org/wiki/Special:FilePath/IND_High_Altitude_Medal_Ribbon.svg"
"http://xmlns.com/foaf/0.1/depiction","http://commons.wikimedia.org/wiki/Special:FilePath/IND_Sainya_Seva_Medal_Ribbon.svg"
"http://xmlns.com/foaf/0.1/depiction","http://commons.wikimedia.org/wiki/Special:FilePath/Major_of_the_Indian_Army.svg"
"http://xmlns.com/foaf/0.1/depiction","http://commons.wikimedia.org/wiki/Special:FilePath/Param_Vishisht_Seva_Medal_ribbon.svg"
"http://xmlns.com/foaf/0.1/depiction","http://commons.wikimedia.org/wiki/Special:FilePath/Second_Lieutenant_of_the_Indian_Army.svg"
"http://xmlns.com/foaf/0.1/depiction","http://commons.wikimedia.org/wiki/Special:FilePath/IND_Special_Service_Medal_Ribbon.svg"
"http://xmlns.com/foaf/0.1/depiction","http://commons.wikimedia.org/wiki/Special:FilePath/Lt_General_Ajai_Kumar_Singh.jpg"
"http://xmlns.com/foaf/0.1/depiction","http://commons.wikimedia.org/wiki/Special:FilePath/Professor_Ali_Ashraf.jpg"
"http://xmlns.com/foaf/0.1/depiction","http://commons.wikimedia.org/wiki/Special:FilePath/Dr._Ali_Haidar_Ahmed_portrait.jpg"
"http://xmlns.com/foaf/0.1/depiction","http://commons.wikimedia.org/wiki/Special:FilePath/Ali_Ihusaan_portrait.jpg"
"http://xmlns.com/foaf/0.1/depiction","http://commons.wikimedia.org/wiki/Special:FilePath/Lahore_High_Court_Building.jpg"
"http://xmlns.com/foaf/0.1/depiction","http://commons.wikimedia.org/wiki/Special:FilePath/Alney_E._Chaffee.png"
"http://xmlns.com/foaf/0.1/depiction","http://commons.wikimedia.org/wiki/Special:FilePath/Ambrosio_Peñailillo.png"
"http://dbpedia.org/property/imageSize",242
"http://dbpedia.org/property/almaMater","http://dbpedia.org/resource/University_of_the_West_of_England"
"http://dbpedia.org/property/almaMater","http://dbpedia.org/resource/Newcastle_University"
"http://dbpedia.org/property/almaMater","http://dbpedia.org/resource/University_of_the_South_Pacific"
"http://dbpedia.org/property/almaMater","http://dbpedia.org/resource/University_of_Manchester"
"http://dbpedia.org/property/almaMater","http://dbpedia.org/resource/Temple_University"
"http://dbpedia.org/ontology/almaMater","http://dbpedia.org/resource/University_of_the_West_of_England"
"http://dbpedia.org/ontology/almaMater","http://dbpedia.org/resource/Newcastle_University"
"http://dbpedia.org/ontology/almaMater","http://dbpedia.org/resource/University_of_the_South_Pacific"
"http://dbpedia.org/ontology/almaMater","http://dbpedia.org/resource/University_of_Manchester"
"http://dbpedia.org/ontology/almaMater","http://dbpedia.org/resource/Temple_University"
"http://dbpedia.org/ontology/birthName","Alonso de Ávalos Saavedra"
"http://dbpedia.org/ontology/birthName","Ambrosio Alfonso Peñailillo Heredia"
"http://dbpedia.org/ontology/birthName","Amelia Audrey Moore"
"http://dbpedia.org/ontology/education","http://dbpedia.org/resource/Doctor_of_Philosophy"
"http://dbpedia.org/ontology/education","http://dbpedia.org/resource/University_of_Louisville"
"http://dbpedia.org/ontology/education","http://dbpedia.org/resource/Alabama_State_University"
"http://dbpedia.org/ontology/militaryService","http://dbpedia.org/resource/Ajai_Kumar_Singh__MilitaryService__1"
"http://dbpedia.org/ontology/militaryService","http://dbpedia.org/resource/Al-Sindi_ibn_Shahak__MilitaryService__1"
"http://dbpedia.org/ontology/militaryService","http://dbpedia.org/resource/Ambrosio_Peñailillo__MilitaryService__1"
"http://dbpedia.org/ontology/nationality","http://dbpedia.org/resource/Maldives"
"http://dbpedia.org/ontology/nationality","http://dbpedia.org/resource/Demographics_of_Pakistan"
"http://dbpedia.org/ontology/nationality","http://dbpedia.org/resource/Indian_people"
"http://dbpedia.org/ontology/occupation","http://dbpedia.org/resource/Exploration"
"http://dbpedia.org/ontology/occupation","http://dbpedia.org/resource/Captain"
"http://dbpedia.org/ontology/occupation","http://dbpedia.org/resource/Encomienda"
"http://dbpedia.org/ontology/originalName","އަހުމަދު ސަލީމް"
"http://dbpedia.org/ontology/originalName","އައިޝަތު ޝިހާމް"
"http://dbpedia.org/ontology/party","http://dbpedia.org/resource/Maldivian_Democratic_Party"
"http://dbpedia.org/ontology/party","http://dbpedia.org/resource/Maldives_National_Party"
"http://dbpedia.org/ontology/party","http://dbpedia.org/resource/Nationalist_Republican_Alliance"
"http://dbpedia.org/ontology/party","http://dbpedia.org/resource/Jamiat_Ulema-e-Islam_(F)"
"http://dbpedia.org/ontology/profession","http://dbpedia.org/resource/Professor"
"http://dbpedia.org/ontology/residence","http://dbpedia.org/resource/Woolwich,_Maine"
"http://dbpedia.org/ontology/signature","MDP parliament member Ahmed Saleem signature.svg"
"http://dbpedia.org/ontology/signature","Ahmed Shiyam signature.svg"
"http://dbpedia.org/ontology/termPeriod","http://dbpedia.org/resource/Ahmed_Saleem_(deputy_speaker)__Tenure__1"
"http://dbpedia.org/ontology/termPeriod","http://dbpedia.org/resource/Ahmed_Saleem_(deputy_speaker)__Tenure__2"
"http://dbpedia.org/ontology/termPeriod","http://dbpedia.org/resource/Ahmed_Shiyam_(minister)__Tenure__1"
"http://dbpedia.org/ontology/termPeriod","http://dbpedia.org/resource/Ahmed_Shiyam_(minister)__Tenure__2"
"http://dbpedia.org/ontology/termPeriod","http://dbpedia.org/resource/Ahmed_Usham__Tenure__1"
"http://dbpedia.org/ontology/termPeriod","http://dbpedia.org/resource/Ahmed_Usham__Tenure__2"
"http://dbpedia.org/ontology/termPeriod","http://dbpedia.org/resource/Ahmed_Usham__Tenure__3"
"http://dbpedia.org/ontology/termPeriod","http://dbpedia.org/resource/Ahmed_Usham__Tenure__4"
"http://dbpedia.org/ontology/termPeriod","http://dbpedia.org/resource/Aishath_Rameela__Tenure__1"
"http://dbpedia.org/ontology/termPeriod","http://dbpedia.org/resource/Aishath_Rameela__Tenure__2"
"http://dbpedia.org/ontology/termPeriod","http://dbpedia.org/resource/Aishath_Shiham__Tenure__1"
"http://dbpedia.org/ontology/termPeriod","http://dbpedia.org/resource/Aishath_Shiham__Tenure__2"
"http://dbpedia.org/ontology/termPeriod","http://dbpedia.org/resource/Ajai_Kumar_Singh__Tenure__1"
"http://dbpedia.org/ontology/termPeriod","http://dbpedia.org/resource/Al-Sindi_ibn_Shahak__Tenure__1"
"http://dbpedia.org/ontology/termPeriod","http://dbpedia.org/resource/Al-Sindi_ibn_Shahak__Tenure__2"
"http://dbpedia.org/ontology/termPeriod","http://dbpedia.org/resource/Alberto_Armando_Romero_Rodríguez__Tenure__1"
"http://dbpedia.org/ontology/termPeriod","http://dbpedia.org/resource/Ali_Ashraf_(academic)__Tenure__1"
"http://dbpedia.org/ontology/termPeriod","http://dbpedia.org/resource/Ali_Haidar_Ahmed__Tenure__1"
"http://dbpedia.org/ontology/termPeriod","http://dbpedia.org/resource/Ali_Haidar_Ahmed__Tenure__2"
"http://dbpedia.org/ontology/termPeriod","http://dbpedia.org/resource/Ali_Haidar_Ahmed__Tenure__3"
"http://dbpedia.org/ontology/termPeriod","http://dbpedia.org/resource/Ali_Ihusaan__Tenure__1"
"http://dbpedia.org/ontology/termPeriod","http://dbpedia.org/resource/Ali_Zia_Bajwa__Tenure__1"
"http://dbpedia.org/ontology/termPeriod","http://dbpedia.org/resource/Allison_Hepler__Tenure__1"
"http://dbpedia.org/ontology/termPeriod","http://dbpedia.org/resource/Allison_Hepler__Tenure__2"
"http://dbpedia.org/ontology/termPeriod","http://dbpedia.org/resource/Alney_E._Chaffee__Tenure__1"
"http://dbpedia.org/ontology/termPeriod","http://dbpedia.org/resource/Alonso_de_Ávalos_Saavedra__Tenure__1"
"http://dbpedia.org/ontology/termPeriod","http://dbpedia.org/resource/Amanullah_Haqqani__Tenure__1"
"http://dbpedia.org/ontology/termPeriod","http://dbpedia.org/resource/Amanullah_Haqqani__Tenure__2"
"http://dbpedia.org/ontology/termPeriod","http://dbpedia.org/resource/Ameen_Khan__Tenure__1"
"http://dbpedia.org/ontology/termPeriod","http://dbpedia.org/resource/Ameen_Khan__Tenure__2"
"http://dbpedia.org/ontology/termPeriod","http://dbpedia.org/resource/Ameen_Khan__Tenure__3"
"http://dbpedia.org/ontology/termPeriod","http://dbpedia.org/resource/Ameen_Khan__Tenure__4"
"http://dbpedia.org/ontology/termPeriod","http://dbpedia.org/resource/Ameen_Khan__Tenure__5"
"http://dbpedia.org/ontology/termPeriod","http://dbpedia.org/resource/Amelia_Tucker__Tenure__1"
"http://dbpedia.org/ontology/thumbnail","http://commons.wikimedia.org/wiki/Special:FilePath/Ahmed_saleem.jpg?width=300"
"http://dbpedia.org/ontology/thumbnail","http://commons.wikimedia.org/wiki/Special:FilePath/Ahmed_Shiyam_portrait.jpg?width=300"
"http://dbpedia.org/ontology/thumbnail","http://commons.wikimedia.org/wiki/Special:FilePath/Uz._Ahmed_Usham_portrait.jpg?width=300"
"http://dbpedia.org/ontology/thumbnail","http://commons.wikimedia.org/wiki/Special:FilePath/Dr._Aishath_Rameela_portrait.jpg?width=300"
"http://dbpedia.org/ontology/thumbnail","http://commons.wikimedia.org/wiki/Special:FilePath/Dr._Aishath_Shiham_portrait.jpg?width=300"
"http://dbpedia.org/ontology/thumbnail","http://commons.wikimedia.org/wiki/Special:FilePath/Lt_General_Ajai_Kumar_Singh.jpg?width=300"
"http://dbpedia.org/ontology/thumbnail","http://commons.wikimedia.org/wiki/Special:FilePath/Professor_Ali_Ashraf.jpg?width=300"
"http://dbpedia.org/ontology/thumbnail","http://commons.wikimedia.org/wiki/Special:FilePath/Dr._Ali_Haidar_Ahmed_portrait.jpg?width=300"
"http://dbpedia.org/ontology/thumbnail","http://commons.wikimedia.org/wiki/Special:FilePath/Ali_Ihusaan_portrait.jpg?width=300"
"http://dbpedia.org/ontology/thumbnail","http://commons.wikimedia.org/wiki/Special:FilePath/Lahore_High_Court_Building.jpg?width=300"
"http://dbpedia.org/ontology/thumbnail","http://commons.wikimedia.org/wiki/Special:FilePath/Alney_E._Chaffee.png?width=300"
"http://dbpedia.org/ontology/thumbnail","http://commons.wikimedia.org/wiki/Special:FilePath/Ambrosio_Peñailillo.png?width=300"
"http://dbpedia.org/property/wikiPageUsesTemplate","http://dbpedia.org/resource/Template:Wikicommons"
"http://dbpedia.org/property/wikiPageUsesTemplate","http://dbpedia.org/resource/Template:Attorneys_General_of_the_Maldives"
"http://dbpedia.org/property/wikiPageUsesTemplate","http://dbpedia.org/resource/Template:Native_name"
"http://dbpedia.org/property/wikiPageUsesTemplate","http://dbpedia.org/resource/Template:IND"
"http://dbpedia.org/property/wikiPageUsesTemplate","http://dbpedia.org/resource/Template:Post-nominals"
"http://dbpedia.org/property/wikiPageUsesTemplate","http://dbpedia.org/resource/Template:Cite_encyclopedia"
"http://dbpedia.org/property/wikiPageUsesTemplate","http://dbpedia.org/resource/Template:EI2"
"http://dbpedia.org/property/wikiPageUsesTemplate","http://dbpedia.org/resource/Template:ElSalvador-politician-stub"
"http://dbpedia.org/property/wikiPageUsesTemplate","http://dbpedia.org/resource/Template:Family_name_hatnote"
"http://dbpedia.org/property/wikiPageUsesTemplate","http://dbpedia.org/resource/Template:Nbsp"
"http://dbpedia.org/property/wikiPageUsesTemplate","http://dbpedia.org/resource/Template:Death_year_and_age"
"http://dbpedia.org/property/wikiPageUsesTemplate","http://dbpedia.org/resource/Template:Infobox_military_personnel"
"http://dbpedia.org/property/wikiPageUsesTemplate","http://dbpedia.org/resource/Template:MDV"
"http://dbpedia.org/property/wikiPageUsesTemplate","http://dbpedia.org/resource/Template:Flagicon"
"http://dbpedia.org/property/wikiPageUsesTemplate","http://dbpedia.org/resource/Template:Nastaliq"
"http://dbpedia.org/property/wikiPageUsesTemplate","http://dbpedia.org/resource/Template:Citation_needed"
"http://dbpedia.org/property/wikiPageUsesTemplate","http://dbpedia.org/resource/Template:Death_date"
"http://dbpedia.org/property/wikiPageUsesTemplate","http://dbpedia.org/resource/Template:US-gov-bio-stub"
"http://dbpedia.org/property/wikiPageUsesTemplate","http://dbpedia.org/resource/Template:Circa"
"http://dbpedia.org/property/wikiPageUsesTemplate","http://dbpedia.org/resource/Template:Rajasthan-INC-politician-stub"
"http://dbpedia.org/property/wikiPageUsesTemplate","http://dbpedia.org/resource/Template:Birth_date_text"
"http://dbpedia.org/property/battles","http://dbpedia.org/resource/Fourth_Fitna"
"http://dbpedia.org/property/birthDate",1972-09-12
"http://dbpedia.org/property/birthDate",1964-02-15
"http://dbpedia.org/property/birthDate",1964-08-29
"http://dbpedia.org/property/birthDate",1973-07-01
"http://dbpedia.org/property/birthDate",1967-03-03
"http://dbpedia.org/property/birthDate","circa 1495"
"http://dbpedia.org/property/birthDate",1812-01-11
"http://dbpedia.org/property/birthDate",1939-01-15
"http://dbpedia.org/property/branch","http://dbpedia.org/resource/Bolivian_Army"
"http://dbpedia.org/property/constituency","http://dbpedia.org/resource/Hoarafushi_(Haa_Alif_Atoll)"
"http://dbpedia.org/property/constituency","http://dbpedia.org/resource/Naifaru"
"http://dbpedia.org/property/constituency","Lakki Marwat"
"http://dbpedia.org/property/constituency","http://dbpedia.org/resource/Sheo_Assembly_constituency"
"http://dbpedia.org/property/deathDate",819
"http://dbpedia.org/property/deathDate",1857-03-21
"http://dbpedia.org/property/deathDate",1575
"http://dbpedia.org/property/deathDate",2018-12-10
"http://dbpedia.org/property/deathDate",1872-05-25
"http://dbpedia.org/property/deathDate",1987-02-09
"http://dbpedia.org/property/education","http://dbpedia.org/resource/Doctor_of_Philosophy"
"http://dbpedia.org/property/education","http://dbpedia.org/resource/University_of_Louisville"
"http://dbpedia.org/property/education","http://dbpedia.org/resource/Alabama_State_University"
"http://dbpedia.org/property/nickname","El Viejo"
"http://dbpedia.org/property/occupation","http://dbpedia.org/resource/Exploration"
"http://dbpedia.org/property/occupation","http://dbpedia.org/resource/Captain"
"http://dbpedia.org/property/occupation","http://dbpedia.org/resource/Encomienda"
"http://dbpedia.org/property/office","Member of the 19th People's Majlis"
"http://dbpedia.org/property/office","Deputy Speaker at People's Majlis"
"http://dbpedia.org/property/office","http://dbpedia.org/resource/People's_Majlis"
"http://dbpedia.org/property/office","Minister of Fisheries and Ocean Resources"
"http://dbpedia.org/property/office","http://dbpedia.org/resource/Attorney_General_(Maldives)"
"http://dbpedia.org/property/office","Deputy Attorney General"
"http://dbpedia.org/property/office","Deputy Solicitor General"
"http://dbpedia.org/property/office","http://dbpedia.org/resource/Cabinet_of_Mohamed_Muizzu"
"http://dbpedia.org/property/office","Minister of State for Health"
"http://dbpedia.org/property/office","Minister of Education"
"http://dbpedia.org/property/office","Minister of Social and Family Development"
"http://dbpedia.org/property/office","http://dbpedia.org/resource/Southern_Command_(India)"
"http://dbpedia.org/property/office","Abbasid Governor of Syria"
"http://dbpedia.org/property/office","Abbasid Governor of Baghdad"
"http://dbpedia.org/property/office","Sahib al-Shurta"
"http://dbpedia.org/property/office","Deputy of the Legislative Assembly of ElSalvador from Cuscatlán"
"http://dbpedia.org/property/office","Vice-Chancellor of Jamia Millia Islamia"
"http://dbpedia.org/property/office","http://dbpedia.org/resource/Ministry_of_Higher_Education,_Labour_and_Skills_Development"
"http://dbpedia.org/property/office","http://dbpedia.org/resource/Ministry_of_Homeland_Security_and_Technology_(Maldives)"
"http://dbpedia.org/property/office","Justice of the Lahore High Court"
"http://dbpedia.org/property/office","http://dbpedia.org/resource/Reading_Clerk_of_the_United_States_House_of_Representatives"
"http://dbpedia.org/property/office","Captain of the Province of Ávalos"
"http://dbpedia.org/property/office","Mayor of Sayula"
"http://dbpedia.org/property/office","Member of the National Assembly"
"http://dbpedia.org/property/office","Provincial Minister of Religious Affairs"
"http://dbpedia.org/property/office","Member of Rajasthan Legislative Assembly"
"http://dbpedia.org/property/otherparty","http://dbpedia.org/resource/Maldives_National_Party"
"http://dbpedia.org/property/party","http://dbpedia.org/resource/Maldivian_Democratic_Party"
"http://dbpedia.org/property/party","http://dbpedia.org/resource/Maldives_National_Party"
"http://dbpedia.org/property/party","http://dbpedia.org/resource/Nationalist_Republican_Alliance"
"http://dbpedia.org/property/party","http://dbpedia.org/resource/Jamiat_Ulema-e-Islam_(F)"
"http://dbpedia.org/property/predecessor","http://dbpedia.org/resource/Eva_Abdulla"
"http://dbpedia.org/property/predecessor","Mohamed Ismail"
"http://dbpedia.org/property/predecessor","http://dbpedia.org/resource/Hussain_Rasheed_Hassan"
"http://dbpedia.org/property/predecessor","http://dbpedia.org/resource/Ahmed_Nihan"
"http://dbpedia.org/property/predecessor","Aishath Bisam"
"http://dbpedia.org/property/predecessor","Aishath Bisham"
"http://dbpedia.org/property/predecessor","Ibrahim Waheed"
"http://dbpedia.org/property/predecessor","http://dbpedia.org/resource/Asim_Ahmed"
"http://dbpedia.org/property/predecessor","Aishath Mohamed Didi"
"http://dbpedia.org/property/predecessor","http://dbpedia.org/resource/Jai_Singh_Nain"
"http://dbpedia.org/property/predecessor","http://dbpedia.org/resource/Anwar_Jamal_Kidwai"
"http://dbpedia.org/property/predecessor","http://dbpedia.org/resource/Maryam_Mariya"
"http://dbpedia.org/property/predecessor","http://dbpedia.org/resource/Mohamed_Aslam_(housing_minister)"
"http://dbpedia.org/property/predecessor","Imran Abdulla"
"http://dbpedia.org/property/predecessor","http://dbpedia.org/resource/Jeffrey_Pierce_(politician)"
"http://dbpedia.org/property/predecessor","http://dbpedia.org/resource/Poppy_Arford"
"http://dbpedia.org/property/predecessor","http://dbpedia.org/resource/H._Martin_Williams"
"http://dbpedia.org/property/predecessor","Office created"
"http://dbpedia.org/property/predecessor","http://dbpedia.org/resource/Umed_Singh"
"http://dbpedia.org/property/predecessor","http://dbpedia.org/resource/Manvendra_Singh"
"http://dbpedia.org/property/predecessor","http://dbpedia.org/resource/Jalam_Singh_Rawlot"
"http://dbpedia.org/property/predecessor","Hari Singh"
"http://dbpedia.org/property/predecessor","Kan Singh"
"http://dbpedia.org/property/president","http://dbpedia.org/resource/Maumoon_Abdul_Gayoom"
"http://dbpedia.org/property/rank","http://dbpedia.org/resource/Brigadier_general"
"http://dbpedia.org/property/serviceyears",0001-12-15
"http://dbpedia.org/property/serviceyears",792
"http://dbpedia.org/property/serviceyears",1830
"http://dbpedia.org/property/signature","MDP parliament member Ahmed Saleem signature.svg"
"http://dbpedia.org/property/signature","Ahmed Shiyam signature.svg"
"http://dbpedia.org/property/spouse","Maryam Thaufeeg"
"http://dbpedia.org/property/spouse","Rob Stevens"
"http://dbpedia.org/property/spouse","Fannie Chaffee"
"http://dbpedia.org/property/spouse","Francisca de Estrada y Gutiérrez-Flórez, m. circa 1530"
"http://dbpedia.org/property/spouse","Petrona Borda Bracamonte"
"http://dbpedia.org/property/successor","http://dbpedia.org/resource/Ahmed_Nazim"
"http://dbpedia.org/property/successor","Khadeeja Shabeen"
"http://dbpedia.org/property/successor","http://dbpedia.org/resource/Maryam_Mariya"
"http://dbpedia.org/property/successor","Khadeeja Abdul Samad Abdulla"
"http://dbpedia.org/property/successor","Aishath Ali"
"http://dbpedia.org/property/successor","http://dbpedia.org/resource/Dhiraj_Seth"
"http://dbpedia.org/property/successor","http://dbpedia.org/resource/Syed_Zahoor_Qasim"
"http://dbpedia.org/property/successor","http://dbpedia.org/resource/Abdulla_Muththalib"
"http://dbpedia.org/property/successor","Mohamed Aslam"
"http://dbpedia.org/property/successor","http://dbpedia.org/resource/Michael_Lemelin"
"http://dbpedia.org/property/successor","http://dbpedia.org/resource/Joe_Bartlett"
"http://dbpedia.org/property/successor","?"
"http://dbpedia.org/property/successor","http://dbpedia.org/resource/Ravindra_Singh_Bhati"
"http://dbpedia.org/property/successor","http://dbpedia.org/resource/Umed_Singh"
"http://dbpedia.org/property/successor","http://dbpedia.org/resource/Manvendra_Singh"
"http://dbpedia.org/property/successor","http://dbpedia.org/resource/Jalam_Singh_Rawlot"
"http://dbpedia.org/property/successor","Hari Singh"
"http://dbpedia.org/property/termEnd",2024-05-28
"http://dbpedia.org/property/termEnd",2024-12-01
"http://dbpedia.org/property/termEnd",2024-06-30
"http://dbpedia.org/property/termEnd",793
"http://dbpedia.org/property/termEnd",813
"http://dbpedia.org/property/termEnd",2024-05-01
"http://dbpedia.org/property/termEnd",1989
"http://dbpedia.org/property/termEnd",2022-12-07
"http://dbpedia.org/property/termEnd",1957
"http://dbpedia.org/property/termEnd",1575
"http://dbpedia.org/property/termEnd",1993
"http://dbpedia.org/property/termEnd",2007
"http://dbpedia.org/property/termStart",2022-11-01
"http://dbpedia.org/property/termStart",792
"http://dbpedia.org/property/termStart",802
"http://dbpedia.org/property/termStart",2006-05-01
"http://dbpedia.org/property/termStart",2024-12-26
"http://dbpedia.org/property/termStart",2021-05-07
"http://dbpedia.org/property/termStart",1919
"http://dbpedia.org/property/termStart",1523
"http://dbpedia.org/property/termStart",1990
"http://dbpedia.org/property/termStart",2002
"http://dbpedia.org/property/title","http://dbpedia.org/resource/XXXIII_Corps_(India)"
"http://dbpedia.org/property/title","http://dbpedia.org/resource/General_officer_commanding"
"http://dbpedia.org/property/title","http://dbpedia.org/resource/Southern_Command_(India)"
"http://dbpedia.org/property/title","Yaḥyā b. ʿAbd Allāh"
"http://dbpedia.org/property/years",0001-09-14
"http://dbpedia.org/property/years",0001-11-01
"http://dbpedia.org/property/militaryBlank","Awards"
"http://dbpedia.org/property/militaryBlank","Service number"
"http://dbpedia.org/property/1blankname","Speaker"
"http://dbpedia.org/property/1blankname","http://dbpedia.org/resource/Chief_of_the_Army_Staff_(India)"
"http://dbpedia.org/property/1namedata","http://dbpedia.org/resource/Mohamed_Aslam_(member_of_parliament)"
"http://dbpedia.org/property/1namedata","http://dbpedia.org/resource/Manoj_Pande"
"http://dbpedia.org/property/cabinet","http://dbpedia.org/resource/Cabinet_of_Mohamed_Muizzu"
"http://dbpedia.org/property/nationality","Maldivian"
"http://dbpedia.org/property/nationality","http://dbpedia.org/resource/Maldives"
"http://dbpedia.org/property/nationality","Indian"
"http://dbpedia.org/property/nationality","Castilian"
"http://dbpedia.org/property/nationality","Bolivian"
"http://dbpedia.org/property/nationality","http://dbpedia.org/resource/Indian_people"
"http://dbpedia.org/property/profession","http://dbpedia.org/resource/Professor"
"http://dbpedia.org/property/profession","Politician, Religious Leader"
"http://dbpedia.org/property/birthName","Alonso de Ávalos Saavedra"
"http://dbpedia.org/property/birthName","Ambrosio Alfonso Peñailillo Heredia"
"http://www.w3.org/ns/prov#wasDerivedFrom","http://en.wikipedia.org/wiki/Ahmed_Saleem_(deputy_speaker)?oldid=1301313266&ns=0"
"http://www.w3.org/ns/prov#wasDerivedFrom","http://en.wikipedia.org/wiki/Ahmed_Saleem_MP?oldid=1188715945&ns=0"
"http://www.w3.org/ns/prov#wasDerivedFrom","http://en.wikipedia.org/wiki/Ahmed_Shiyam_(minister)?oldid=1307798249&ns=0"
"http://www.w3.org/ns/prov#wasDerivedFrom","http://en.wikipedia.org/wiki/Ahmed_Usham?oldid=1312384477&ns=0"
"http://www.w3.org/ns/prov#wasDerivedFrom","http://en.wikipedia.org/wiki/Aishath_Rameela?oldid=1268745330&ns=0"
"http://www.w3.org/ns/prov#wasDerivedFrom","http://en.wikipedia.org/wiki/Aishath_Shiham?oldid=1304685657&ns=0"
"http://www.w3.org/ns/prov#wasDerivedFrom","http://en.wikipedia.org/wiki/Ajai_Kumar_Singh?oldid=1307281779&ns=0"
"http://www.w3.org/ns/prov#wasDerivedFrom","http://en.wikipedia.org/wiki/Al-Sindi_ibn_Shahak?oldid=1293196850&ns=0"
"http://www.w3.org/ns/prov#wasDerivedFrom","http://en.wikipedia.org/wiki/Alberto_Armando_Romero_Rodríguez?oldid=1310397662&ns=0"
"http://www.w3.org/ns/prov#wasDerivedFrom","http://en.wikipedia.org/wiki/Ali_Ashraf_(academic)?oldid=1294430575&ns=0"
"http://www.w3.org/ns/prov#wasDerivedFrom","http://en.wikipedia.org/wiki/Ali_Haidar_Ahmed?oldid=1310926674&ns=0"
"http://www.w3.org/ns/prov#wasDerivedFrom","http://en.wikipedia.org/wiki/Ali_Ihusaan?oldid=1309637914&ns=0"
"http://www.w3.org/ns/prov#wasDerivedFrom","http://en.wikipedia.org/wiki/Ali_Zia_Bajwa?oldid=1300576637&ns=0"
"http://www.w3.org/ns/prov#wasDerivedFrom","http://en.wikipedia.org/wiki/Allison_Hepler?oldid=1292384940&ns=0"
"http://www.w3.org/ns/prov#wasDerivedFrom","http://en.wikipedia.org/wiki/Alney_E._Chaffee?oldid=1278894761&ns=0"
"http://www.w3.org/ns/prov#wasDerivedFrom","http://en.wikipedia.org/wiki/Alonso_de_Ávalos_Saavedra?oldid=1298097792&ns=0"
"http://www.w3.org/ns/prov#wasDerivedFrom","http://en.wikipedia.org/wiki/Amanullah_Haqqani?oldid=1257486848&ns=0"
"http://www.w3.org/ns/prov#wasDerivedFrom","http://en.wikipedia.org/wiki/Ambrosio_Peñailillo?oldid=1292288057&ns=0"
"http://www.w3.org/ns/prov#wasDerivedFrom","http://en.wikipedia.org/wiki/Ameen_Khan?oldid=1307083490&ns=0"
"http://dbpedia.org/property/preceding","Ibrahim Riffath"
"http://dbpedia.org/property/honorificPrefix","http://dbpedia.org/resource/Lieutenant_general_(India)"
"http://dbpedia.org/property/residence","http://dbpedia.org/resource/Woolwich,_Maine"
"http://dbpedia.org/property/caption","Saleem in 2023"
"http://dbpedia.org/property/caption","Chaffee in 1928"
"http://dbpedia.org/property/children","Ibrahim ibn al-Sindi"
"http://dbpedia.org/property/children","Kushajim"
"http://dbpedia.org/property/children","Nasr ibn al-Sindi"
"http://dbpedia.org/property/militaryData",20
"http://dbpedia.org/property/militaryData",""
"http://dbpedia.org/property/militaryData","IC-42336F"
"http://dbpedia.org/property/parents","Shahak"
"http://dbpedia.org/property/parents","Ibrahim Didi"
"http://dbpedia.org/property/parents","Pedro López de Saavedra, Isabel Rangel y Ávalos"
"http://dbpedia.org/property/status","Hidalgo"
"http://dbpedia.org/property/url","http://dx.doi.org/10.1163/1573-3912_islam_SIM_7947"
"http://dbpedia.org/property/allegiance","http://dbpedia.org/resource/Bolivia"
"http://dbpedia.org/property/commands",18
"http://dbpedia.org/property/commands","XXXIII Corps"
"http://dbpedia.org/property/unit",19
"http://dbpedia.org/property/nativeName","އަހުމަދު ސަލީމް"
"http://dbpedia.org/property/nativeName","އައިޝަތު ޝިހާމް"
"http://dbpedia.org/property/pages",242
"http://dbpedia.org/property/monarch","http://dbpedia.org/resource/Harun_al-Rashid"
"http://dbpedia.org/property/monarch","al-Amin"
"http://dbpedia.org/property/monarch","Harun ar-Rashid"
"http://dbpedia.org/property/volume",11
"http://dbpedia.org/property/district",49
"http://dbpedia.org/property/district","53.0"
"http://dbpedia.org/property/succeeded","Ali Moosa"
"http://dbpedia.org/property/succeeded","Yaaseen Abdulla"
"http://dbpedia.org/property/succeeded","Mohamed Ismail"
"http://dbpedia.org/property/termend",2024-05-28
"http://dbpedia.org/property/termend",2023-11-17
"http://dbpedia.org/property/termend",2013-08-15
"http://dbpedia.org/property/termend",2019-01-03
"http://dbpedia.org/property/termend",2023-11-21
"http://dbpedia.org/property/termend",2024-12-26
"http://dbpedia.org/property/termend","October 2008"
"http://dbpedia.org/property/termend",1985
"http://dbpedia.org/property/termend",1993
"http://dbpedia.org/property/termend",2003
"http://dbpedia.org/property/termend",2013
"http://dbpedia.org/property/termend",2023
"http://dbpedia.org/property/termstart",2019-05-28
"http://dbpedia.org/property/termstart",2019
"http://dbpedia.org/property/termstart",2011-11-15
"http://dbpedia.org/property/termstart",2013-08-15
"http://dbpedia.org/property/termstart",2012-03-12
"http://dbpedia.org/property/termstart","July 2008"
"http://dbpedia.org/property/termstart",1980
"http://dbpedia.org/property/termstart",1990
"http://dbpedia.org/property/termstart",1998
"http://dbpedia.org/property/termstart",2018
"http://xmlns.com/foaf/0.1/isPrimaryTopicOf","http://en.wikipedia.org/wiki/Ahmed_Saleem_MP"
"http://xmlns.com/foaf/0.1/isPrimaryTopicOf","http://en.wikipedia.org/wiki/Ahmed_Saleem_(deputy_speaker)"
"http://xmlns.com/foaf/0.1/isPrimaryTopicOf","http://en.wikipedia.org/wiki/Ahmed_Shiyam_(minister)"
"http://xmlns.com/foaf/0.1/isPrimaryTopicOf","http://en.wikipedia.org/wiki/Ahmed_Usham"
"http://xmlns.com/foaf/0.1/isPrimaryTopicOf","http://en.wikipedia.org/wiki/Aishath_Rameela"
"http://xmlns.com/foaf/0.1/isPrimaryTopicOf","http://en.wikipedia.org/wiki/Aishath_Shiham"
"http://xmlns.com/foaf/0.1/isPrimaryTopicOf","http://en.wikipedia.org/wiki/Ajai_Kumar_Singh"
"http://xmlns.com/foaf/0.1/isPrimaryTopicOf","http://en.wikipedia.org/wiki/Al-Sindi_ibn_Shahak"
"http://xmlns.com/foaf/0.1/isPrimaryTopicOf","http://en.wikipedia.org/wiki/Alberto_Armando_Romero_Rodríguez"
"http://xmlns.com/foaf/0.1/isPrimaryTopicOf","http://en.wikipedia.org/wiki/Ali_Ashraf_(academic)"
"http://xmlns.com/foaf/0.1/isPrimaryTopicOf","http://en.wikipedia.org/wiki/Ali_Haidar_Ahmed"
"http://xmlns.com/foaf/0.1/isPrimaryTopicOf","http://en.wikipedia.org/wiki/Ali_Ihusaan"
"http://xmlns.com/foaf/0.1/isPrimaryTopicOf","http://en.wikipedia.org/wiki/Ali_Zia_Bajwa"
"http://xmlns.com/foaf/0.1/isPrimaryTopicOf","http://en.wikipedia.org/wiki/Allison_Hepler"
"http://xmlns.com/foaf/0.1/isPrimaryTopicOf","http://en.wikipedia.org/wiki/Alney_E._Chaffee"
"http://xmlns.com/foaf/0.1/isPrimaryTopicOf","http://en.wikipedia.org/wiki/Alonso_de_Ávalos_Saavedra"
"http://xmlns.com/foaf/0.1/isPrimaryTopicOf","http://en.wikipedia.org/wiki/Amanullah_Haqqani"
"http://xmlns.com/foaf/0.1/isPrimaryTopicOf","http://en.wikipedia.org/wiki/Ambrosio_Peñailillo"
"http://xmlns.com/foaf/0.1/isPrimaryTopicOf","http://en.wikipedia.org/wiki/Ameen_Khan"
"http://www.w3.org/2002/07/owl#sameAs","http://www.wikidata.org/entity/Q111137020"
"http://www.w3.org/2002/07/owl#sameAs","https://global.dbpedia.org/id/GRLA6"
"http://www.w3.org/2002/07/owl#sameAs","http://commons.dbpedia.org/resource/Anna_Mae_Yu_Lamentillo"
"http://xmlns.com/foaf/0.1/name","Amir Md Ghazali"
"http://xmlns.com/foaf/0.1/name","Amy Kuhn"
"http://xmlns.com/foaf/0.1/name","Amy Roeder"
"http://xmlns.com/foaf/0.1/name","Andrea Katz"
"http://xmlns.com/foaf/0.1/name","Andrea Lewis Miller"
"http://xmlns.com/foaf/0.1/name","Andrew Buchanan"
"http://xmlns.com/foaf/0.1/name","Andrew H. Hudspeth"
"http://xmlns.com/foaf/0.1/name","Andrew K. Poepoe"
"http://xmlns.com/foaf/0.1/name","Anish Dayal Singh"
"http://xmlns.com/foaf/0.1/name","Anjanette Kattil"
"http://xmlns.com/foaf/0.1/name","Ann M. Torr"
"http://xmlns.com/foaf/0.1/name","Anna Górska"
"http://xmlns.com/foaf/0.1/name","Anna Mae Yu Lamentillo"
"http://xmlns.com/foaf/0.1/name","Annan Arkyin Cato"
"http://xmlns.com/foaf/0.1/name","Annie Lemani Singani Anambewe"
"http://xmlns.com/foaf/0.1/name","Annonciata Sendazirasa"
"http://xmlns.com/foaf/0.1/name","Antanas Kandrotas"
"http://xmlns.com/foaf/0.1/name","Anthony Miranda"
"http://xmlns.com/foaf/0.1/name","Anwaar Hussain"
"http://www.w3.org/2000/01/rdf-schema#label","Amir Md Ghazali"
"http://www.w3.org/2000/01/rdf-schema#label","Amy Kuhn"
"http://www.w3.org/2000/01/rdf-schema#label","Amy Roeder"
"http://www.w3.org/2000/01/rdf-schema#label","Andrea Katz"
"http://www.w3.org/2000/01/rdf-schema#label","Andrea Lewis Miller"
"http://www.w3.org/2000/01/rdf-schema#label","Andrew Buchanan (Pennsylvania state representative)"
"http://www.w3.org/2000/01/rdf-schema#label","Andrew H. Hudspeth"
"http://www.w3.org/2000/01/rdf-schema#label","Andrew Poepoe"
"http://www.w3.org/2000/01/rdf-schema#label","Angelo Tsirekas"
"http://www.w3.org/2000/01/rdf-schema#label","Anish Dayal Singh"
"http://www.w3.org/2000/01/rdf-schema#label","Anjanette Kattil"
"http://www.w3.org/2000/01/rdf-schema#label","Ann M. Torr"
"http://www.w3.org/2000/01/rdf-schema#label","Anna Górska"
"http://www.w3.org/2000/01/rdf-schema#label","Anna Mae Yu Lamentillo"
"http://www.w3.org/2000/01/rdf-schema#label","Annan Cato"
"http://www.w3.org/2000/01/rdf-schema#label","Annie Lemani"
"http://www.w3.org/2000/01/rdf-schema#label","Annonciata Sendazirasa"
"http://www.w3.org/2000/01/rdf-schema#label","Antanas Kandrotas"
"http://www.w3.org/2000/01/rdf-schema#label","Anthony Miranda"
"http://www.w3.org/2000/01/rdf-schema#label","Anwaar Hussain"
"http://dbpedia.org/property/loser","Democratic Party"
"http://dbpedia.org/property/loser","Republican Party"
"http://dbpedia.org/ontology/deathPlace","http://dbpedia.org/resource/Pasadena,_California"
"http://dbpedia.org/property/deathPlace","Pasadena, California, US"
"http://dbpedia.org/property/deathPlace","Blantyre"
"http://dbpedia.org/ontology/deathDate",1948-03-10
"http://dbpedia.org/ontology/deathDate",2023-04-19
"http://dbpedia.org/ontology/deathDate",2017-01-15
"http://dbpedia.org/ontology/birthPlace","http://dbpedia.org/resource/Minnesota"
"http://dbpedia.org/ontology/birthPlace","http://dbpedia.org/resource/Minneapolis"
"http://dbpedia.org/ontology/birthPlace","http://dbpedia.org/resource/Greenville,_Texas"
"http://dbpedia.org/ontology/birthPlace","http://dbpedia.org/resource/Honolulu"
"http://dbpedia.org/ontology/birthPlace","http://dbpedia.org/resource/Uttar_Pradesh"
"http://dbpedia.org/ontology/birthPlace","http://dbpedia.org/resource/Prayagraj"
"http://dbpedia.org/ontology/birthPlace","http://dbpedia.org/resource/Rochester,_New_Hampshire"
"http://dbpedia.org/ontology/birthPlace","http://dbpedia.org/resource/Elbląg"
"http://dbpedia.org/ontology/birthPlace","http://dbpedia.org/resource/Philippines"
"http://dbpedia.org/ontology/birthPlace","http://dbpedia.org/resource/Gold_Coast_(British_colony)"
"http://dbpedia.org/ontology/birthPlace","http://dbpedia.org/resource/Malawi"
"http://dbpedia.org/ontology/birthPlace","http://dbpedia.org/resource/Burundi"
"http://dbpedia.org/ontology/birthPlace","http://dbpedia.org/resource/Lithuania"
"http://dbpedia.org/ontology/birthPlace","http://dbpedia.org/resource/Kaunas"
"http://dbpedia.org/ontology/birthPlace","http://dbpedia.org/resource/New_York_(state)"
"http://dbpedia.org/ontology/birthPlace","http://dbpedia.org/resource/Brooklyn"
"http://dbpedia.org/property/birthPlace","Minneapolis, Minnesota, U.S."
"http://dbpedia.org/property/birthPlace","Greenville, Texas, US"
"http://dbpedia.org/property/birthPlace","http://dbpedia.org/resource/Honolulu"
"http://dbpedia.org/property/birthPlace","Prayagraj, Uttar Pradesh, India"
"http://dbpedia.org/property/birthPlace","Rochester, New Hampshire, U.S."
"http://dbpedia.org/property/birthPlace","Elbląg, Poland"
"http://dbpedia.org/property/birthPlace","http://dbpedia.org/resource/Philippines"
"http://dbpedia.org/property/birthPlace","http://dbpedia.org/resource/Gold_Coast_(British_colony)"
"http://dbpedia.org/property/birthPlace","http://dbpedia.org/resource/Malawi"
"http://dbpedia.org/property/birthPlace","http://dbpedia.org/resource/Burundi"
"http://dbpedia.org/property/birthPlace","http://dbpedia.org/resource/Lithuania"
"http://dbpedia.org/property/birthPlace","http://dbpedia.org/resource/Kaunas"
"http://dbpedia.org/property/birthPlace","Brooklyn, New York, U.S."
"http://dbpedia.org/ontology/birthDate",2015-09-23
"http://dbpedia.org/ontology/birthDate",1874-10-23
"http://dbpedia.org/ontology/birthDate",1935-05-02
"http://dbpedia.org/ontology/birthDate",1964-12-09
"http://dbpedia.org/ontology/birthDate",1935-02-11
"http://dbpedia.org/ontology/birthDate",1980-07-17
"http://dbpedia.org/ontology/birthDate",1991-02-07
"http://dbpedia.org/ontology/birthDate",1939-05-06
"http://dbpedia.org/ontology/birthDate",1946-03-31
"http://dbpedia.org/ontology/birthDate",1980-12-28
"http://dbpedia.org/ontology/birthDate",1961-04-08
"http://dbpedia.org/ontology/birthDate",1973-01-16
"http://purl.org/dc/terms/subject","http://dbpedia.org/resource/Category:Members_of_the_Dewan_Negara"
"http://purl.org/dc/terms/subject","http://dbpedia.org/resource/Category:George_Washington_University_alumni"
"http://purl.org/dc/terms/subject","http://dbpedia.org/resource/Category:Goucher_College_alumni"
"http://purl.org/dc/terms/subject","http://dbpedia.org/resource/Category:21st-century_American_women_lawyers"
"http://purl.org/dc/terms/subject","http://dbpedia.org/resource/Category:People_from_Falmouth,_Maine"
"http://purl.org/dc/terms/subject","http://dbpedia.org/resource/Category:Actresses_from_Maine"
"http://purl.org/dc/terms/subject","http://dbpedia.org/resource/Category:University_of_Georgia_alumni"
"http://purl.org/dc/terms/subject","http://dbpedia.org/resource/Category:University_of_Evansville_alumni"
"http://purl.org/dc/terms/subject","http://dbpedia.org/resource/Category:University_of_Maine_faculty"
"http://purl.org/dc/terms/subject","http://dbpedia.org/resource/Category:Actresses_from_Minneapolis"
"http://purl.org/dc/terms/subject","http://dbpedia.org/resource/Category:Politicians_from_Bangor,_Maine"
"http://purl.org/dc/terms/subject","http://dbpedia.org/resource/Category:Pennsbury_High_School_alumni"
"http://purl.org/dc/terms/subject","http://dbpedia.org/resource/Category:School_board_members_in_New_Jersey"
"http://purl.org/dc/terms/subject","http://dbpedia.org/resource/Category:21st-century_members_of_the_New_Jersey_Legislature"
"http://purl.org/dc/terms/subject","http://dbpedia.org/resource/Category:Democratic_Party_members_of_the_New_Jersey_General_Assembly"
"http://purl.org/dc/terms/subject","http://dbpedia.org/resource/Category:People_from_Chesterfield_Township,_New_Jersey"
"http://purl.org/dc/terms/subject","http://dbpedia.org/resource/Category:Clark_Atlanta_University_alumni"
"http://purl.org/dc/terms/subject","http://dbpedia.org/resource/Category:LeMoyne–Owen_College_alumni"
"http://purl.org/dc/terms/subject","http://dbpedia.org/resource/Category:LeMoyne–Owen_College_faculty"
"http://purl.org/dc/terms/subject","http://dbpedia.org/resource/Category:Women_heads_of_universities_and_colleges"
"http://purl.org/dc/terms/subject","http://dbpedia.org/resource/Category:University_of_Nevada,_Reno_faculty"
"http://purl.org/dc/terms/subject","http://dbpedia.org/resource/Category:Heads_of_historically_black_universities_and_colleges_in_the_United_States"
"http://purl.org/dc/terms/subject","http://dbpedia.org/resource/Category:Southwest_Tennessee_Community_College_faculty"
"http://purl.org/dc/terms/subject","http://dbpedia.org/resource/Category:21st-century_American_biologists"
"http://purl.org/dc/terms/subject","http://dbpedia.org/resource/Category:21st-century_American_women_scientists"
"http://purl.org/dc/terms/subject","http://dbpedia.org/resource/Category:Academics_from_Memphis,_Tennessee"
"http://purl.org/dc/terms/subject","http://dbpedia.org/resource/Category:Year_of_birth_unknown"
"http://purl.org/dc/terms/subject","http://dbpedia.org/resource/Category:Year_of_death_unknown"
"http://purl.org/dc/terms/subject","http://dbpedia.org/resource/Category:Presbyterians_from_Pennsylvania"
"http://purl.org/dc/terms/subject","http://dbpedia.org/resource/Category:Democratic_Party_members_of_the_Pennsylvania_House_of_Representatives"
"http://purl.org/dc/terms/subject","http://dbpedia.org/resource/Category:United_States_Marshals"
"http://purl.org/dc/terms/subject","http://dbpedia.org/resource/Category:People_from_Lincoln_County,_New_Mexico"
"http://purl.org/dc/terms/subject","http://dbpedia.org/resource/Category:1948_deaths"
"http://purl.org/dc/terms/subject","http://dbpedia.org/resource/Category:New_Mexico_lawyers"
"http://purl.org/dc/terms/subject","http://dbpedia.org/resource/Category:1874_births"
"http://purl.org/dc/terms/subject","http://dbpedia.org/resource/Category:Members_of_the_New_Mexico_Territorial_Legislature"
"http://purl.org/dc/terms/subject","http://dbpedia.org/resource/Category:Cumberland_University_alumni"
"http://purl.org/dc/terms/subject","http://dbpedia.org/resource/Category:New_Mexico_Democrats"
"http://purl.org/dc/terms/subject","http://dbpedia.org/resource/Category:People_from_Fannin_County,_Texas"
"http://purl.org/dc/terms/subject","http://dbpedia.org/resource/Category:Law_enforcement_officials_from_New_Mexico"
"http://purl.org/dc/terms/subject","http://dbpedia.org/resource/Category:Chief_justices_of_the_New_Mexico_Supreme_Court"
"http://purl.org/dc/terms/subject","http://dbpedia.org/resource/Category:Deaths_from_throat_cancer_in_California"
"http://purl.org/dc/terms/subject","http://dbpedia.org/resource/Category:1935_births"
"http://purl.org/dc/terms/subject","http://dbpedia.org/resource/Category:Yale_University_alumni"
"http://purl.org/dc/terms/subject","http://dbpedia.org/resource/Category:University_of_Hawaiʻi_alumni"
"http://purl.org/dc/terms/subject","http://dbpedia.org/resource/Category:People_from_Honolulu"
"http://purl.org/dc/terms/subject","http://dbpedia.org/resource/Category:Republican_Party_members_of_the_Hawaii_House_of_Representatives"
"http://purl.org/dc/terms/subject","http://dbpedia.org/resource/Category:20th-century_members_of_the_Hawaii_State_Legislature"
"http://purl.org/dc/terms/subject","http://dbpedia.org/resource/Category:Australian_people_of_Greek_descent"
"http://purl.org/dc/terms/subject","http://dbpedia.org/resource/Category:New_South_Wales_local_councillors"
"http://purl.org/dc/terms/subject","http://dbpedia.org/resource/Category:Indian_Police_Service_officers"
"http://purl.org/dc/terms/subject","http://dbpedia.org/resource/Category:People_from_Prayagraj"
"http://purl.org/dc/terms/subject","http://dbpedia.org/resource/Category:Ambassadors_of_the_Marshall_Islands_to_Taiwan"
"http://purl.org/dc/terms/subject","http://dbpedia.org/resource/Category:Marshallese_women_ambassadors"
"http://purl.org/dc/terms/subject","http://dbpedia.org/resource/Category:People_from_Rochester,_New_Hampshire"
"http://purl.org/dc/terms/subject","http://dbpedia.org/resource/Category:2023_deaths"
"http://purl.org/dc/terms/subject","http://dbpedia.org/resource/Category:21st-century_American_women"
"http://purl.org/dc/terms/subject","http://dbpedia.org/resource/Category:20th-century_members_of_the_New_Hampshire_General_Court"
"http://purl.org/dc/terms/subject","http://dbpedia.org/resource/Category:Republican_Party_members_of_the_New_Hampshire_House_of_Representatives"
"http://purl.org/dc/terms/subject","http://dbpedia.org/resource/Category:People_from_Elbląg"
"http://purl.org/dc/terms/subject","http://dbpedia.org/resource/Category:Left_Together_politicians"
"http://purl.org/dc/terms/subject","http://dbpedia.org/resource/Category:1980_births"
"http://purl.org/dc/terms/subject","http://dbpedia.org/resource/Category:Nicolaus_Copernicus_University_in_Toruń_alumni"
"http://purl.org/dc/terms/subject","http://dbpedia.org/resource/Category:Members_of_the_Senate_of_Poland_2023–2027"
"http://purl.org/dc/terms/subject","http://dbpedia.org/resource/Category:21st-century_Polish_women_politicians"
"http://purl.org/dc/terms/subject","http://dbpedia.org/resource/Category:20th-century_Roman_Catholics"
"http://purl.org/dc/terms/subject","http://dbpedia.org/resource/Category:Filipino_writers"
"http://purl.org/dc/terms/subject","http://dbpedia.org/resource/Category:Lakas–CMD_(1991)_politicians"
"http://purl.org/dc/terms/subject","http://dbpedia.org/resource/Category:Filipino_politicians_of_Chinese_descent"
"http://purl.org/dc/terms/subject","http://dbpedia.org/resource/Category:Filipino_television_news_anchors"
"http://purl.org/dc/terms/subject","http://dbpedia.org/resource/Category:University_of_the_Philippines_Los_Baños_alumni"
"http://purl.org/dc/terms/subject","http://dbpedia.org/resource/Category:Filipino_Roman_Catholics"
"http://purl.org/dc/terms/subject","http://dbpedia.org/resource/Category:Filipino_civil_servants"
"http://purl.org/dc/terms/subject","http://dbpedia.org/resource/Category:Filipino_environmentalists"
"http://purl.org/dc/terms/subject","http://dbpedia.org/resource/Category:Filipino_feminists"
"http://purl.org/dc/terms/subject","http://dbpedia.org/resource/Category:Filipino_human_rights_activists"
"http://purl.org/dc/terms/subject","http://dbpedia.org/resource/Category:Hiligaynon_people"
"http://purl.org/dc/terms/subject","http://dbpedia.org/resource/Category:University_of_the_Philippines_College_of_Law_alumni"
"http://purl.org/dc/terms/subject","http://dbpedia.org/resource/Category:People_from_Iloilo"
"http://purl.org/dc/terms/subject","http://dbpedia.org/resource/Category:Filipino_women_journalists"
"http://purl.org/dc/terms/subject","http://dbpedia.org/resource/Category:Filipino_LGBTQ_rights_activists"
"http://purl.org/dc/terms/subject","http://dbpedia.org/resource/Category:Writers_from_Metro_Manila"
"http://purl.org/dc/terms/subject","http://dbpedia.org/resource/Category:Women_civil_rights_activists"
"http://purl.org/dc/terms/subject","http://dbpedia.org/resource/Category:Women_human_rights_activists"
"http://purl.org/dc/terms/subject","http://dbpedia.org/resource/Category:Karay-a_people"
"http://purl.org/dc/terms/subject","http://dbpedia.org/resource/Category:Filipino_women_activists"
"http://purl.org/dc/terms/subject","http://dbpedia.org/resource/Category:YSEALI_alumni"
"http://purl.org/dc/terms/subject","http://dbpedia.org/resource/Category:Ghana_Institute_of_Management_and_Public_Administration_alumni"
"http://purl.org/dc/terms/subject","http://dbpedia.org/resource/Category:High_commissioners_of_Ghana_to_Canada"
"http://purl.org/dc/terms/subject","http://dbpedia.org/resource/Category:High_commissioners_of_Ghana_to_the_United_Kingdom"
"http://purl.org/dc/terms/subject","http://dbpedia.org/resource/Category:University_of_Ghana_alumni"
"http://purl.org/dc/terms/subject","http://dbpedia.org/resource/Category:Alumni_of_Achimota_School"
"http://purl.org/dc/terms/subject","http://dbpedia.org/resource/Category:2017_deaths"
"http://purl.org/dc/terms/subject","http://dbpedia.org/resource/Category:Year_of_birth_missing"
"http://purl.org/dc/terms/subject","http://dbpedia.org/resource/Category:Government_ministers_of_Malawi"
"http://purl.org/dc/terms/subject","http://dbpedia.org/resource/Category:Government_ministers_of_Burundi"
"http://purl.org/dc/terms/subject","http://dbpedia.org/resource/Category:Council_of_ministers_of_Burundi"
"http://purl.org/dc/terms/subject","http://dbpedia.org/resource/Category:Politicians_from_Kaunas"
"http://purl.org/dc/terms/subject","http://dbpedia.org/resource/Category:Lithuanian_prisoners_and_detainees"
"http://purl.org/dc/terms/subject","http://dbpedia.org/resource/Category:Lithuanian_politicians_convicted_of_crimes"
"http://purl.org/dc/terms/subject","http://dbpedia.org/resource/Category:21st-century_Lithuanian_politicians"
"http://purl.org/dc/terms/subject","http://dbpedia.org/resource/Category:John_Jay_College_of_Criminal_Justice_alumni"
"http://purl.org/dc/terms/subject","http://dbpedia.org/resource/Category:American_police_officers"
"http://purl.org/dc/terms/subject","http://dbpedia.org/resource/Category:Law_enforcement_officials_from_New_York_City"
"http://dbpedia.org/ontology/wikiPageWikiLink","http://dbpedia.org/resource/Minnesota"
"http://dbpedia.org/ontology/wikiPageWikiLink","http://dbpedia.org/resource/Minneapolis"
"http://dbpedia.org/ontology/wikiPageWikiLink","http://dbpedia.org/resource/Bachelor_of_Fine_Arts"
"http://dbpedia.org/ontology/wikiPageWikiLink","http://dbpedia.org/resource/SAG-AFTRA"
"http://dbpedia.org/ontology/wikiPageWikiLink","http://dbpedia.org/resource/Category:Members_of_the_Maine_House_of_Representatives"
"http://dbpedia.org/ontology/wikiPageWikiLink","http://dbpedia.org/resource/Bangor,_Maine"
"http://dbpedia.org/ontology/wikiPageWikiLink","http://dbpedia.org/resource/Master_of_Fine_Arts"
"http://dbpedia.org/ontology/wikiPageWikiLink","http://dbpedia.org/resource/University_of_Evansville"
"http://dbpedia.org/ontology/wikiPageWikiLink","http://dbpedia.org/resource/University_of_Maine"
"http://dbpedia.org/ontology/wikiPageWikiLink","http://dbpedia.org/resource/Maine_House_of_Representatives"
"http://dbpedia.org/ontology/wikiPageWikiLink","http://dbpedia.org/resource/Actors'_Equity_Association"
"http://dbpedia.org/ontology/wikiPageWikiLink","http://dbpedia.org/resource/Improv_Asylum"
"http://dbpedia.org/ontology/wikiPageWikiLink","http://dbpedia.org/resource/Late_Night_with_Conan_O'Brien"
"http://dbpedia.org/ontology/wikiPageWikiLink","http://dbpedia.org/resource/Victoria_Kornfield"
"http://dbpedia.org/ontology/wikiPageWikiLink","http://dbpedia.org/resource/The_Second_City_Training_Center"
"http://dbpedia.org/ontology/wikiPageWikiLink","http://dbpedia.org/resource/Category:Actresses_from_Maine"
"http://dbpedia.org/ontology/wikiPageWikiLink","http://dbpedia.org/resource/Home_Movies_(TV_series)"
"http://dbpedia.org/ontology/wikiPageWikiLink","http://dbpedia.org/resource/Maine_Democratic_Party"
"http://dbpedia.org/ontology/wikiPageWikiLink","http://dbpedia.org/resource/Penobscot_Theatre_Company"
"http://dbpedia.org/ontology/wikiPageWikiLink","http://dbpedia.org/resource/Category:American_actresses"
"http://dbpedia.org/ontology/wikiPageWikiLink","http://dbpedia.org/resource/Criterion_Theatre_(Bar_Harbor,_Maine)"
"http://dbpedia.org/ontology/wikiPageWikiLink","http://dbpedia.org/resource/Category:Maine_Democrats"
"http://dbpedia.org/ontology/wikiPageWikiLink","http://dbpedia.org/resource/Category:University_of_Evansville_alumni"
"http://dbpedia.org/ontology/wikiPageWikiLink","http://dbpedia.org/resource/Category:University_of_Maine_faculty"
"http://dbpedia.org/ontology/wikiPageWikiLink","http://dbpedia.org/resource/Category:Women_state_legislators_in_Maine"
"http://dbpedia.org/ontology/wikiPageWikiLink","http://dbpedia.org/resource/Category:Actresses_from_Minneapolis"
"http://dbpedia.org/ontology/wikiPageWikiLink","http://dbpedia.org/resource/Category:Politicians_from_Bangor,_Maine"
"http://dbpedia.org/ontology/description","US-amerikanische Schauspielerin"
"http://dbpedia.org/ontology/description","actores"
"http://dbpedia.org/ontology/description","American"
"http://dbpedia.org/ontology/description","Amerikalı aktris"
"http://dbpedia.org/ontology/description","அமெரிக்க"
"http://dbpedia.org/ontology/description","US Democratic Party politician serving as a member-elect of the New Jersey General Assembly for the 8th legislative district"
"http://dbpedia.org/ontology/description","American academic administrator"
"http://dbpedia.org/ontology/description","juez estadounidense (1874–1948)"
"http://dbpedia.org/ontology/description","American jurist (1874–1948); associate justice and chief justice of the New Mexico Supreme Court"
"http://dbpedia.org/ontology/description","American politician (born 1935)"
"http://dbpedia.org/ontology/description","অস্ট্রেলীয় রাজনীতিবিদ"
"http://dbpedia.org/ontology/description","Austraalia poliitik"
"http://dbpedia.org/ontology/description","homme politique australien"
"http://dbpedia.org/ontology/description","politician australian"
"http://dbpedia.org/ontology/description","politikan australian"
"http://dbpedia.org/ontology/description","polític australià"
"http://dbpedia.org/ontology/description","político australiano"
"http://dbpedia.org/ontology/description","político australiano"
"http://dbpedia.org/ontology/description","פוליטיקאי אוסטרלי"
"http://dbpedia.org/ontology/description","سياسي أسترالي"
"http://dbpedia.org/ontology/description","австралійський політик"
"http://dbpedia.org/ontology/description","Australian politician"
"http://dbpedia.org/ontology/description","澳大利亞政治人物"
"http://dbpedia.org/ontology/description","Indian police service officer"
"http://dbpedia.org/ontology/description","diplomate"
"http://dbpedia.org/ontology/description","Marshallese diplomat"
"http://dbpedia.org/ontology/description","マーシャル諸島の外交官"
"http://dbpedia.org/ontology/description","马绍尔群岛外交官"
"http://dbpedia.org/ontology/description","Poola poliitik"
"http://dbpedia.org/ontology/description","femme politique polonaise"
"http://dbpedia.org/ontology/description","política polaca"
"http://dbpedia.org/ontology/description","পোলীয় রাজনীতিবিদ"
"http://dbpedia.org/ontology/description","Polish politician"
"http://dbpedia.org/ontology/description","polaiteoir Polannach"
"http://dbpedia.org/ontology/description","波蘭政治人物"
"http://dbpedia.org/ontology/description","politiciană poloneză"
"http://dbpedia.org/ontology/description","politikane polake"
"http://dbpedia.org/ontology/description","política polaca"
"http://dbpedia.org/ontology/description","política polonesa"
"http://dbpedia.org/ontology/description","פוליטיקאית פולנייה"
"http://dbpedia.org/ontology/description","سياسية بولندية"
"http://dbpedia.org/ontology/description","polska polityczka"
"http://dbpedia.org/ontology/description","Oficial do governo filipino, autor, colunista de opinião e defensor"
"http://dbpedia.org/ontology/description","Filipijns jurist, diplomaat en schrijver"
"http://dbpedia.org/ontology/description","filipiński polityk, naukowiec, prawnik, dyplomata i publicysta"
"http://dbpedia.org/ontology/description","Philippine Undersecretary, Author, Opinion Columnist and Advocate"
"http://dbpedia.org/ontology/description","Onye odeakwụkwọ ukwu Philippine, Onye ode akwụkwọ, onye na-ede akwụkwọ akụkọ na onye nkwado"
"http://dbpedia.org/ontology/description","필리핀 공무원, 작가, 의견 칼럼니스트 및 옹호자"
"http://dbpedia.org/ontology/description","Lingkod-bayan, akademiko, abogado, diplomatiko, at kolumnista ng opinyon"
"http://dbpedia.org/ontology/description","Filipinischer Regierungsbeamter, Autor, Meinungskolumnist und Fürsprecher"
"http://dbpedia.org/ontology/description","Bise Sekretario, Mannurat, Kolumnista iti opinyon ken Tagapagtangapay iti Kablaaw"
"http://dbpedia.org/ontology/description","Setiausaha Bahagian Filipina, Peguam, Pengarang, Kolumnis Pendapat dan Pendokong"
"http://dbpedia.org/ontology/description","フィリピンの政治家、学者、弁護士、外交官、意見コラムニスト"
"http://dbpedia.org/ontology/description","Funcionario del gobierno filipino, autor, columnista de opinión y defensor"
"http://dbpedia.org/ontology/description","officiel du gouvernement philippin, auteur, chroniqueur d'opinion et défenseur"
"http://dbpedia.org/ontology/description","Bise Sekretaryo, Abogado, Manunulat, Kolumnista ug Tagapagtanggol"
"http://dbpedia.org/ontology/description","филиппинский правительственный чиновник, автор, обозреватель и защитник"
"http://dbpedia.org/ontology/description","filipinska državna uradnica, pisateljica, kolumnistka in zagovornica"
"http://dbpedia.org/ontology/description","菲律宾女政府官员、作家和专栏作家"
"http://dbpedia.org/ontology/description","Undersecretary Filipina, Pengacara, Penulis, Kolumnis Opini, dan Pembela"
"http://dbpedia.org/ontology/description","diplomate ghanéen"
"http://dbpedia.org/ontology/description","Ghana diplomaat"
"http://dbpedia.org/ontology/description","diplomat ganez"
"http://dbpedia.org/ontology/description","diplomat ghanez"
"http://dbpedia.org/ontology/description","diplomàtic ghanès"
"http://dbpedia.org/ontology/description","diplomático ghanés"
"http://dbpedia.org/ontology/description","diplomático ghanés"
"http://dbpedia.org/ontology/description","دبلوماسي غاني"
"http://dbpedia.org/ontology/description","ঘানায়ীয় কূটনীতিক"
"http://dbpedia.org/ontology/description","Ghanaian diplomat"
"http://dbpedia.org/ontology/description","דיפולמט גאנאי"
"http://dbpedia.org/ontology/description","Malawi poliitik"
"http://dbpedia.org/ontology/description","Malawian politician"
"http://dbpedia.org/ontology/description","মালাউইয়ীয় রাজনীতিবিদ"
"http://dbpedia.org/ontology/description","femme politique malawite"
"http://dbpedia.org/ontology/description","politiciană malawiană"
"http://dbpedia.org/ontology/description","política de Malawi"
"http://dbpedia.org/ontology/description","política malawiana"
"http://dbpedia.org/ontology/description","פוליטיקאית מלאווית"
"http://dbpedia.org/ontology/description","سياسية ملاوية"
"http://dbpedia.org/ontology/description","política malauí"
"http://dbpedia.org/ontology/description","Burundi poliitik"
"http://dbpedia.org/ontology/description","বুরুন্ডীয় রাজনীতিবিদ"
"http://dbpedia.org/ontology/description","Burundian politician"
"http://dbpedia.org/ontology/description","politiciană burundeză"
"http://dbpedia.org/ontology/description","política burundesa"
"http://dbpedia.org/ontology/description","política burundesa"
"http://dbpedia.org/ontology/description","política burundiana"
"http://dbpedia.org/ontology/description","פוליטיקאית בורונדית"
"http://dbpedia.org/ontology/description","سياسية بوروندية"
"http://dbpedia.org/ontology/description","femme politique burundaise"
"http://dbpedia.org/ontology/description","Lithuanian anti-LGBT activist"
"http://dbpedia.org/ontology/description","police officer from New York City"
"http://xmlns.com/foaf/0.1/homepage","https://www.nightowl.ph/"
"http://xmlns.com/foaf/0.1/homepage","https://www.annamaeyulamentillo.com"
"http://dbpedia.org/property/name","Amir Md Ghazali"
"http://dbpedia.org/property/name","Amy Kuhn"
"http://dbpedia.org/property/name","Amy Roeder"
"http://dbpedia.org/property/name","Andrea Katz"
"http://dbpedia.org/property/name","Andrea Lewis Miller"
"http://dbpedia.org/property/name","Andrew Buchanan"
"http://dbpedia.org/property/name","Andrew H. Hudspeth"
"http://dbpedia.org/property/name","Andrew K. Poepoe"
"http://dbpedia.org/property/name","Anish Dayal Singh"
"http://dbpedia.org/property/name","Anjanette Kattil"
"http://dbpedia.org/property/name","Ann M. Torr"
"http://dbpedia.org/property/name","Anna Górska"
"http://dbpedia.org/property/name","Anna Mae Yu Lamentillo"
"http://dbpedia.org/property/name","Annan Arkyin Cato"
"http://dbpedia.org/property/name","Annie Lemani Singani Anambewe"
"http://dbpedia.org/property/name","Annonciata Sendazirasa"
"http://dbpedia.org/property/name","Antanas Kandrotas"
"http://dbpedia.org/property/name","Anthony Miranda"
"http://dbpedia.org/property/name","Anwaar Hussain"
"http://xmlns.com/foaf/0.1/depiction","http://commons.wikimedia.org/wiki/Special:FilePath/MY_Pingat_Pertabalan_Yang_di-Pertuan_Agong_XVII_ribbon.png"
"http://xmlns.com/foaf/0.1/depiction","http://commons.wikimedia.org/wiki/Special:FilePath/Pakatan-harapan-logo.svg"
"http://xmlns.com/foaf/0.1/depiction","http://commons.wikimedia.org/wiki/Special:FilePath/Parti_Keadilan_Rakyat_logo.svg"
"http://xmlns.com/foaf/0.1/depiction","http://commons.wikimedia.org/wiki/Special:FilePath/NJDOMVA_Andrea_Katz_(cropped).jpg"
"http://xmlns.com/foaf/0.1/depiction","http://commons.wikimedia.org/wiki/Special:FilePath/Andrew_H._Hudspeth_(1874–1948).png"
"http://xmlns.com/foaf/0.1/depiction","http://commons.wikimedia.org/wiki/Special:FilePath/Signature_of_Andrew_H._Hudspeth_(1874–1948).png"
"http://xmlns.com/foaf/0.1/depiction","http://commons.wikimedia.org/wiki/Special:FilePath/Indian_Police_Medal_for_Meritorious_Service.png"
"http://xmlns.com/foaf/0.1/depiction","http://commons.wikimedia.org/wiki/Special:FilePath/IND_President's_Police_Medal_for_Distinguished_Service.png"
"http://xmlns.com/foaf/0.1/depiction","http://commons.wikimedia.org/wiki/Special:FilePath/Anjanette_Kattil_(cropped).jpg"
"http://xmlns.com/foaf/0.1/depiction","http://commons.wikimedia.org/wiki/Special:FilePath/Anna_Górska_Kancelaria_Senatu_2023.jpg"
"http://xmlns.com/foaf/0.1/depiction","http://commons.wikimedia.org/wiki/Special:FilePath/Anna_Górska_ślubowanie.jpg"
"http://xmlns.com/foaf/0.1/depiction","http://commons.wikimedia.org/wiki/Special:FilePath/Night_Owl_Lamentillo.jpg"
"http://xmlns.com/foaf/0.1/depiction","http://commons.wikimedia.org/wiki/Special:FilePath/Official_Portrait_-_1st_Lieutenant_Anna_Mae_Yu_Lamentillo.jpg"
"http://xmlns.com/foaf/0.1/depiction","http://commons.wikimedia.org/wiki/Special:FilePath/Official_Portrait_-_Philippine_Coast_Guard_Auxiliary_Commodore_Anna_Mae_Yu_Lamentillo.jpg"
"http://dbpedia.org/property/almaMater","http://dbpedia.org/resource/Yale_University"
"http://dbpedia.org/property/almaMater",""
"http://dbpedia.org/property/almaMater","Harvard Kennedy School"
"http://dbpedia.org/property/almaMater","University of the Philippines College of Law"
"http://dbpedia.org/property/almaMater","University of the Philippines Los Baños"
"http://dbpedia.org/property/almaMater","http://dbpedia.org/resource/Kaunas_University_of_Technology"
"http://dbpedia.org/property/almaMater","http://dbpedia.org/resource/Punjab_University_Law_College"
"http://dbpedia.org/property/almaMater","Institute of Comparative Law (McGill University)"
"http://dbpedia.org/property/awards",50
"http://dbpedia.org/property/awards","Indian Police Medal awarded by the central government for Meritorious Service"
"http://dbpedia.org/property/awards","President's Police Medal for Distinguished Service"
"http://dbpedia.org/ontology/almaMater","http://dbpedia.org/resource/Yale_University"
"http://dbpedia.org/ontology/almaMater","http://dbpedia.org/resource/Harvard_Kennedy_School"
"http://dbpedia.org/ontology/almaMater","http://dbpedia.org/resource/University_of_the_Philippines_College_of_Law"
"http://dbpedia.org/ontology/almaMater","http://dbpedia.org/resource/University_of_the_Philippines_Los_Baños"
"http://dbpedia.org/ontology/almaMater","http://dbpedia.org/resource/Kaunas_University_of_Technology"
"http://dbpedia.org/ontology/almaMater","http://dbpedia.org/resource/Institute_of_Comparative_Law_(McGill_University)"
"http://dbpedia.org/ontology/almaMater","http://dbpedia.org/resource/Punjab_University_Law_College"
"http://dbpedia.org/ontology/award","http://dbpedia.org/resource/President's_Police_Medal"
"http://dbpedia.org/ontology/award","http://dbpedia.org/resource/Indian_Police_Medal"
"http://dbpedia.org/ontology/birthName","Anna Mae Yu Lamentillo"
"http://dbpedia.org/ontology/birthName","Annan Arkyin Cato"
"http://dbpedia.org/ontology/birthName","Annie Lemani"
"http://dbpedia.org/ontology/education","http://dbpedia.org/resource/University_of_Georgia"
"http://dbpedia.org/ontology/education","http://dbpedia.org/resource/University_of_Evansville"
"http://dbpedia.org/ontology/education","http://dbpedia.org/resource/University_of_Maine"
"http://dbpedia.org/ontology/education","http://dbpedia.org/resource/Clark_Atlanta_University"
"http://dbpedia.org/ontology/education","http://dbpedia.org/resource/LeMoyne–Owen_College"
"http://dbpedia.org/ontology/education","http://dbpedia.org/resource/Achimota_School"
"http://dbpedia.org/ontology/education","http://dbpedia.org/resource/John_Jay_College_of_Criminal_Justice"
"http://dbpedia.org/ontology/militaryService","http://dbpedia.org/resource/Anna_Mae_Yu_Lamentillo__MilitaryService__1"
"http://dbpedia.org/ontology/nationality","http://dbpedia.org/resource/Indian"
"http://dbpedia.org/ontology/nationality","http://dbpedia.org/resource/Ghanaians"
"http://dbpedia.org/ontology/occupation","http://dbpedia.org/resource/Indian_Police_Service"
"http://dbpedia.org/ontology/occupation","http://dbpedia.org/resource/Diplomat"
"http://dbpedia.org/ontology/occupation","http://dbpedia.org/resource/Civil_service"
"http://dbpedia.org/ontology/party","http://dbpedia.org/resource/Maine_Democratic_Party"
"http://dbpedia.org/ontology/party","http://dbpedia.org/resource/Our_Local_Community"
"http://dbpedia.org/ontology/party","http://dbpedia.org/resource/New_South_Wales_Labor_Party"
"http://dbpedia.org/ontology/party","http://dbpedia.org/resource/Left_Together"
"http://dbpedia.org/ontology/party","http://dbpedia.org/resource/Democratic_Progressive_Party_(Malawi)"
"http://dbpedia.org/ontology/party","http://dbpedia.org/resource/National_Council_for_the_Defense_of_Democracy_–_Forces_for_the_Defense_of_Democracy"
"http://dbpedia.org/ontology/party","http://dbpedia.org/resource/Party_%22We_Are_Lithuania%22"
"http://dbpedia.org/ontology/party","http://dbpedia.org/resource/Union_of_the_Fighters_for_Lithuania"
"http://dbpedia.org/ontology/relation","http://dbpedia.org/resource/Ralph_W._Torr"
"http://dbpedia.org/ontology/residence","http://dbpedia.org/resource/Falmouth,_Maine"
"http://dbpedia.org/ontology/residence","http://dbpedia.org/resource/Bangor,_Maine"
"http://dbpedia.org/ontology/residence","http://dbpedia.org/resource/Hawaii"
"http://dbpedia.org/ontology/residence","http://dbpedia.org/resource/Kailua,_Hawaii"
"http://dbpedia.org/ontology/signature","Signature of Andrew H. Hudspeth (1874–1948).png"
"http://dbpedia.org/ontology/spouse","http://dbpedia.org/resource/Franklin_G._Torr"
"http://dbpedia.org/ontology/termPeriod","http://dbpedia.org/resource/Amir_Md_Ghazali__Tenure__1"
"http://dbpedia.org/ontology/termPeriod","http://dbpedia.org/resource/Amir_Md_Ghazali__Tenure__2"
"http://dbpedia.org/ontology/termPeriod","http://dbpedia.org/resource/Amy_Kuhn__Tenure__1"
"http://dbpedia.org/ontology/termPeriod","http://dbpedia.org/resource/Amy_Roeder__Tenure__1"
"http://dbpedia.org/ontology/termPeriod","http://dbpedia.org/resource/Amy_Roeder__Tenure__2"
"http://dbpedia.org/ontology/termPeriod","http://dbpedia.org/resource/Andrea_Katz__Tenure__1"
"http://dbpedia.org/ontology/termPeriod","http://dbpedia.org/resource/Andrea_Lewis_Miller__Tenure__1"
"http://dbpedia.org/ontology/termPeriod","http://dbpedia.org/resource/Andrew_Buchanan_(Pennsylvania_state_representative)__Tenure__1"
"http://dbpedia.org/ontology/termPeriod","http://dbpedia.org/resource/Andrew_H._Hudspeth__Tenure__1"
"http://dbpedia.org/ontology/termPeriod","http://dbpedia.org/resource/Andrew_Poepoe__Tenure__1"
"http://dbpedia.org/ontology/termPeriod","http://dbpedia.org/resource/Angelo_Tsirekas__Tenure__1"
"http://dbpedia.org/ontology/termPeriod","http://dbpedia.org/resource/Angelo_Tsirekas__Tenure__2"
"http://dbpedia.org/ontology/termPeriod","http://dbpedia.org/resource/Angelo_Tsirekas__Tenure__3"
"http://dbpedia.org/ontology/termPeriod","http://dbpedia.org/resource/Anish_Dayal_Singh__Tenure__1"
"http://dbpedia.org/ontology/termPeriod","http://dbpedia.org/resource/Anish_Dayal_Singh__Tenure__2"
"http://dbpedia.org/ontology/termPeriod","http://dbpedia.org/resource/Anjanette_Kattil__Tenure__1"
"http://dbpedia.org/ontology/termPeriod","http://dbpedia.org/resource/Ann_M._Torr__Tenure__1"
"http://dbpedia.org/ontology/termPeriod","http://dbpedia.org/resource/Ann_M._Torr__Tenure__2"
"http://dbpedia.org/ontology/termPeriod","http://dbpedia.org/resource/Anna_Górska__Tenure__1"
"http://dbpedia.org/ontology/termPeriod","http://dbpedia.org/resource/Anna_Mae_Yu_Lamentillo__Tenure__1"
"http://dbpedia.org/ontology/termPeriod","http://dbpedia.org/resource/Anna_Mae_Yu_Lamentillo__Tenure__2"
"http://dbpedia.org/ontology/termPeriod","http://dbpedia.org/resource/Anna_Mae_Yu_Lamentillo__Tenure__3"
"http://dbpedia.org/ontology/termPeriod","http://dbpedia.org/resource/Annan_Cato__Tenure__2"
"http://dbpedia.org/ontology/termPeriod","http://dbpedia.org/resource/Annie_Lemani__Tenure__1"
"http://dbpedia.org/ontology/termPeriod","http://dbpedia.org/resource/Annonciata_Sendazirasa__Tenure__1"
"http://dbpedia.org/ontology/termPeriod","http://dbpedia.org/resource/Anthony_Miranda__Tenure__2"
"http://dbpedia.org/ontology/termPeriod","http://dbpedia.org/resource/Anwaar_Hussain__Tenure__1"
"http://dbpedia.org/ontology/thumbnail","http://commons.wikimedia.org/wiki/Special:FilePath/Parti_Keadilan_Rakyat_logo.svg?width=300"
"http://dbpedia.org/ontology/thumbnail","http://commons.wikimedia.org/wiki/Special:FilePath/NJDOMVA_Andrea_Katz_(cropped).jpg?width=300"
"http://dbpedia.org/ontology/thumbnail","http://commons.wikimedia.org/wiki/Special:FilePath/Andrew_H._Hudspeth_(1874–1948).png?width=300"
"http://dbpedia.org/ontology/thumbnail","http://commons.wikimedia.org/wiki/Special:FilePath/Indian_Police_Medal_for_Meritorious_Service.png?width=300"
"http://dbpedia.org/ontology/thumbnail","http://commons.wikimedia.org/wiki/Special:FilePath/Anjanette_Kattil_(cropped).jpg?width=300"
"http://dbpedia.org/ontology/thumbnail","http://commons.wikimedia.org/wiki/Special:FilePath/Anna_Górska_Kancelaria_Senatu_2023.jpg?width=300"
"http://dbpedia.org/ontology/thumbnail","http://commons.wikimedia.org/wiki/Special:FilePath/Official_Portrait_-_Philippine_Coast_Guard_Auxiliary_Commodore_Anna_Mae_Yu_Lamentillo.jpg?width=300"
"http://dbpedia.org/property/alongside","http://dbpedia.org/resource/Lingeshwaran_Arunasalam"
"http://dbpedia.org/property/alongside","http://dbpedia.org/resource/Michael_Torrissi"
"http://dbpedia.org/property/alongside","Joseph Dowdall and Robert Irwin"
"http://dbpedia.org/property/wikiPageUsesTemplate","http://dbpedia.org/resource/Template:BLP_primary_sources"
"http://dbpedia.org/property/wikiPageUsesTemplate","http://dbpedia.org/resource/Template:Election_box_gain_with_party_link_no_change"
"http://dbpedia.org/property/wikiPageUsesTemplate","http://dbpedia.org/resource/Template:Infobox_Chinese"
"http://dbpedia.org/property/wikiPageUsesTemplate","http://dbpedia.org/resource/Template:Tone_superscript"
"http://dbpedia.org/property/wikiPageUsesTemplate","http://dbpedia.org/resource/Template:NewHampshire-NHRepresentative-Republican-stub"
"http://dbpedia.org/property/wikiPageUsesTemplate","http://dbpedia.org/resource/Template:Bda"
"http://dbpedia.org/property/wikiPageUsesTemplate","http://dbpedia.org/resource/Template:Like_resume"
"http://dbpedia.org/property/wikiPageUsesTemplate","http://dbpedia.org/resource/Template:Promotional"
"http://dbpedia.org/property/wikiPageUsesTemplate","http://dbpedia.org/resource/Template:Commons"
"http://dbpedia.org/property/wikiPageUsesTemplate","http://dbpedia.org/resource/Template:IPAc-en"
"http://dbpedia.org/property/wikiPageUsesTemplate","http://dbpedia.org/resource/Template:ISBN"
"http://dbpedia.org/property/wikiPageUsesTemplate","http://dbpedia.org/resource/Template:Incomplete_list"
"http://dbpedia.org/property/wikiPageUsesTemplate","http://dbpedia.org/resource/Template:Listen"
"http://dbpedia.org/property/wikiPageUsesTemplate","http://dbpedia.org/resource/Template:Philippine_name"
"http://dbpedia.org/property/wikiPageUsesTemplate","http://dbpedia.org/resource/Template:Refbegin"
"http://dbpedia.org/property/wikiPageUsesTemplate","http://dbpedia.org/resource/Template:Refend"
"http://dbpedia.org/property/wikiPageUsesTemplate","http://dbpedia.org/resource/Template:Respell"
"http://dbpedia.org/property/wikiPageUsesTemplate","http://dbpedia.org/resource/Template:Use_Philippine_English"
"http://dbpedia.org/property/wikiPageUsesTemplate","http://dbpedia.org/resource/Template:Wikiquote"
"http://dbpedia.org/property/wikiPageUsesTemplate","http://dbpedia.org/resource/Template:Wikisource"
"http://dbpedia.org/property/wikiPageUsesTemplate","http://dbpedia.org/resource/Template:Ubl"
"http://dbpedia.org/property/wikiPageUsesTemplate","http://dbpedia.org/resource/Template:Malawi-politician-stub"
"http://dbpedia.org/property/wikiPageUsesTemplate","http://dbpedia.org/resource/Template:S-ach"
"http://dbpedia.org/property/wikiPageUsesTemplate","http://dbpedia.org/resource/Template:Burundi-politician-stub"
"http://dbpedia.org/property/wikiPageUsesTemplate","http://dbpedia.org/resource/Template:Broken_anchor"
"http://dbpedia.org/property/wikiPageUsesTemplate","http://dbpedia.org/resource/Template:Context_inline"
"http://dbpedia.org/property/birthDate",1874-10-23
"http://dbpedia.org/property/birthDate",1935-05-02
"http://dbpedia.org/property/birthDate",1964-12-09
"http://dbpedia.org/property/birthDate",1935-02-11
"http://dbpedia.org/property/birthDate",1980-07-17
"http://dbpedia.org/property/birthDate",1991-02-07
"http://dbpedia.org/property/birthDate",1939-05-06
"http://dbpedia.org/property/birthDate",1946-03-31
"http://dbpedia.org/property/birthDate",1980-12-28
"http://dbpedia.org/property/birthDate",1961-04-08
"http://dbpedia.org/property/birthDate",1973-01-16
"http://dbpedia.org/property/branch","http://dbpedia.org/resource/Philippine_Coast_Guard"
"http://dbpedia.org/property/citizenship","Filipino"
"http://dbpedia.org/property/constituency",23
"http://dbpedia.org/property/constituency",125
"http://dbpedia.org/property/constituency",63
"http://dbpedia.org/property/deathDate",1948-03-10
"http://dbpedia.org/property/deathDate",2023-04-19
"http://dbpedia.org/property/deathDate",2017-01-15
"http://dbpedia.org/property/education","http://dbpedia.org/resource/University_of_Georgia"
"http://dbpedia.org/property/education","http://dbpedia.org/resource/University_of_Evansville"
"http://dbpedia.org/property/education","University of Maine"
"http://dbpedia.org/property/education","http://dbpedia.org/resource/Clark_Atlanta_University"
"http://dbpedia.org/property/education","LeMoyne–Owen College"
"http://dbpedia.org/property/education","http://dbpedia.org/resource/Achimota_School"
"http://dbpedia.org/property/education","John Jay College"
"http://dbpedia.org/property/module",0001-03-13
"http://dbpedia.org/property/occupation","Politician, minister"
"http://dbpedia.org/property/occupation","Retired IPS officer"
"http://dbpedia.org/property/occupation","Author"
"http://dbpedia.org/property/occupation","http://dbpedia.org/resource/Diplomat"
"http://dbpedia.org/property/occupation","http://dbpedia.org/resource/Civil_service"
"http://dbpedia.org/property/office","Director of Mobilisation of the People's Justice Party of Penang"
"http://dbpedia.org/property/office","Member of the Maine House of Representatives"
"http://dbpedia.org/property/office",12
"http://dbpedia.org/property/office","Justice of the New Mexico Supreme Court"
"http://dbpedia.org/property/office",0001-05-03
"http://dbpedia.org/property/office","Deputy National Security Advisor of India"
"http://dbpedia.org/property/office","Director General of Central Reserve Police Force"
"http://dbpedia.org/property/office","Marshallese Ambassador to Taiwan"
"http://dbpedia.org/property/office","Member of the New Hampshire House of Representatives from the Strafford 12th district"
"http://dbpedia.org/property/office","Member of the New Hampshire House of Representatives from the Strafford 6th district"
"http://dbpedia.org/property/office","http://dbpedia.org/resource/Senate_of_Poland"
"http://dbpedia.org/property/office","Department of Public Works and Highways"
"http://dbpedia.org/property/office","Department of Information and Communications Technology"
"http://dbpedia.org/property/office","Assistant Secretary for Public Affairs,"
"http://dbpedia.org/property/office","Chairperson, Build Build Build Committee,"
"http://dbpedia.org/property/office","Undersecretary for Foreign Relations and Public Affairs & Spokesperson,"
"http://dbpedia.org/property/office","http://dbpedia.org/resource/High_Commission_of_Ghana,_London"
"http://dbpedia.org/property/office","Deputy Minister of Internal Affairs and Public Security of Malawi"
"http://dbpedia.org/property/office","Minister of Civil Services, Labour and social security of Burundi"
"http://dbpedia.org/property/office","http://dbpedia.org/resource/New_York_City_Sheriff's_Office"
"http://dbpedia.org/property/otherparty","http://dbpedia.org/resource/New_South_Wales_Labor_Party"
"http://dbpedia.org/property/party","http://dbpedia.org/resource/Maine_Democratic_Party"
"http://dbpedia.org/property/party","http://dbpedia.org/resource/Our_Local_Community"
"http://dbpedia.org/property/party",""
"http://dbpedia.org/property/party","http://dbpedia.org/resource/Left_Together"
"http://dbpedia.org/property/party","http://dbpedia.org/resource/Democratic_Progressive_Party_(Malawi)"
"http://dbpedia.org/property/party","http://dbpedia.org/resource/National_Council_for_the_Defense_of_Democracy_–_Forces_for_the_Defense_of_Democracy"
"http://dbpedia.org/property/party","http://dbpedia.org/resource/Party_%22We_Are_Lithuania%22"
"http://dbpedia.org/property/party","http://dbpedia.org/resource/Union_of_the_Fighters_for_Lithuania"
"http://dbpedia.org/property/predecessor","Edwin A. Rausch"
"http://dbpedia.org/property/predecessor","http://dbpedia.org/resource/Fadhlina_Sidek"
"http://dbpedia.org/property/predecessor","http://dbpedia.org/resource/John_Ducharme"
"http://dbpedia.org/property/predecessor","http://dbpedia.org/resource/Victoria_Kornfield"
"http://dbpedia.org/property/predecessor","http://dbpedia.org/resource/Lester_Ordway"
"http://dbpedia.org/property/predecessor","http://dbpedia.org/resource/Brandon_Umba"
"http://dbpedia.org/property/predecessor","http://dbpedia.org/resource/Johnnie_B._Watson"
"http://dbpedia.org/property/predecessor","http://dbpedia.org/resource/Mark_A._Hodgson"
"http://dbpedia.org/property/predecessor","http://dbpedia.org/resource/William_R._Downing"
"http://dbpedia.org/property/predecessor","http://dbpedia.org/resource/Matthias_J._Pennypacker"
"http://dbpedia.org/property/predecessor","Helen McCaffrey"
"http://dbpedia.org/property/predecessor","Carmel Del Duca"
"http://dbpedia.org/property/predecessor","http://dbpedia.org/resource/Pankaj_Kumar_Singh"
"http://dbpedia.org/property/predecessor","Sujoy Lal Thaosen"
"http://dbpedia.org/property/predecessor","http://dbpedia.org/resource/Isaac_Osei"
"http://dbpedia.org/property/predecessor","http://dbpedia.org/resource/Joseph_Fucito"
"http://dbpedia.org/property/president","http://dbpedia.org/resource/Bongbong_Marcos"
"http://dbpedia.org/property/president","http://dbpedia.org/resource/Rodrigo_Duterte"
"http://dbpedia.org/property/president","http://dbpedia.org/resource/John_Kufuor"
"http://dbpedia.org/property/president","http://dbpedia.org/resource/Bingu_wa_Mutharika"
"http://dbpedia.org/property/president","http://dbpedia.org/resource/Pierre_Nkurunziza"
"http://dbpedia.org/property/rank","http://dbpedia.org/resource/Commodore_(rank)"
"http://dbpedia.org/property/relatives","http://dbpedia.org/resource/Ralph_W._Torr"
"http://dbpedia.org/property/signature","Signature of Andrew H. Hudspeth .png"
"http://dbpedia.org/property/spouse","Jamie"
"http://dbpedia.org/property/spouse",1958
"http://dbpedia.org/property/spouse","Jaya Ramalu"
"http://dbpedia.org/property/spouse","http://dbpedia.org/resource/Franklin_G._Torr"
"http://dbpedia.org/property/spouse","Sylvia Miranda"
"http://dbpedia.org/property/stateHouse","Hawaii"
"http://dbpedia.org/property/successor","Arthur L. Johnson"
"http://dbpedia.org/property/successor","http://dbpedia.org/resource/Kelly_Noonan_Murphy"
"http://dbpedia.org/property/successor","http://dbpedia.org/resource/Carol_Johnson-Dean"
"http://dbpedia.org/property/successor","http://dbpedia.org/resource/James_Penrose"
"http://dbpedia.org/property/successor","http://dbpedia.org/resource/Paxson_Vickers"
"http://dbpedia.org/property/successor","http://dbpedia.org/resource/Ebenezer_V._Dickey"
"http://dbpedia.org/property/successor","Michael Megna"
"http://dbpedia.org/property/successor","Pauline Tyrrell"
"http://dbpedia.org/property/successor","Helen McCaffrey"
"http://dbpedia.org/property/successor","http://dbpedia.org/resource/Gyanendra_Pratap_Singh"
"http://dbpedia.org/property/successor","http://dbpedia.org/resource/Kwaku_Danso-Boafo"
"http://dbpedia.org/property/termEnd",1964-01-01
"http://dbpedia.org/property/termEnd",2019-09-01
"http://dbpedia.org/property/termEnd",1856
"http://dbpedia.org/property/termEnd",1978
"http://dbpedia.org/property/termEnd",2024-12-31
"http://dbpedia.org/property/termEnd",1992
"http://dbpedia.org/property/termEnd",1998
"http://dbpedia.org/property/termEnd",2023
"http://dbpedia.org/property/termEnd",2021-10-08
"http://dbpedia.org/property/termEnd",2022-11-11
"http://dbpedia.org/property/termEnd",2009
"http://dbpedia.org/property/termEnd",2015-06-18
"http://dbpedia.org/property/termStart",1962-01-01
"http://dbpedia.org/property/termStart",2022
"http://dbpedia.org/property/termStart",2023-03-07
"http://dbpedia.org/property/termStart",2024-01-09
"http://dbpedia.org/property/termStart",2015-09-01
"http://dbpedia.org/property/termStart",1856
"http://dbpedia.org/property/termStart",1966
"http://dbpedia.org/property/termStart",2024-01-01
"http://dbpedia.org/property/termStart",2023-08-30
"http://dbpedia.org/property/termStart",1984
"http://dbpedia.org/property/termStart",1992
"http://dbpedia.org/property/termStart",2023-11-13
"http://dbpedia.org/property/termStart",2016-12-19
"http://dbpedia.org/property/termStart",2022-08-26
"http://dbpedia.org/property/termStart",2022-11-11
"http://dbpedia.org/property/termStart",2006-06-27
"http://dbpedia.org/property/termStart",2010-08-09
"http://dbpedia.org/property/termStart",2010-08-30
"http://dbpedia.org/property/title","http://dbpedia.org/resource/Deputy_Minister_of_Internal_Affairs_and_Public_Security_of_Malawi"
"http://dbpedia.org/property/title","http://dbpedia.org/resource/Minister_of_Civil_Services,_Labour_and_social_security_of_Burundi"
"http://dbpedia.org/property/website",""
"http://dbpedia.org/property/years",2022
"http://dbpedia.org/property/years",1931
"http://dbpedia.org/property/years",1946
"http://dbpedia.org/property/targetLink","Recognition of same-sex unions in Lithuania#Attempts at legalization in 2021–2023"
"http://dbpedia.org/property/1blankname","State Chairman"
"http://dbpedia.org/property/1blankname","Mayor"
"http://dbpedia.org/property/1namedata","http://dbpedia.org/resource/Nurul_Izzah_Anwar"
"http://dbpedia.org/property/1namedata","http://dbpedia.org/resource/Eric_Adams"
"http://dbpedia.org/property/2blankname","Commissioner"
"http://dbpedia.org/property/2namedata","http://dbpedia.org/resource/Preston_Niblack"
"http://dbpedia.org/property/nationality","http://dbpedia.org/resource/Indian"
"http://dbpedia.org/property/nationality","Polish"
"http://dbpedia.org/property/nationality","http://dbpedia.org/resource/Ghanaians"
"http://dbpedia.org/property/profession","Engineer"
"http://dbpedia.org/property/votes",27384
"http://dbpedia.org/property/votes",27438
"http://dbpedia.org/property/votes",27636
"http://dbpedia.org/property/votes",27881
"http://dbpedia.org/property/votes",110339
"http://dbpedia.org/property/candidate","http://dbpedia.org/resource/Michael_Torrissi"
"http://dbpedia.org/property/candidate","http://dbpedia.org/resource/Brandon_Umba"
"http://dbpedia.org/property/candidate","Andrea Katz"
"http://dbpedia.org/property/candidate","Anthony Angelozzi"
"http://dbpedia.org/property/percentage","25.3"
"http://dbpedia.org/property/percentage","24.8"
"http://dbpedia.org/property/percentage","25.1"
"http://dbpedia.org/property/percentage","24.9"
"http://dbpedia.org/property/birthName","Amelia Audrey Moore"
"http://dbpedia.org/property/birthName","Anna Mae Yu Lamentillo"
"http://dbpedia.org/property/birthName","Annan Arkyin Cato"
"http://dbpedia.org/property/birthName","Annie Lemani"
"http://www.w3.org/ns/prov#wasDerivedFrom","http://en.wikipedia.org/wiki/Amelia_Tucker?oldid=1281533038&ns=0"
"http://www.w3.org/ns/prov#wasDerivedFrom","http://en.wikipedia.org/wiki/Amir_Md_Ghazali?oldid=1304412046&ns=0"
"http://www.w3.org/ns/prov#wasDerivedFrom","http://en.wikipedia.org/wiki/Amy_Kuhn?oldid=1292385374&ns=0"
"http://www.w3.org/ns/prov#wasDerivedFrom","http://en.wikipedia.org/wiki/Amy_Roeder?oldid=1292385397&ns=0"
"http://www.w3.org/ns/prov#wasDerivedFrom","http://en.wikipedia.org/wiki/Andrea_Katz?oldid=1287536276&ns=0"
"http://www.w3.org/ns/prov#wasDerivedFrom","http://en.wikipedia.org/wiki/Andrea_Lewis_Miller?oldid=1190037819&ns=0"
"http://www.w3.org/ns/prov#wasDerivedFrom","http://en.wikipedia.org/wiki/Andrew_Buchanan_(Pennsylvania_state_representative)?oldid=1261745529&ns=0"
"http://www.w3.org/ns/prov#wasDerivedFrom","http://en.wikipedia.org/wiki/Andrew_H._Hudspeth?oldid=1270460912&ns=0"
"http://www.w3.org/ns/prov#wasDerivedFrom","http://en.wikipedia.org/wiki/Andrew_Poepoe?oldid=1261985750&ns=0"
"http://www.w3.org/ns/prov#wasDerivedFrom","http://en.wikipedia.org/wiki/Angelo_Tsirekas?oldid=1287848514&ns=0"
"http://www.w3.org/ns/prov#wasDerivedFrom","http://en.wikipedia.org/wiki/Anish_Dayal_Singh?oldid=1309190776&ns=0"
"http://www.w3.org/ns/prov#wasDerivedFrom","http://en.wikipedia.org/wiki/Anjanette_Kattil?oldid=1303273711&ns=0"
"http://www.w3.org/ns/prov#wasDerivedFrom","http://en.wikipedia.org/wiki/Ann_M._Torr?oldid=1292386408&ns=0"
"http://www.w3.org/ns/prov#wasDerivedFrom","http://en.wikipedia.org/wiki/Anna_Górska?oldid=1253327301&ns=0"
"http://www.w3.org/ns/prov#wasDerivedFrom","http://en.wikipedia.org/wiki/Anna_Mae_Yu_Lamentillo?oldid=1307762133&ns=0"
"http://www.w3.org/ns/prov#wasDerivedFrom","http://en.wikipedia.org/wiki/Annan_Cato?oldid=1266236535&ns=0"
"http://www.w3.org/ns/prov#wasDerivedFrom","http://en.wikipedia.org/wiki/Annie_Lemani?oldid=1268388763&ns=0"
"http://www.w3.org/ns/prov#wasDerivedFrom","http://en.wikipedia.org/wiki/Annonciata_Sendazirasa?oldid=1285891018&ns=0"
"http://www.w3.org/ns/prov#wasDerivedFrom","http://en.wikipedia.org/wiki/Antanas_Kandrotas?oldid=1287017994&ns=0"
"http://www.w3.org/ns/prov#wasDerivedFrom","http://en.wikipedia.org/wiki/Anthony_Miranda?oldid=1271811382&ns=0"
"http://dbpedia.org/property/after","http://dbpedia.org/resource/Thomas_J._Mabry"
"http://dbpedia.org/property/after","http://dbpedia.org/resource/James_C._McGhee"
"http://dbpedia.org/property/before","http://dbpedia.org/resource/Thomas_J._Mabry"
"http://dbpedia.org/property/before","http://dbpedia.org/resource/Charles_C._Catron"
"http://dbpedia.org/property/honorificPrefix","http://dbpedia.org/resource/The_Honourable"
"http://dbpedia.org/property/residence","http://dbpedia.org/resource/Falmouth,_Maine"
"http://dbpedia.org/property/residence","Bangor, Maine, U.S."
"http://dbpedia.org/property/residence","Kailua, Hawaii"
"http://dbpedia.org/property/caption","Katz in 2025"
"http://dbpedia.org/property/caption","Kattil in 2023"
"http://dbpedia.org/property/caption","Anna Mae Yu Lamentillo"
"http://dbpedia.org/property/diffId",1208087492
"http://dbpedia.org/property/parents",""
"http://dbpedia.org/property/parents","Elnora Yu"
"http://dbpedia.org/property/parents","Manuel Lamentillo"
"http://dbpedia.org/property/date",2025-04-23
"http://dbpedia.org/property/reason","The anchor  has been deleted."
"http://dbpedia.org/property/monarch","http://dbpedia.org/resource/Abdullah_of_Pahang"
"http://dbpedia.org/property/monarch","Ibrahim"
"http://dbpedia.org/property/winner","Democratic Party"
"http://dbpedia.org/property/winner","Republican Party"
"http://dbpedia.org/property/bot","User:Cewbot/log/20201008/configuration"
"http://dbpedia.org/property/stateAssembly","New Jersey"
"http://dbpedia.org/property/imagesize","frameless"
"http://dbpedia.org/property/term",1931
"http://dbpedia.org/property/district",40
"http://dbpedia.org/property/district",111
"http://dbpedia.org/property/district",8
"http://dbpedia.org/property/district",25
"http://dbpedia.org/property/termend",2022-12-07
"http://dbpedia.org/property/termend",2002-09-17
"http://dbpedia.org/property/termend",2016-06-21
"http://dbpedia.org/property/termend",2023-12-13
"http://dbpedia.org/property/termstart",2020-12-02
"http://dbpedia.org/property/termstart",2022-12-07
"http://dbpedia.org/property/termstart",2000-12-12
"http://dbpedia.org/property/termstart",2002-09-17
"http://dbpedia.org/property/termstart",2017-09-09
"http://dbpedia.org/property/termstart",2025-08-25
"http://dbpedia.org/property/termstart",2022-05-04
"http://xmlns.com/foaf/0.1/isPrimaryTopicOf","http://en.wikipedia.org/wiki/Amelia_Tucker"
"http://xmlns.com/foaf/0.1/isPrimaryTopicOf","http://en.wikipedia.org/wiki/Amir_Md_Ghazali"
"http://xmlns.com/foaf/0.1/isPrimaryTopicOf","http://en.wikipedia.org/wiki/Amy_Kuhn"
"http://xmlns.com/foaf/0.1/isPrimaryTopicOf","http://en.wikipedia.org/wiki/Amy_Roeder"
"http://xmlns.com/foaf/0.1/isPrimaryTopicOf","http://en.wikipedia.org/wiki/Andrea_Katz"
"http://xmlns.com/foaf/0.1/isPrimaryTopicOf","http://en.wikipedia.org/wiki/Andrea_Lewis_Miller"
"http://xmlns.com/foaf/0.1/isPrimaryTopicOf","http://en.wikipedia.org/wiki/Andrew_Buchanan_(Pennsylvania_state_representative)"
"http://xmlns.com/foaf/0.1/isPrimaryTopicOf","http://en.wikipedia.org/wiki/Andrew_H._Hudspeth"
"http://xmlns.com/foaf/0.1/isPrimaryTopicOf","http://en.wikipedia.org/wiki/Andrew_Poepoe"
"http://xmlns.com/foaf/0.1/isPrimaryTopicOf","http://en.wikipedia.org/wiki/Angelo_Tsirekas"
"http://xmlns.com/foaf/0.1/isPrimaryTopicOf","http://en.wikipedia.org/wiki/Anish_Dayal_Singh"
"http://xmlns.com/foaf/0.1/isPrimaryTopicOf","http://en.wikipedia.org/wiki/Anjanette_Kattil"
"http://xmlns.com/foaf/0.1/isPrimaryTopicOf","http://en.wikipedia.org/wiki/Ann_M._Torr"
"http://xmlns.com/foaf/0.1/isPrimaryTopicOf","http://en.wikipedia.org/wiki/Anna_Górska"
"http://xmlns.com/foaf/0.1/isPrimaryTopicOf","http://en.wikipedia.org/wiki/Anna_Mae_Yu_Lamentillo"
"http://xmlns.com/foaf/0.1/isPrimaryTopicOf","http://en.wikipedia.org/wiki/Annan_Cato"
"http://xmlns.com/foaf/0.1/isPrimaryTopicOf","http://en.wikipedia.org/wiki/Annie_Lemani"
"http://xmlns.com/foaf/0.1/isPrimaryTopicOf","http://en.wikipedia.org/wiki/Annonciata_Sendazirasa"
"http://xmlns.com/foaf/0.1/isPrimaryTopicOf","http://en.wikipedia.org/wiki/Antanas_Kandrotas"
"http://xmlns.com/foaf/0.1/isPrimaryTopicOf","http://en.wikipedia.org/wiki/Anthony_Miranda"
"http://www.w3.org/2002/07/owl#sameAs","http://www.wikidata.org/entity/Q106464437"
"http://www.w3.org/2002/07/owl#sameAs","https://global.dbpedia.org/id/FmFQH"
"http://xmlns.com/foaf/0.1/name","Anwar Jamal Kidwai"
"http://xmlns.com/foaf/0.1/name","Arjunsinh Udesinh Chauhan"
"http://xmlns.com/foaf/0.1/name","Arthur M. Gignilliat Jr."
"http://xmlns.com/foaf/0.1/name","Arthur Mingo"
"http://xmlns.com/foaf/0.1/name","Arun Choudhary"
"http://xmlns.com/foaf/0.1/name","Ashok Chandna"
"http://xmlns.com/foaf/0.1/name","Aubrey Lesaso"
"http://xmlns.com/foaf/0.1/name","Augustine Mtendere"
"http://xmlns.com/foaf/0.1/name","Aziyan Abdullah"
"http://xmlns.com/foaf/0.1/name","Azmiralda Zahir"
"http://xmlns.com/foaf/0.1/name","Badi Twalib"
"http://xmlns.com/foaf/0.1/name","Bagus Alit Sucipta"
"http://xmlns.com/foaf/0.1/name","Bahaa el-Din bin Hanna"
"http://xmlns.com/foaf/0.1/name","Balaam Barugahara Ateenyi"
"http://xmlns.com/foaf/0.1/name","Barbara R. Hatton"
"http://xmlns.com/foaf/0.1/name","Barbara Starr Scott"
"http://xmlns.com/foaf/0.1/name","Barnabe Mbonimpa"
"http://xmlns.com/foaf/0.1/name","Barry C. Morgrage"
"http://xmlns.com/foaf/0.1/name","Baxter Ennis"
"http://xmlns.com/foaf/0.1/name","Beatriz Abril de Leal"
"http://www.w3.org/2000/01/rdf-schema#label","Anwar Jamal Kidwai"
"http://www.w3.org/2000/01/rdf-schema#label","Arjunsinh Udesinh Chauhan"
"http://www.w3.org/2000/01/rdf-schema#label","Arthur M. Gignilliat Jr."
"http://www.w3.org/2000/01/rdf-schema#label","Arthur Mingo"
"http://www.w3.org/2000/01/rdf-schema#label","Arun Choudhary"
"http://www.w3.org/2000/01/rdf-schema#label","Ashok Chandna"
"http://www.w3.org/2000/01/rdf-schema#label","Ashton Schippers"
"http://www.w3.org/2000/01/rdf-schema#label","Aubrey Lesaso"
"http://www.w3.org/2000/01/rdf-schema#label","Augustine Mtendere"
"http://www.w3.org/2000/01/rdf-schema#label","Aziyan Abdullah"
"http://www.w3.org/2000/01/rdf-schema#label","Azmiralda Zahir"
"http://www.w3.org/2000/01/rdf-schema#label","Badi Twalib"
"http://www.w3.org/2000/01/rdf-schema#label","Bagus Alit Sucipta"
"http://www.w3.org/2000/01/rdf-schema#label","Bahaa el-Din bin Hanna"
"http://www.w3.org/2000/01/rdf-schema#label","Balaam Barugahara"
"http://www.w3.org/2000/01/rdf-schema#label","Barbara R. Hatton"
"http://www.w3.org/2000/01/rdf-schema#label","Barbara Starr Scott"
"http://www.w3.org/2000/01/rdf-schema#label","Barnabe Mbonimpa"
"http://www.w3.org/2000/01/rdf-schema#label","Barry C. Morgrage"
"http://www.w3.org/2000/01/rdf-schema#label","Baxter Ennis"
"http://www.w3.org/2000/01/rdf-schema#label","Beatriz Abril de Leal"
"http://dbpedia.org/ontology/deathPlace","http://dbpedia.org/resource/Cairo"
"http://dbpedia.org/ontology/deathPlace","http://dbpedia.org/resource/Villavicencio"
"http://dbpedia.org/property/deathPlace","http://dbpedia.org/resource/Cairo"
"http://dbpedia.org/property/deathPlace","Villavicencio, Colombia"
"http://dbpedia.org/ontology/deathDate",1996-01-03
"http://dbpedia.org/ontology/deathDate",2024-02-03
"http://dbpedia.org/ontology/deathDate",2020-12-06
"http://dbpedia.org/ontology/birthPlace","http://dbpedia.org/resource/Barabanki"
"http://dbpedia.org/ontology/birthPlace","http://dbpedia.org/resource/United_Provinces_of_Agra_and_Oudh"
"http://dbpedia.org/ontology/birthPlace","http://dbpedia.org/resource/Gujarat"
"http://dbpedia.org/ontology/birthPlace","http://dbpedia.org/resource/Vanthali"
"http://dbpedia.org/ontology/birthPlace","http://dbpedia.org/resource/Kheda_district"
"http://dbpedia.org/ontology/birthPlace","http://dbpedia.org/resource/Habersham_County,_Georgia"
"http://dbpedia.org/ontology/birthPlace","http://dbpedia.org/resource/Bundi"
"http://dbpedia.org/ontology/birthPlace","http://dbpedia.org/resource/Cape_Province"
"http://dbpedia.org/ontology/birthPlace","http://dbpedia.org/resource/Union_of_South_Africa"
"http://dbpedia.org/ontology/birthPlace","http://dbpedia.org/resource/Athlone,_Cape_Town"
"http://dbpedia.org/ontology/birthPlace","http://dbpedia.org/resource/Botswana"
"http://dbpedia.org/ontology/birthPlace","http://dbpedia.org/resource/Bali"
"http://dbpedia.org/ontology/birthPlace","http://dbpedia.org/resource/Denpasar"
"http://dbpedia.org/ontology/birthPlace","http://dbpedia.org/resource/Uganda"
"http://dbpedia.org/ontology/birthPlace","http://dbpedia.org/resource/Claremore,_Oklahoma"
"http://dbpedia.org/property/birthPlace","http://dbpedia.org/resource/Barabanki"
"http://dbpedia.org/property/birthPlace","http://dbpedia.org/resource/United_Provinces_of_Agra_and_Oudh"
"http://dbpedia.org/property/birthPlace","Vanthali, Kheda district , Gujarat, India"
"http://dbpedia.org/property/birthPlace","Habersham County, Georgia, U.S."
"http://dbpedia.org/property/birthPlace","http://dbpedia.org/resource/Rajasthan"
"http://dbpedia.org/property/birthPlace","http://dbpedia.org/resource/Bundi"
"http://dbpedia.org/property/birthPlace","http://dbpedia.org/resource/Cape_Province"
"http://dbpedia.org/property/birthPlace","http://dbpedia.org/resource/Union_of_South_Africa"
"http://dbpedia.org/property/birthPlace","http://dbpedia.org/resource/Athlone,_Cape_Town"
"http://dbpedia.org/property/birthPlace","http://dbpedia.org/resource/Botswana"
"http://dbpedia.org/property/birthPlace","Denpasar, Bali, Indonesia"
"http://dbpedia.org/property/birthPlace","Mbarara Hospital, Mbarara, Uganda"
"http://dbpedia.org/property/birthPlace","Claremore, Oklahoma, U.S."
"http://dbpedia.org/property/birthPlace","Colombia"
"http://dbpedia.org/ontology/birthDate",1932-09-03
"http://dbpedia.org/ontology/birthDate",1984-01-13
"http://dbpedia.org/ontology/birthDate",1958-06-19
"http://dbpedia.org/ontology/birthDate",1979-07-19
"http://dbpedia.org/ontology/birthDate",1983-01-05
"http://dbpedia.org/ontology/birthDate",1979-07-28
"http://dbpedia.org/ontology/birthDate",1939-05-19
"http://purl.org/dc/terms/subject","http://dbpedia.org/resource/Category:1917_births"
"http://purl.org/dc/terms/subject","http://dbpedia.org/resource/Category:Indian_Foreign_Service_officers"
"http://purl.org/dc/terms/subject","http://dbpedia.org/resource/Category:Indian_Muslims"
"http://purl.org/dc/terms/subject","http://dbpedia.org/resource/Category:Indian_government_officials"
"http://purl.org/dc/terms/subject","http://dbpedia.org/resource/Category:People_from_Uttar_Pradesh"
"http://purl.org/dc/terms/subject","http://dbpedia.org/resource/Category:People_from_Barabanki_district"
"http://purl.org/dc/terms/subject","http://dbpedia.org/resource/Category:Central_Secretariat_Service_officers"
"http://purl.org/dc/terms/subject","http://dbpedia.org/resource/Category:1976_births"
"http://purl.org/dc/terms/subject","http://dbpedia.org/resource/Category:Gujarat_MLAs_2017–2022"
"http://purl.org/dc/terms/subject","http://dbpedia.org/resource/Category:Gujarat_MLAs_2022–2027"
"http://purl.org/dc/terms/subject","http://dbpedia.org/resource/Category:1932_births"
"http://purl.org/dc/terms/subject","http://dbpedia.org/resource/Category:2024_deaths"
"http://purl.org/dc/terms/subject","http://dbpedia.org/resource/Category:People_from_Habersham_County,_Georgia"
"http://purl.org/dc/terms/subject","http://dbpedia.org/resource/Category:20th-century_members_of_the_Georgia_General_Assembly"
"http://purl.org/dc/terms/subject","http://dbpedia.org/resource/Category:Democratic_Party_members_of_the_Georgia_House_of_Representatives"
"http://purl.org/dc/terms/subject","http://dbpedia.org/resource/Category:Maine_city_council_members"
"http://purl.org/dc/terms/subject","http://dbpedia.org/resource/Category:Maine_politician_stubs"
"http://purl.org/dc/terms/subject","http://dbpedia.org/resource/Category:21st-century_mayors_of_places_in_Maine"
"http://purl.org/dc/terms/subject","http://dbpedia.org/resource/Category:Politicians_from_Calais,_Maine"
"http://purl.org/dc/terms/subject","http://dbpedia.org/resource/Category:Republican_Party_members_of_the_Maine_House_of_Representatives"
"http://purl.org/dc/terms/subject","http://dbpedia.org/resource/Category:Bharatiya_Janata_Party_politicians_from_Rajasthan"
"http://purl.org/dc/terms/subject","http://dbpedia.org/resource/Category:Indian_Hindus"
"http://purl.org/dc/terms/subject","http://dbpedia.org/resource/Category:People_from_Barmer_district"
"http://purl.org/dc/terms/subject","http://dbpedia.org/resource/Category:1984_births"
"http://purl.org/dc/terms/subject","http://dbpedia.org/resource/Category:Rajasthan_MLAs_2013–2018"
"http://purl.org/dc/terms/subject","http://dbpedia.org/resource/Category:People_from_Bundi_district"
"http://purl.org/dc/terms/subject","http://dbpedia.org/resource/Category:Harvard_Law_School_alumni"
"http://purl.org/dc/terms/subject","http://dbpedia.org/resource/Category:1958_births"
"http://purl.org/dc/terms/subject","http://dbpedia.org/resource/Category:Coloureds"
"http://purl.org/dc/terms/subject","http://dbpedia.org/resource/Category:University_of_Cape_Town_alumni"
"http://purl.org/dc/terms/subject","http://dbpedia.org/resource/Category:University_of_South_Africa_alumni"
"http://purl.org/dc/terms/subject","http://dbpedia.org/resource/Category:21st-century_South_African_judges"
"http://purl.org/dc/terms/subject","http://dbpedia.org/resource/Category:People_from_Cape_Town"
"http://purl.org/dc/terms/subject","http://dbpedia.org/resource/Category:20th-century_South_African_lawyers"
"http://purl.org/dc/terms/subject","http://dbpedia.org/resource/Category:21st-century_South_African_lawyers"
"http://purl.org/dc/terms/subject","http://dbpedia.org/resource/Category:South_African_Senior_Counsel"
"http://purl.org/dc/terms/subject","http://dbpedia.org/resource/Category:Judges_of_the_Supreme_Court_of_Appeal_(South_Africa)"
"http://purl.org/dc/terms/subject","http://dbpedia.org/resource/Category:Judges_of_the_Western_Cape_High_Court"
"http://purl.org/dc/terms/subject","http://dbpedia.org/resource/Category:Government_ministers_of_Botswana"
"http://purl.org/dc/terms/subject","http://dbpedia.org/resource/Category:Bruneian_people_of_Chinese_descent"
"http://purl.org/dc/terms/subject","http://dbpedia.org/resource/Category:High_commissioners_of_Brunei_to_the_United_Kingdom"
"http://purl.org/dc/terms/subject","http://dbpedia.org/resource/Category:Ambassadors_of_Brunei_to_Greece"
"http://purl.org/dc/terms/subject","http://dbpedia.org/resource/Category:Alumni_of_Cardiff_University"
"http://purl.org/dc/terms/subject","http://dbpedia.org/resource/Category:Alumni_of_the_University_of_Portsmouth"
"http://purl.org/dc/terms/subject","http://dbpedia.org/resource/Category:Alumni_of_the_University_of_Exeter"
"http://purl.org/dc/terms/subject","http://dbpedia.org/resource/Category:1979_births"
"http://purl.org/dc/terms/subject","http://dbpedia.org/resource/Category:Qazis_of_the_Maldives"
"http://purl.org/dc/terms/subject","http://dbpedia.org/resource/Category:Maldivian_judges"
"http://purl.org/dc/terms/subject","http://dbpedia.org/resource/Category:Women_chief_justices"
"http://purl.org/dc/terms/subject","http://dbpedia.org/resource/Category:Constitutional_court_women_judges"
"http://purl.org/dc/terms/subject","http://dbpedia.org/resource/Category:Constitutional_court_judges"
"http://purl.org/dc/terms/subject","http://dbpedia.org/resource/Category:Academic_staff_of_Maldives_National_University"
"http://purl.org/dc/terms/subject","http://dbpedia.org/resource/Category:Politicians_from_Bali"
"http://purl.org/dc/terms/subject","http://dbpedia.org/resource/Category:Indonesian_Democratic_Party_of_Struggle_politicians"
"http://purl.org/dc/terms/subject","http://dbpedia.org/resource/Category:Government_ministers_of_Uganda"
"http://purl.org/dc/terms/subject","http://dbpedia.org/resource/Category:21st-century_Ugandan_politicians"
"http://purl.org/dc/terms/subject","http://dbpedia.org/resource/Category:South_Carolina_State_University_faculty"
"http://purl.org/dc/terms/subject","http://dbpedia.org/resource/Category:Stanford_University_faculty"
"http://purl.org/dc/terms/subject","http://dbpedia.org/resource/Category:African-American_schoolteachers"
"http://purl.org/dc/terms/subject","http://dbpedia.org/resource/Category:Howard_University_alumni"
"http://purl.org/dc/terms/subject","http://dbpedia.org/resource/Category:Tuskegee_University_faculty"
"http://purl.org/dc/terms/subject","http://dbpedia.org/resource/Category:University_of_the_District_of_Columbia_faculty"
"http://purl.org/dc/terms/subject","http://dbpedia.org/resource/Category:20th-century_African-American_academics"
"http://purl.org/dc/terms/subject","http://dbpedia.org/resource/Category:Stanford_Graduate_School_of_Education_alumni"
"http://purl.org/dc/terms/subject","http://dbpedia.org/resource/Category:20th-century_American_academics"
"http://purl.org/dc/terms/subject","http://dbpedia.org/resource/Category:21st-century_African-American_academics"
"http://purl.org/dc/terms/subject","http://dbpedia.org/resource/Category:Educators_from_Atlanta"
"http://purl.org/dc/terms/subject","http://dbpedia.org/resource/Category:Knoxville_College_faculty"
"http://purl.org/dc/terms/subject","http://dbpedia.org/resource/Category:20th-century_African-American_women"
"http://purl.org/dc/terms/subject","http://dbpedia.org/resource/Category:21st-century_American_academics"
"http://purl.org/dc/terms/subject","http://dbpedia.org/resource/Category:African-American_academic_administrators"
"http://purl.org/dc/terms/subject","http://dbpedia.org/resource/Category:Women_deans_(academic)"
"http://purl.org/dc/terms/subject","http://dbpedia.org/resource/Category:20th-century_American_women_academics"
"http://purl.org/dc/terms/subject","http://dbpedia.org/resource/Category:21st-century_American_women_academics"
"http://purl.org/dc/terms/subject","http://dbpedia.org/resource/Category:African-American_women_academic_administrators"
"http://purl.org/dc/terms/subject","http://dbpedia.org/resource/Category:American_women_academic_administrators"
"http://purl.org/dc/terms/subject","http://dbpedia.org/resource/Category:2020_deaths"
"http://purl.org/dc/terms/subject","http://dbpedia.org/resource/Category:Women_in_Oklahoma_politics"
"http://purl.org/dc/terms/subject","http://dbpedia.org/resource/Category:20th-century_Native_American_women"
"http://purl.org/dc/terms/subject","http://dbpedia.org/resource/Category:Native_American_women_in_politics"
"http://purl.org/dc/terms/subject","http://dbpedia.org/resource/Category:People_from_Bixby,_Oklahoma"
"http://purl.org/dc/terms/subject","http://dbpedia.org/resource/Category:People_from_Claremore,_Oklahoma"
"http://purl.org/dc/terms/subject","http://dbpedia.org/resource/Category:People_from_Delaware_County,_Oklahoma"
"http://purl.org/dc/terms/subject","http://dbpedia.org/resource/Category:Tulsa_Community_College_alumni"
"http://purl.org/dc/terms/subject","http://dbpedia.org/resource/Category:Cherokee_Nation_women"
"http://purl.org/dc/terms/subject","http://dbpedia.org/resource/Category:Haskell_Indian_Junior_College_alumni"
"http://purl.org/dc/terms/subject","http://dbpedia.org/resource/Category:20th-century_Native_American_politicians"
"http://purl.org/dc/terms/subject","http://dbpedia.org/resource/Category:Members_of_the_Council_of_the_Cherokee_Nation"
"http://purl.org/dc/terms/subject","http://dbpedia.org/resource/Category:Democratic_Party_members_of_the_New_Hampshire_House_of_Representatives"
"http://purl.org/dc/terms/subject","http://dbpedia.org/resource/Category:21st-century_members_of_the_Virginia_General_Assembly"
"http://purl.org/dc/terms/subject","http://dbpedia.org/resource/Category:Republican_Party_members_of_the_Virginia_House_of_Delegates"
"http://purl.org/dc/terms/subject","http://dbpedia.org/resource/Category:United_States_Army_personnel_of_the_Gulf_War"
"http://purl.org/dc/terms/subject","http://dbpedia.org/resource/Category:Governors_of_Meta_Department"
"http://purl.org/dc/terms/subject","http://dbpedia.org/resource/Category:Colombian_Liberal_Party_politicians"
"http://purl.org/dc/terms/subject","http://dbpedia.org/resource/Category:20th-century_Colombian_politicians"
"http://purl.org/dc/terms/subject","http://dbpedia.org/resource/Category:Colombian_women_lawyers"
"http://purl.org/dc/terms/subject","http://dbpedia.org/resource/Category:20th-century_Colombian_women_politicians"
"http://purl.org/dc/terms/subject","http://dbpedia.org/resource/Category:21st-century_Colombian_politicians"
"http://purl.org/dc/terms/subject","http://dbpedia.org/resource/Category:21st-century_Colombian_women_politicians"
"http://dbpedia.org/ontology/wikiPageWikiLink","http://dbpedia.org/resource/Category:1984_births"
"http://dbpedia.org/ontology/wikiPageWikiLink","http://dbpedia.org/resource/Minister_of_State"
"http://dbpedia.org/ontology/wikiPageWikiLink","http://dbpedia.org/resource/Bundi"
"http://dbpedia.org/ontology/wikiPageWikiLink","http://dbpedia.org/resource/Third_Gehlot_ministry"
"http://dbpedia.org/ontology/wikiPageWikiLink","http://dbpedia.org/resource/Rajasthan_Youth_Congress"
"http://dbpedia.org/ontology/wikiPageWikiLink","http://dbpedia.org/resource/Rajasthan_Legislative_Assembly"
"http://dbpedia.org/ontology/wikiPageWikiLink","http://dbpedia.org/resource/Category:Rajasthan_MLAs_2013–2018"
"http://dbpedia.org/ontology/wikiPageWikiLink","http://dbpedia.org/resource/Category:People_from_Bundi_district"
"http://dbpedia.org/ontology/wikiPageWikiLink","http://dbpedia.org/resource/Category:Rajasthan_MLAs_2008–2013"
"http://dbpedia.org/ontology/wikiPageWikiLink","http://dbpedia.org/resource/Hindoli_(Rajasthan_Assembly_constituency)"
"http://dbpedia.org/ontology/wikiPageWikiLink","http://dbpedia.org/resource/University_of_Pune"
"http://dbpedia.org/ontology/wikiPageWikiLink","http://dbpedia.org/resource/Third_Ashok_Gehlot_ministry"
"http://dbpedia.org/ontology/description","India siyaasa nira ŋun nyɛ doo"
"http://dbpedia.org/ontology/description","Indian politician (born 1984)"
"http://dbpedia.org/ontology/description","இந்திய அரசியல்வாதி (பிறப்பு 1984)"
"http://dbpedia.org/ontology/description","South African judge"
"http://dbpedia.org/ontology/description","Botswana poliitik"
"http://dbpedia.org/ontology/description","homme politique botswanais"
"http://dbpedia.org/ontology/description","politician botswanez"
"http://dbpedia.org/ontology/description","polític botswanès"
"http://dbpedia.org/ontology/description","político botswaniano"
"http://dbpedia.org/ontology/description","বোতসোয়ানীয় রাজনীতিবিদ"
"http://dbpedia.org/ontology/description","פוליטיקאי בוטסואני"
"http://dbpedia.org/ontology/description","سياسي بوتسواني"
"http://dbpedia.org/ontology/description","político botsuano"
"http://dbpedia.org/ontology/description","botswanan politician"
"http://dbpedia.org/ontology/description","homme politique malawite"
"http://dbpedia.org/ontology/description","político malauí"
"http://dbpedia.org/ontology/description","politician malawian"
"http://dbpedia.org/ontology/description","polític malawià"
"http://dbpedia.org/ontology/description","político de Malawi"
"http://dbpedia.org/ontology/description","פוליטיקאי מלאווי"
"http://dbpedia.org/ontology/description","سياسي ملاوي"
"http://dbpedia.org/ontology/description","Maldivian judge (1979–)"
"http://dbpedia.org/ontology/description","Indonesian politician (born 1983 in Kota Denpasar)"
"http://dbpedia.org/ontology/description","Wakil Bupati Badung ke-5 (sejak 2025)"
"http://dbpedia.org/ontology/description","Ugandan business man, music and events promoter and politician"
"http://dbpedia.org/ontology/description","Cherokee politician"
"http://dbpedia.org/ontology/description","politician burundez"
"http://dbpedia.org/ontology/description","polític burundès"
"http://dbpedia.org/ontology/description","político burundiano"
"http://dbpedia.org/ontology/description","homme politique burundais"
"http://dbpedia.org/ontology/description","פוליטיקאי בורונדי"
"http://dbpedia.org/ontology/description","سياسي بوروندي"
"http://dbpedia.org/ontology/description","político burundés"
"http://dbpedia.org/ontology/description","American politician from Virginia"
"http://dbpedia.org/ontology/description","abogada y política colombiana"
"http://dbpedia.org/ontology/description","Colombian lawyer and politician (1939–2023)"
"http://dbpedia.org/ontology/description","dlíodóir agus polaiteoir Colómach (1939–2023)"
"http://dbpedia.org/property/name","Anwar Jamal Kidwai"
"http://dbpedia.org/property/name","Arjunsinh Udesinh Chauhan"
"http://dbpedia.org/property/name","Arthur M. Gignilliat Jr."
"http://dbpedia.org/property/name","Arthur Mingo"
"http://dbpedia.org/property/name","Arun Choudhary"
"http://dbpedia.org/property/name","Ashok Chandna"
"http://dbpedia.org/property/name","Aubrey Lesaso"
"http://dbpedia.org/property/name","Augustine Mtendere"
"http://dbpedia.org/property/name","Aziyan Abdullah"
"http://dbpedia.org/property/name","Azmiralda Zahir"
"http://dbpedia.org/property/name","Badi Twalib"
"http://dbpedia.org/property/name","Bagus Alit Sucipta"
"http://dbpedia.org/property/name","Bahaa el-Din bin Hanna"
"http://dbpedia.org/property/name","Balaam Barugahara Ateenyi"
"http://dbpedia.org/property/name","Barbara R. Hatton"
"http://dbpedia.org/property/name","Barbara Starr Scott"
"http://dbpedia.org/property/name","Barnabe Mbonimpa"
"http://dbpedia.org/property/name","Barry C. Morgrage"
"http://dbpedia.org/property/name","Baxter Ennis"
"http://dbpedia.org/property/name","Beatriz Abril de Leal"
"http://xmlns.com/foaf/0.1/depiction","http://commons.wikimedia.org/wiki/Special:FilePath/Mohammad_Aziyan_bin_Abdullah_(cropped).jpg"
"http://xmlns.com/foaf/0.1/depiction","http://commons.wikimedia.org/wiki/Special:FilePath/Azmiralda_Zahir_in_November_2023.jpg"
"http://xmlns.com/foaf/0.1/depiction","http://commons.wikimedia.org/wiki/Special:FilePath/Wakil_Bupati_Badung_I_Bagus_Alit_Sucipta.jpg"
"http://xmlns.com/foaf/0.1/depiction","http://commons.wikimedia.org/wiki/Special:FilePath/Balaam_Barugahara_Ateenyi.jpg"
"http://xmlns.com/foaf/0.1/depiction","http://commons.wikimedia.org/wiki/Special:FilePath/Balaam_with_CDF_Gen_Muhoozi.jpg"
"http://xmlns.com/foaf/0.1/depiction","http://commons.wikimedia.org/wiki/Special:FilePath/Balaam_with_President_Museveni_in_Masindi.jpg"
"http://xmlns.com/foaf/0.1/depiction","http://commons.wikimedia.org/wiki/Special:FilePath/Barbara_Starr_Scott.png"
"http://dbpedia.org/property/almaMater","http://dbpedia.org/resource/University_of_Georgia"
"http://dbpedia.org/property/almaMater","University of Cape Town"
"http://dbpedia.org/property/almaMater","University of South Africa"
"http://dbpedia.org/property/almaMater","Harvard Law School"
"http://dbpedia.org/property/almaMater","Cardiff University"
"http://dbpedia.org/property/almaMater","University of Exeter"
"http://dbpedia.org/property/almaMater","University of Portsmouth"
"http://dbpedia.org/property/almaMater","Udayana University"
"http://dbpedia.org/property/almaMater","A-Level Original Progressive SS Bweyogerere"
"http://dbpedia.org/property/almaMater","Cavendish University Uganda,"
"http://dbpedia.org/property/almaMater","Makerere University,"
"http://dbpedia.org/property/father","http://dbpedia.org/resource/Wilayat_Ali"
"http://dbpedia.org/property/father","Udesinh Chauhan"
"http://dbpedia.org/property/knownFor","Politics"
"http://dbpedia.org/property/knownFor","Minister of State for Youths and Children Affairs"
"http://dbpedia.org/property/nominator","http://dbpedia.org/resource/Ibrahim_Mohamed_Solih"
"http://dbpedia.org/property/chancellor","http://dbpedia.org/resource/Mohammad_Hidayatullah"
"http://dbpedia.org/ontology/almaMater","http://dbpedia.org/resource/University_of_Georgia"
"http://dbpedia.org/ontology/almaMater","http://dbpedia.org/resource/Harvard_Law_School"
"http://dbpedia.org/ontology/almaMater","http://dbpedia.org/resource/University_of_Cape_Town"
"http://dbpedia.org/ontology/almaMater","http://dbpedia.org/resource/University_of_South_Africa"
"http://dbpedia.org/ontology/almaMater","http://dbpedia.org/resource/Cardiff_University"
"http://dbpedia.org/ontology/almaMater","http://dbpedia.org/resource/University_of_Exeter"
"http://dbpedia.org/ontology/almaMater","http://dbpedia.org/resource/University_of_Portsmouth"
"http://dbpedia.org/ontology/almaMater","http://dbpedia.org/resource/Udayana_University"
"http://dbpedia.org/ontology/almaMater","http://dbpedia.org/resource/Makerere_University"
"http://dbpedia.org/ontology/almaMater","http://dbpedia.org/resource/Cavendish_University_Uganda"
"http://dbpedia.org/ontology/birthName","Yong Foo"
"http://dbpedia.org/ontology/birthName","Barbara Ann Starr"
"http://dbpedia.org/ontology/education","http://dbpedia.org/resource/Savitribai_Phule_Pune_University"
"http://dbpedia.org/ontology/education","http://dbpedia.org/resource/Stanford_University"
"http://dbpedia.org/ontology/education","http://dbpedia.org/resource/Howard_University"
"http://dbpedia.org/ontology/education","http://dbpedia.org/resource/Tulsa_Community_College"
"http://dbpedia.org/ontology/education","http://dbpedia.org/resource/Haskell_Indian_Nations_University"
"http://dbpedia.org/ontology/father","http://dbpedia.org/resource/Wilayat_Ali"
"http://dbpedia.org/ontology/nationality","http://dbpedia.org/resource/Demographics_of_Kenya"
"http://dbpedia.org/ontology/occupation","http://dbpedia.org/resource/Farmer"
"http://dbpedia.org/ontology/occupation","http://dbpedia.org/resource/Investor"
"http://dbpedia.org/ontology/orderInOffice","Member of Parliament"
"http://dbpedia.org/ontology/originalName","અર્જુનસિંહ ઉદેસિંહ ચૌહાણ"
"http://dbpedia.org/ontology/originalName","އަޒްމިރާލްދާ ޒާހިރު"
"http://dbpedia.org/ontology/originalName","بهاء الدين بن حنا"
"http://dbpedia.org/ontology/party","http://dbpedia.org/resource/Bharatiya_Janata_Party"
"http://dbpedia.org/ontology/party","http://dbpedia.org/resource/Botswana_Democratic_Party"
"http://dbpedia.org/ontology/party","http://dbpedia.org/resource/Indonesian_Democratic_Party_of_Struggle"
"http://dbpedia.org/ontology/party","http://dbpedia.org/resource/National_Resistance_Movement"
"http://dbpedia.org/ontology/party","http://dbpedia.org/resource/Colombian_Liberal_Party"
"http://dbpedia.org/ontology/region","http://dbpedia.org/resource/Jomvu_Constituency"
"http://dbpedia.org/ontology/relation","http://dbpedia.org/resource/Anis_Kidwai"
"http://dbpedia.org/ontology/relation","http://dbpedia.org/resource/Rafi_Ahmed_Kidwai"
"http://dbpedia.org/ontology/residence","http://dbpedia.org/resource/Mangupura"
"http://dbpedia.org/ontology/termPeriod","http://dbpedia.org/resource/Anwar_Jamal_Kidwai__Tenure__1"
"http://dbpedia.org/ontology/termPeriod","http://dbpedia.org/resource/Anwar_Jamal_Kidwai__Tenure__2"
"http://dbpedia.org/ontology/termPeriod","http://dbpedia.org/resource/Anwar_Jamal_Kidwai__Tenure__3"
"http://dbpedia.org/ontology/termPeriod","http://dbpedia.org/resource/Arjunsinh_Udesinh_Chauhan__Tenure__1"
"http://dbpedia.org/ontology/termPeriod","http://dbpedia.org/resource/Arjunsinh_Udesinh_Chauhan__Tenure__2"
"http://dbpedia.org/ontology/termPeriod","http://dbpedia.org/resource/Arthur_M._Gignilliat_Jr.__Tenure__1"
"http://dbpedia.org/ontology/termPeriod","http://dbpedia.org/resource/Arthur_Mingo__Tenure__1"
"http://dbpedia.org/ontology/termPeriod","http://dbpedia.org/resource/Arun_Choudhary__Tenure__1"
"http://dbpedia.org/ontology/termPeriod","http://dbpedia.org/resource/Ashok_Chandna__Tenure__1"
"http://dbpedia.org/ontology/termPeriod","http://dbpedia.org/resource/Ashok_Chandna__Tenure__2"
"http://dbpedia.org/ontology/termPeriod","http://dbpedia.org/resource/Ashok_Chandna__Tenure__3"
"http://dbpedia.org/ontology/termPeriod","http://dbpedia.org/resource/Ashok_Chandna__Tenure__4"
"http://dbpedia.org/ontology/termPeriod","http://dbpedia.org/resource/Ashton_Schippers__Tenure__1"
"http://dbpedia.org/ontology/termPeriod","http://dbpedia.org/resource/Ashton_Schippers__Tenure__2"
"http://dbpedia.org/ontology/termPeriod","http://dbpedia.org/resource/Aubrey_Lesaso__Tenure__1"
"http://dbpedia.org/ontology/termPeriod","http://dbpedia.org/resource/Aubrey_Lesaso__Tenure__2"
"http://dbpedia.org/ontology/termPeriod","http://dbpedia.org/resource/Augustine_Mtendere__Tenure__1"
"http://dbpedia.org/ontology/termPeriod","http://dbpedia.org/resource/Aziyan_Abdullah__Tenure__1"
"http://dbpedia.org/ontology/termPeriod","http://dbpedia.org/resource/Azmiralda_Zahir__Tenure__1"
"http://dbpedia.org/ontology/termPeriod","http://dbpedia.org/resource/Azmiralda_Zahir__Tenure__2"
"http://dbpedia.org/ontology/termPeriod","http://dbpedia.org/resource/Bagus_Alit_Sucipta__Tenure__1"
"http://dbpedia.org/ontology/termPeriod","http://dbpedia.org/resource/Bagus_Alit_Sucipta__Tenure__2"
"http://dbpedia.org/ontology/termPeriod","http://dbpedia.org/resource/Bahaa_el-Din_bin_Hanna__Tenure__1"
"http://dbpedia.org/ontology/termPeriod","http://dbpedia.org/resource/Bahaa_el-Din_bin_Hanna__Tenure__2"
"http://dbpedia.org/ontology/termPeriod","http://dbpedia.org/resource/Balaam_Barugahara__Tenure__1"
"http://dbpedia.org/ontology/termPeriod","http://dbpedia.org/resource/Barbara_R._Hatton__Tenure__1"
"http://dbpedia.org/ontology/termPeriod","http://dbpedia.org/resource/Barbara_R._Hatton__Tenure__2"
"http://dbpedia.org/ontology/termPeriod","http://dbpedia.org/resource/Barbara_Starr_Scott__Tenure__1"
"http://dbpedia.org/ontology/termPeriod","http://dbpedia.org/resource/Barnabe_Mbonimpa__Tenure__1"
"http://dbpedia.org/ontology/termPeriod","http://dbpedia.org/resource/Barry_C._Morgrage__Tenure__1"
"http://dbpedia.org/ontology/termPeriod","http://dbpedia.org/resource/Baxter_Ennis__Tenure__1"
"http://dbpedia.org/ontology/termPeriod","http://dbpedia.org/resource/Beatriz_Abril_de_Leal__Tenure__1"
"http://dbpedia.org/ontology/thumbnail","http://commons.wikimedia.org/wiki/Special:FilePath/Mohammad_Aziyan_bin_Abdullah_(cropped).jpg?width=300"
"http://dbpedia.org/ontology/thumbnail","http://commons.wikimedia.org/wiki/Special:FilePath/Azmiralda_Zahir_in_November_2023.jpg?width=300"
"http://dbpedia.org/ontology/thumbnail","http://commons.wikimedia.org/wiki/Special:FilePath/Wakil_Bupati_Badung_I_Bagus_Alit_Sucipta.jpg?width=300"
"http://dbpedia.org/ontology/thumbnail","http://commons.wikimedia.org/wiki/Special:FilePath/Balaam_Barugahara_Ateenyi.jpg?width=300"
"http://dbpedia.org/ontology/thumbnail","http://commons.wikimedia.org/wiki/Special:FilePath/Barbara_Starr_Scott.png?width=300"
"http://dbpedia.org/ontology/committee","Regional Integration, Joint Parliamentary Broadcasting and Library"
"http://dbpedia.org/property/wikiPageUsesTemplate","http://dbpedia.org/resource/Template:Gujarat-BJP-politician-stub"
"http://dbpedia.org/property/wikiPageUsesTemplate","http://dbpedia.org/resource/Template:GeorgiaUS-GARepresentative-stub"
"http://dbpedia.org/property/wikiPageUsesTemplate","http://dbpedia.org/resource/Template:Rajasthan-BJP-politician-stub"
"http://dbpedia.org/property/wikiPageUsesTemplate","http://dbpedia.org/resource/Template:Botswana-politician-stub"
"http://dbpedia.org/property/wikiPageUsesTemplate","http://dbpedia.org/resource/Template:More_citations_needed"
"http://dbpedia.org/property/wikiPageUsesTemplate","http://dbpedia.org/resource/Template:Commons_category-inline"
"http://dbpedia.org/property/wikiPageUsesTemplate","http://dbpedia.org/resource/Template:Infobox_politician"
"http://dbpedia.org/property/wikiPageUsesTemplate","http://dbpedia.org/resource/Template:Badung_Regency"
"http://dbpedia.org/property/wikiPageUsesTemplate","http://dbpedia.org/resource/Template:Infobox_Officeholder"
"http://dbpedia.org/property/wikiPageUsesTemplate","http://dbpedia.org/resource/Template:!"
"http://dbpedia.org/property/wikiPageUsesTemplate","http://dbpedia.org/resource/Template:Efn"
"http://dbpedia.org/property/wikiPageUsesTemplate","http://dbpedia.org/resource/Template:Notelist"
"http://dbpedia.org/property/wikiPageUsesTemplate","http://dbpedia.org/resource/Template:Infobox_office_holder"
"http://dbpedia.org/property/wikiPageUsesTemplate","http://dbpedia.org/resource/Template:Official_website"
"http://dbpedia.org/property/wikiPageUsesTemplate","http://dbpedia.org/resource/Template:NewHampshire-NHRepresentative-Democratic-stub"
"http://dbpedia.org/property/wikiPageUsesTemplate","http://dbpedia.org/resource/Template:Virginia-politician-stub"
"http://dbpedia.org/property/wikiPageUsesTemplate","http://dbpedia.org/resource/Template:Virginia_House_of_Delegates"
"http://dbpedia.org/property/wikiPageUsesTemplate","http://dbpedia.org/resource/Template:Colombia-politician-stub"
"http://dbpedia.org/property/wikiPageUsesTemplate","http://dbpedia.org/resource/Template:Death_date_and_given_age"
"http://dbpedia.org/property/wikiPageUsesTemplate","http://dbpedia.org/resource/Template:Colombia-law-bio-stub"
"http://dbpedia.org/property/assembly","http://dbpedia.org/resource/Gujarat_Legislative_Assembly"
"http://dbpedia.org/property/birthDate",1932-09-03
"http://dbpedia.org/property/birthDate",1984-01-13
"http://dbpedia.org/property/birthDate",1958-06-19
"http://dbpedia.org/property/birthDate",1979-07-19
"http://dbpedia.org/property/birthDate",1983-01-05
"http://dbpedia.org/property/birthDate",1979-07-28
"http://dbpedia.org/property/birthDate",1939-05-19
"http://dbpedia.org/property/citizenship","http://dbpedia.org/resource/Uganda"
"http://dbpedia.org/property/citizenship","http://dbpedia.org/resource/Cherokee_Nation"
"http://dbpedia.org/property/citizenship","United States"
"http://dbpedia.org/property/constituency","http://dbpedia.org/resource/Mehmedabad_Assembly_constituency"
"http://dbpedia.org/property/constituency","http://dbpedia.org/resource/Pachpadra_Assembly_constituency"
"http://dbpedia.org/property/constituency","http://dbpedia.org/resource/Hindoli_Assembly_constituency"
"http://dbpedia.org/property/constituency","Jomvu Constituency"
"http://dbpedia.org/property/constituency","Bali 2"
"http://dbpedia.org/property/data","http://dbpedia.org/resource/Islam"
"http://dbpedia.org/property/data","http://dbpedia.org/resource/Sunni_Islam"
"http://dbpedia.org/property/deathDate",1996-01-03
"http://dbpedia.org/property/deathDate",2024-02-03
"http://dbpedia.org/property/deathDate","April 1278"
"http://dbpedia.org/property/deathDate",2020-12-06
"http://dbpedia.org/property/education",", University of Pune"
"http://dbpedia.org/property/education","http://dbpedia.org/resource/Stanford_University"
"http://dbpedia.org/property/education","http://dbpedia.org/resource/Howard_University"
"http://dbpedia.org/property/education","http://dbpedia.org/resource/Tulsa_Community_College"
"http://dbpedia.org/property/education","http://dbpedia.org/resource/Haskell_Indian_Nations_University"
"http://dbpedia.org/property/governor","http://dbpedia.org/resource/I_Wayan_Koster"
"http://dbpedia.org/property/nativeNameLang","Gj"
"http://dbpedia.org/property/nativeNameLang","Hi"
"http://dbpedia.org/property/nativeNameLang","arz"
"http://dbpedia.org/property/occupation","Politician, Investor, Events Organiser Farmer & Rancher"
"http://dbpedia.org/property/occupation","Lawyer, politician"
"http://dbpedia.org/property/office","Secretary to the Government of India of Ministry of Information and Broadcasting"
"http://dbpedia.org/property/office","Secretary to the Government of India of Ministry of Science and Technology"
"http://dbpedia.org/property/office","http://dbpedia.org/resource/Government_of_Gujarat"
"http://dbpedia.org/property/office","Member of Mehmedabad Assembly constituency for Gujarat Legislative Assembly"
"http://dbpedia.org/property/office","Member of the Georgia House of Representatives"
"http://dbpedia.org/property/office","http://dbpedia.org/resource/Government_of_Rajasthan"
"http://dbpedia.org/property/office","http://dbpedia.org/resource/Third_Gehlot_ministry"
"http://dbpedia.org/property/office","http://dbpedia.org/resource/Rajasthan_Legislative_Assembly"
"http://dbpedia.org/property/office","http://dbpedia.org/resource/High_Court_of_South_Africa"
"http://dbpedia.org/property/office","http://dbpedia.org/resource/Supreme_Court_of_Appeal_(South_Africa)"
"http://dbpedia.org/property/office","Member of Parliament for Shoshong"
"http://dbpedia.org/property/office","Deputy Minister of Education and Skills Development of Botswana"
"http://dbpedia.org/property/office","Deputy Minister of Tourism, Wildlife and Culture of Malawi"
"http://dbpedia.org/property/office","http://dbpedia.org/resource/List_of_high_commissioners_of_Brunei_to_the_United_Kingdom"
"http://dbpedia.org/property/office","Judge of the High Court of the Maldives"
"http://dbpedia.org/property/office","Justice of the Supreme Court of the Maldives"
"http://dbpedia.org/property/office","Member of Parliament"
"http://dbpedia.org/property/office","Member of the Bali Regional House of Representatives"
"http://dbpedia.org/property/office","Vice Regent of Badung  Vice Regent of Badung"
"http://dbpedia.org/property/office","Vizier of Egyptian Mamluk Sultanate"
"http://dbpedia.org/property/office","Vizier of the Egyptian Ayyubid Sultanate"
"http://dbpedia.org/property/office","State minister for gender, labour and social development"
"http://dbpedia.org/property/office",7
"http://dbpedia.org/property/office","President of Knoxville College"
"http://dbpedia.org/property/office","Cherokee Nation Tribal Councilor for the 5th district"
"http://dbpedia.org/property/office","Minister at the Presidency in charge of AIDS of Burundi"
"http://dbpedia.org/property/office","Member of the New Hampshire House of Representatives from the Hillsborough 8th district"
"http://dbpedia.org/property/office","http://dbpedia.org/resource/Meta_Department__Governor_of_Meta_Department"
"http://dbpedia.org/property/order",5
"http://dbpedia.org/property/party","http://dbpedia.org/resource/Bharatiya_Janata_Party"
"http://dbpedia.org/property/party","http://dbpedia.org/resource/Botswana_Democratic_Party"
"http://dbpedia.org/property/party","http://dbpedia.org/resource/Indonesian_Democratic_Party_of_Struggle"
"http://dbpedia.org/property/party","National Resistance Movement"
"http://dbpedia.org/property/party","http://dbpedia.org/resource/Colombian_Liberal_Party"
"http://dbpedia.org/property/predecessor","http://dbpedia.org/resource/Masud_Husain_Khan"
"http://dbpedia.org/property/predecessor","unknown"
"http://dbpedia.org/property/predecessor","Gautambhai Chauhan"
"http://dbpedia.org/property/predecessor","http://dbpedia.org/resource/Anne_C._Perry"
"http://dbpedia.org/property/predecessor","http://dbpedia.org/resource/Madan_Prajapat"
"http://dbpedia.org/property/predecessor","http://dbpedia.org/resource/Prabhu_Lal_Saini"
"http://dbpedia.org/property/predecessor","Position Established"
"http://dbpedia.org/property/predecessor","http://dbpedia.org/resource/Dikgang_Makgalemele"
"http://dbpedia.org/property/predecessor","http://dbpedia.org/resource/Pengiran_Maidin"
"http://dbpedia.org/property/predecessor","I Ketut Suiasa"
"http://dbpedia.org/property/predecessor","Unknown"
"http://dbpedia.org/property/predecessor","position established"
"http://dbpedia.org/property/predecessor","Zein el-Din Yacoub"
"http://dbpedia.org/property/predecessor","http://dbpedia.org/resource/Sarah_Mateke_Nyirabashitsi"
"http://dbpedia.org/property/predecessor","http://dbpedia.org/resource/Carl_Carpenter"
"http://dbpedia.org/property/predecessor","http://dbpedia.org/resource/Melvina_Shotpouch"
"http://dbpedia.org/property/president","http://dbpedia.org/resource/Mokgweetsi_Masisi"
"http://dbpedia.org/property/president","Ibrahim Mohamed Solih"
"http://dbpedia.org/property/president","http://dbpedia.org/resource/Yoweri_Museveni"
"http://dbpedia.org/property/relatives","http://dbpedia.org/resource/Anis_Kidwai"
"http://dbpedia.org/property/relatives","http://dbpedia.org/resource/Rafi_Ahmed_Kidwai"
"http://dbpedia.org/property/relatives","Shafi Ahmed Kidwai"
"http://dbpedia.org/property/spouse","Angela"
"http://dbpedia.org/property/spouse","Nur Fadhlina Abdullah"
"http://dbpedia.org/property/spouse","Ismail Latheef"
"http://dbpedia.org/property/spouse","Putu Yunita Oktarini"
"http://dbpedia.org/property/successor","http://dbpedia.org/resource/Ali_Ashraf_(academic)"
"http://dbpedia.org/property/successor","unknown"
"http://dbpedia.org/property/successor","Dr. A Ramachandran"
"http://dbpedia.org/property/successor","http://dbpedia.org/resource/KK_Vishnoi"
"http://dbpedia.org/property/successor","http://dbpedia.org/resource/Mukesh_Bhakar"
"http://dbpedia.org/property/successor","http://dbpedia.org/resource/Justin_Hunyepa"
"http://dbpedia.org/property/successor","http://dbpedia.org/resource/Moneedi_Bagaisamang"
"http://dbpedia.org/property/successor","http://dbpedia.org/resource/Aminuddin_Ihsan"
"http://dbpedia.org/property/successor","http://dbpedia.org/resource/Ibn_bint_al-A'azz"
"http://dbpedia.org/property/successor","position abolished"
"http://dbpedia.org/property/successor","Borhan el-Din bin Hasan"
"http://dbpedia.org/property/successor","http://dbpedia.org/resource/Robert_H._Harvey"
"http://dbpedia.org/property/successor","Melvina Shotpouch"
"http://dbpedia.org/property/termEnd",1973
"http://dbpedia.org/property/termEnd",1983
"http://dbpedia.org/property/termEnd","--"
"http://dbpedia.org/property/termEnd",2022
"http://dbpedia.org/property/termEnd",1980
"http://dbpedia.org/property/termEnd",2020-04-07
"http://dbpedia.org/property/termEnd",2023-12-03
"http://dbpedia.org/property/termEnd",2024-09-05
"http://dbpedia.org/property/termEnd",2024-11-01
"http://dbpedia.org/property/termEnd",2015-03-08
"http://dbpedia.org/property/termEnd",2014
"http://dbpedia.org/property/termEnd",2025-05-14
"http://dbpedia.org/property/termEnd",0001-09-02
"http://dbpedia.org/property/termEnd","July 1250"
"http://dbpedia.org/property/termEnd",2005
"http://dbpedia.org/property/termEnd",1987
"http://dbpedia.org/property/termEnd",1999
"http://dbpedia.org/property/termEnd",2013-08-11
"http://dbpedia.org/property/termEnd",1976
"http://dbpedia.org/property/termEnd",1984-08-16
"http://dbpedia.org/property/termStart",1980
"http://dbpedia.org/property/termStart",2021
"http://dbpedia.org/property/termStart",2024-12-03
"http://dbpedia.org/property/termStart",2013-12-08
"http://dbpedia.org/property/termStart",2018-12-28
"http://dbpedia.org/property/termStart",2019-11-05
"http://dbpedia.org/property/termStart",2022-02-13
"http://dbpedia.org/property/termStart",2010-12-10
"http://dbpedia.org/property/termStart",2019-09-04
"http://dbpedia.org/property/termStart",2019-09-02
"http://dbpedia.org/property/termStart",2025-02-20
"http://dbpedia.org/property/termStart","March 1250"
"http://dbpedia.org/property/termStart",2024-03-21
"http://dbpedia.org/property/termStart",1997
"http://dbpedia.org/property/termStart",1995
"http://dbpedia.org/property/termStart",2007-11-14
"http://dbpedia.org/property/termStart",1974
"http://dbpedia.org/property/termStart",2024-01-10
"http://dbpedia.org/property/termStart",1983-08-25
"http://dbpedia.org/property/title","http://dbpedia.org/resource/Deputy_Minister_of_Education_and_Skills_Development_of_Botswana"
"http://dbpedia.org/property/title","http://dbpedia.org/resource/Deputy_Minister_of_Tourism,_Wildlife_and_Culture_of_Malawi"
"http://dbpedia.org/property/title","http://dbpedia.org/resource/List_of_high_commissioners_of_Brunei_to_the_United_Kingdom"
"http://dbpedia.org/property/title","http://dbpedia.org/resource/Minister_at_the_Presidency_in_charge_of_AIDS_of_Burundi"
"http://dbpedia.org/property/years",0001-12-10
"http://dbpedia.org/property/appointer","http://dbpedia.org/resource/Jacob_Zuma"
"http://dbpedia.org/property/appointer","Jacob Zuma"
"http://dbpedia.org/property/1blankname","Chief Minister"
"http://dbpedia.org/property/1blankname","Division"
"http://dbpedia.org/property/1blankname","http://dbpedia.org/resource/List_of_regents_of_Badung"
"http://dbpedia.org/property/1namedata","http://dbpedia.org/resource/Ashok_Gehlot"
"http://dbpedia.org/property/1namedata","http://dbpedia.org/resource/Western_Cape_Division"
"http://dbpedia.org/property/1namedata","http://dbpedia.org/resource/I_Wayan_Adi_Arnawa"
"http://dbpedia.org/property/2blankname","http://dbpedia.org/resource/Third_Gehlot_ministry"
"http://dbpedia.org/property/2namedata",""
"http://dbpedia.org/property/2namedata","Skill 
Employment & Entrepreneurship"
"http://dbpedia.org/property/2namedata","Sports & Youth Affairs"
"http://dbpedia.org/property/2namedata","Statistics
Policy Planning"
"http://dbpedia.org/property/2namedata","DIPR
Disaster Management & Relief
Administrative Reforms & Coordination Dept."
"http://dbpedia.org/property/nationality","n"
"http://dbpedia.org/property/nationality","http://dbpedia.org/resource/Demographics_of_Kenya"
"http://dbpedia.org/property/nationality","Ugandan"
"http://dbpedia.org/property/nationality","Colombian"
"http://dbpedia.org/property/profession","Politician and businessman"
"http://dbpedia.org/property/votes",1791
"http://dbpedia.org/property/votes",2878
"http://dbpedia.org/property/votes",4669
"http://dbpedia.org/property/stateDelegate","Virginia"
"http://dbpedia.org/property/candidate","John Martin"
"http://dbpedia.org/property/candidate","Arthur Mingo"
"http://dbpedia.org/property/percentage","100.0"
"http://dbpedia.org/property/percentage","38.4"
"http://dbpedia.org/property/percentage","61.6"
"http://dbpedia.org/property/birthName",1976-06-22
"http://dbpedia.org/property/birthName","Yong Foo"
"http://dbpedia.org/property/birthName","Barbara Ann Starr"
"http://www.w3.org/ns/prov#wasDerivedFrom","http://en.wikipedia.org/wiki/Anwaar_Hussain?oldid=1300576651&ns=0"
"http://www.w3.org/ns/prov#wasDerivedFrom","http://en.wikipedia.org/wiki/Anwar_Jamal_Kidwai?oldid=1306012101&ns=0"
"http://www.w3.org/ns/prov#wasDerivedFrom","http://en.wikipedia.org/wiki/Arjunsinh_Udesinh_Chauhan?oldid=1259414946&ns=0"
"http://www.w3.org/ns/prov#wasDerivedFrom","http://en.wikipedia.org/wiki/Arthur_M._Gignilliat_Jr.?oldid=1310452093&ns=0"
"http://www.w3.org/ns/prov#wasDerivedFrom","http://en.wikipedia.org/wiki/Arthur_Mingo?oldid=1303694169&ns=0"
"http://www.w3.org/ns/prov#wasDerivedFrom","http://en.wikipedia.org/wiki/Arun_Choudhary?oldid=1269958878&ns=0"
"http://www.w3.org/ns/prov#wasDerivedFrom","http://en.wikipedia.org/wiki/Ashok_Chandna?oldid=1296442907&ns=0"
"http://www.w3.org/ns/prov#wasDerivedFrom","http://en.wikipedia.org/wiki/Ashton_Schippers?oldid=1276749344&ns=0"
"http://www.w3.org/ns/prov#wasDerivedFrom","http://en.wikipedia.org/wiki/Aubrey_Lesaso?oldid=1281662418&ns=0"
"http://www.w3.org/ns/prov#wasDerivedFrom","http://en.wikipedia.org/wiki/Augustine_Mtendere?oldid=1303670450&ns=0"
"http://www.w3.org/ns/prov#wasDerivedFrom","http://en.wikipedia.org/wiki/Aziyan_Abdullah?oldid=1296334100&ns=0"
"http://www.w3.org/ns/prov#wasDerivedFrom","http://en.wikipedia.org/wiki/Azmiralda_Zahir?oldid=1304688465&ns=0"
"http://www.w3.org/ns/prov#wasDerivedFrom","http://en.wikipedia.org/wiki/Badi_Twalib?oldid=1257649507&ns=0"
"http://www.w3.org/ns/prov#wasDerivedFrom","http://en.wikipedia.org/wiki/Bagus_Alit_Sucipta?oldid=1296027722&ns=0"
"http://www.w3.org/ns/prov#wasDerivedFrom","http://en.wikipedia.org/wiki/Bahaa_el-Din_bin_Hanna?oldid=1256600405&ns=0"
"http://www.w3.org/ns/prov#wasDerivedFrom","http://en.wikipedia.org/wiki/Balaam_Barugahara?oldid=1304913642&ns=0"
"http://www.w3.org/ns/prov#wasDerivedFrom","http://en.wikipedia.org/wiki/Barbara_R._Hatton?oldid=1292845228&ns=0"
"http://www.w3.org/ns/prov#wasDerivedFrom","http://en.wikipedia.org/wiki/Barbara_Starr_Scott?oldid=1260792179&ns=0"
"http://www.w3.org/ns/prov#wasDerivedFrom","http://en.wikipedia.org/wiki/Barnabe_Mbonimpa?oldid=1268779976&ns=0"
"http://www.w3.org/ns/prov#wasDerivedFrom","http://en.wikipedia.org/wiki/Barry_C._Morgrage?oldid=1292387513&ns=0"
"http://www.w3.org/ns/prov#wasDerivedFrom","http://en.wikipedia.org/wiki/Baxter_Ennis?oldid=1260701818&ns=0"
"http://www.w3.org/ns/prov#wasDerivedFrom","http://en.wikipedia.org/wiki/Beatriz_Abril_de_Leal?oldid=1241316482&ns=0"
"http://dbpedia.org/property/honorificPrefix","http://dbpedia.org/resource/Order_of_Seri_Paduka_Mahkota_Brunei"
"http://dbpedia.org/property/honorificPrefix","Al-Shahib al-Wazir al-Kabir"
"http://dbpedia.org/property/honorificPrefix","""DR"""
"http://dbpedia.org/property/residence","Badung's Vice Regent Official House, Mangupura"
"http://dbpedia.org/property/caption","Aziyan in 2012"
"http://dbpedia.org/property/caption","Zahir in 2023"
"http://dbpedia.org/property/children","*Benta karuhanga Abwooli
*Bevan Brennan Kamukama Akiiki
*Biden Kamusiime Amooti"
"http://dbpedia.org/property/children",1
"http://dbpedia.org/property/parents","Mahammad bin Selim"
"http://dbpedia.org/property/nativeName","અર્જુનસિંહ ઉદેસિંહ ચૌહાણ"
"http://dbpedia.org/property/nativeName","އަޒްމިރާލްދާ ޒާހިރު"
"http://dbpedia.org/property/nativeName","بهاء الدين بن حنا"
"http://dbpedia.org/property/monarch","http://dbpedia.org/resource/Al-Muazzam_Turanshah"
"http://dbpedia.org/property/monarch","http://dbpedia.org/resource/Aybak"
"http://dbpedia.org/property/monarch","http://dbpedia.org/resource/Baybars"
"http://dbpedia.org/property/monarch","Shajar al-Durr"
"http://dbpedia.org/property/committees","Regional Integration, Joint Parliamentary Broadcasting and Library"
"http://dbpedia.org/property/majority",111741
"http://dbpedia.org/property/imagesize",140
"http://dbpedia.org/property/blank","Religion"
"http://dbpedia.org/property/blank","Creed"
"http://dbpedia.org/property/district",9
"http://dbpedia.org/property/preceded","http://dbpedia.org/resource/Jackie_Glass_(politician)"
"http://dbpedia.org/property/succeeded","Shujau Usman"
"http://dbpedia.org/property/termend",2018-05-31
"http://dbpedia.org/property/termend",2016-05-12
"http://dbpedia.org/property/termend","July 1250"
"http://dbpedia.org/property/termend","April 1278"
"http://dbpedia.org/property/termend","June 1995"
"http://dbpedia.org/property/termstart",2022
"http://dbpedia.org/property/termstart",2013-02-15
"http://dbpedia.org/property/termstart",2018-06-01
"http://dbpedia.org/property/termstart","()"
"http://dbpedia.org/property/termstart",2011-03-26
"http://dbpedia.org/property/termstart","July 1250"
"http://dbpedia.org/property/termstart","February 1261"
"http://dbpedia.org/property/termstart",1993-01-01
"http://xmlns.com/foaf/0.1/isPrimaryTopicOf","http://en.wikipedia.org/wiki/Anwaar_Hussain"
"http://xmlns.com/foaf/0.1/isPrimaryTopicOf","http://en.wikipedia.org/wiki/Anwar_Jamal_Kidwai"
"http://xmlns.com/foaf/0.1/isPrimaryTopicOf","http://en.wikipedia.org/wiki/Arjunsinh_Udesinh_Chauhan"
"http://xmlns.com/foaf/0.1/isPrimaryTopicOf","http://en.wikipedia.org/wiki/Arthur_M._Gignilliat_Jr."
"http://xmlns.com/foaf/0.1/isPrimaryTopicOf","http://en.wikipedia.org/wiki/Arthur_Mingo"
"http://xmlns.com/foaf/0.1/isPrimaryTopicOf","http://en.wikipedia.org/wiki/Arun_Choudhary"
"http://xmlns.com/foaf/0.1/isPrimaryTopicOf","http://en.wikipedia.org/wiki/Ashok_Chandna"
"http://xmlns.com/foaf/0.1/isPrimaryTopicOf","http://en.wikipedia.org/wiki/Ashton_Schippers"
"http://xmlns.com/foaf/0.1/isPrimaryTopicOf","http://en.wikipedia.org/wiki/Aubrey_Lesaso"
"http://xmlns.com/foaf/0.1/isPrimaryTopicOf","http://en.wikipedia.org/wiki/Augustine_Mtendere"
"http://xmlns.com/foaf/0.1/isPrimaryTopicOf","http://en.wikipedia.org/wiki/Aziyan_Abdullah"
"http://xmlns.com/foaf/0.1/isPrimaryTopicOf","http://en.wikipedia.org/wiki/Azmiralda_Zahir"
"http://xmlns.com/foaf/0.1/isPrimaryTopicOf","http://en.wikipedia.org/wiki/Badi_Twalib"
"http://xmlns.com/foaf/0.1/isPrimaryTopicOf","http://en.wikipedia.org/wiki/Bagus_Alit_Sucipta"
"http://xmlns.com/foaf/0.1/isPrimaryTopicOf","http://en.wikipedia.org/wiki/Bahaa_el-Din_bin_Hanna"
"http://xmlns.com/foaf/0.1/isPrimaryTopicOf","http://en.wikipedia.org/wiki/Balaam_Barugahara"
"http://xmlns.com/foaf/0.1/isPrimaryTopicOf","http://en.wikipedia.org/wiki/Barbara_R._Hatton"
"http://xmlns.com/foaf/0.1/isPrimaryTopicOf","http://en.wikipedia.org/wiki/Barbara_Starr_Scott"
"http://xmlns.com/foaf/0.1/isPrimaryTopicOf","http://en.wikipedia.org/wiki/Barnabe_Mbonimpa"
"http://xmlns.com/foaf/0.1/isPrimaryTopicOf","http://en.wikipedia.org/wiki/Barry_C._Morgrage"
"http://xmlns.com/foaf/0.1/isPrimaryTopicOf","http://en.wikipedia.org/wiki/Baxter_Ennis"
"http://xmlns.com/foaf/0.1/isPrimaryTopicOf","http://en.wikipedia.org/wiki/Beatriz_Abril_de_Leal"
"http://www.w3.org/2002/07/owl#sameAs","http://www.wikidata.org/entity/Q99394980"
"http://www.w3.org/2002/07/owl#sameAs","http://simple.dbpedia.org/resource/Bill_Nation"
"http://www.w3.org/2002/07/owl#sameAs","https://global.dbpedia.org/id/FLh56"
"http://xmlns.com/foaf/0.1/nick","Patelbhai"
"http://xmlns.com/foaf/0.1/name","Benjamin D. Brown"
"http://xmlns.com/foaf/0.1/name","Benjamin Frick"
"http://xmlns.com/foaf/0.1/name","Beth A. Walker"
"http://xmlns.com/foaf/0.1/name","Beti Hohler"
"http://xmlns.com/foaf/0.1/name","Bhagabhai Dhanabhai Barad"
"http://xmlns.com/foaf/0.1/name","Bhajan Lal Sharma"
"http://xmlns.com/foaf/0.1/name","Bharatbhai Kikubhaiji Patel"
"http://xmlns.com/foaf/0.1/name","Bharosi Lal Jatav"
"http://xmlns.com/foaf/0.1/name","Biggie Butale"
"http://xmlns.com/foaf/0.1/name","Bill Nation"
"http://xmlns.com/foaf/0.1/name","Bill Weber"
"http://xmlns.com/foaf/0.1/name","Blanca Armario"
"http://xmlns.com/foaf/0.1/name","Bob Albright"
"http://xmlns.com/foaf/0.1/name","Bob Khamisa"
"http://xmlns.com/foaf/0.1/name","Bobby A. Wheeler"
"http://xmlns.com/foaf/0.1/name","Bonita Anthony"
"http://xmlns.com/foaf/0.1/name","Brad Sherman"
"http://www.w3.org/2000/01/rdf-schema#label","Belinda van Heerden"
"http://www.w3.org/2000/01/rdf-schema#label","Benjamin D. Brown"
"http://www.w3.org/2000/01/rdf-schema#label","Benjamin Frick"
"http://www.w3.org/2000/01/rdf-schema#label","Beth A. Walker"
"http://www.w3.org/2000/01/rdf-schema#label","Beti Hohler"
"http://www.w3.org/2000/01/rdf-schema#label","Bhagabhai Dhanabhai Barad"
"http://www.w3.org/2000/01/rdf-schema#label","Bharatbhai Kikubhai Patel"
"http://www.w3.org/2000/01/rdf-schema#label","Bharosi Lal Jatav"
"http://www.w3.org/2000/01/rdf-schema#label","Biggie Butale"
"http://www.w3.org/2000/01/rdf-schema#label","Bill Lance"
"http://www.w3.org/2000/01/rdf-schema#label","Bill Nation"
"http://www.w3.org/2000/01/rdf-schema#label","Bill Weber (New York politician)"
"http://www.w3.org/2000/01/rdf-schema#label","Billy Mothle"
"http://www.w3.org/2000/01/rdf-schema#label","Blanca Armario"
"http://www.w3.org/2000/01/rdf-schema#label","Bob Albright"
"http://www.w3.org/2000/01/rdf-schema#label","Bob Khamisa"
"http://www.w3.org/2000/01/rdf-schema#label","Bobby A. Wheeler"
"http://www.w3.org/2000/01/rdf-schema#label","Bonita Anthony"
"http://www.w3.org/2000/01/rdf-schema#label","Brad Sherman (Iowa politician)"
"http://dbpedia.org/ontology/deathPlace","http://dbpedia.org/resource/Berks_County,_Pennsylvania"
"http://dbpedia.org/ontology/deathPlace","http://dbpedia.org/resource/Cheyenne,_Wyoming"
"http://dbpedia.org/ontology/deathPlace","http://dbpedia.org/resource/Florence,_Alabama"
"http://dbpedia.org/property/deathPlace","Berks County, Pennsylvania, U.S."
"http://dbpedia.org/property/deathPlace","http://dbpedia.org/resource/Cheyenne,_Wyoming"
"http://dbpedia.org/property/deathPlace","Florence, Alabama, U.S."
"http://dbpedia.org/ontology/deathDate",1999-02-01
"http://dbpedia.org/ontology/deathDate",1871-10-04
"http://dbpedia.org/ontology/deathDate",2022-04-13
"http://dbpedia.org/ontology/deathDate",2023-11-27
"http://dbpedia.org/ontology/deathDate",2007-07-23
"http://dbpedia.org/ontology/birthPlace","http://dbpedia.org/resource/Ottawa"
"http://dbpedia.org/ontology/birthPlace","http://dbpedia.org/resource/Macon_County,_Georgia"
"http://dbpedia.org/ontology/birthPlace","http://dbpedia.org/resource/Chester_County,_Pennsylvania"
"http://dbpedia.org/ontology/birthPlace","http://dbpedia.org/resource/Nadbai"
"http://dbpedia.org/ontology/birthPlace","http://dbpedia.org/resource/Bombay_State"
"http://dbpedia.org/ontology/birthPlace","http://dbpedia.org/resource/Parnera"
"http://dbpedia.org/ontology/birthPlace","http://dbpedia.org/resource/India"
"http://dbpedia.org/ontology/birthPlace","http://dbpedia.org/resource/Karauli"
"http://dbpedia.org/ontology/birthPlace","http://dbpedia.org/resource/Gaborone"
"http://dbpedia.org/ontology/birthPlace","http://dbpedia.org/resource/Lingle,_Wyoming"
"http://dbpedia.org/ontology/birthPlace","http://dbpedia.org/resource/Lady_Selborne,_Pretoria"
"http://dbpedia.org/ontology/birthPlace","http://dbpedia.org/resource/Transvaal_(province)"
"http://dbpedia.org/ontology/birthPlace","http://dbpedia.org/resource/Paint_Rock,_Alabama"
"http://dbpedia.org/ontology/birthPlace","http://dbpedia.org/resource/Bacon_County,_Georgia"
"http://dbpedia.org/ontology/birthPlace","http://dbpedia.org/resource/Norfolk,_Virginia"
"http://dbpedia.org/ontology/birthPlace","http://dbpedia.org/resource/Missouri"
"http://dbpedia.org/property/birthPlace","http://dbpedia.org/resource/Ottawa"
"http://dbpedia.org/property/birthPlace","Macon County, Georgia, U.S."
"http://dbpedia.org/property/birthPlace","Coventry, Chester County, Pennsylvania, U.S."
"http://dbpedia.org/property/birthPlace","Parnera, Valsad district, Bombay State , India"
"http://dbpedia.org/property/birthPlace","Jhirna, Karauli, Rajasthan, India"
"http://dbpedia.org/property/birthPlace","Gaborone, Botswana"
"http://dbpedia.org/property/birthPlace","http://dbpedia.org/resource/Lingle,_Wyoming"
"http://dbpedia.org/property/birthPlace","http://dbpedia.org/resource/Lady_Selborne,_Pretoria"
"http://dbpedia.org/property/birthPlace","http://dbpedia.org/resource/Transvaal_(province)"
"http://dbpedia.org/property/birthPlace","Paint Rock, Alabama, U.S."
"http://dbpedia.org/property/birthPlace","Bacon County, Georgia, U.S."
"http://dbpedia.org/property/birthPlace","Norfolk, Virginia, U.S."
"http://dbpedia.org/property/birthPlace","Missouri, U.S."
"http://dbpedia.org/ontology/birthDate",1959-09-30
"http://dbpedia.org/ontology/birthDate",1939-11-14
"http://dbpedia.org/ontology/birthDate",1796-04-26
"http://dbpedia.org/ontology/birthDate",1981-06-25
"http://dbpedia.org/ontology/birthDate",1966-12-15
"http://dbpedia.org/ontology/birthDate",1958-05-20
"http://dbpedia.org/ontology/birthDate",1948-08-02
"http://dbpedia.org/ontology/birthDate",1972-08-03
"http://dbpedia.org/ontology/birthDate",1925-05-28
"http://dbpedia.org/ontology/birthDate",1956-07-24
"http://dbpedia.org/ontology/birthDate",1980-03-01
"http://dbpedia.org/ontology/birthDate",1936-04-09
"http://dbpedia.org/ontology/birthDate",1933-09-07
"http://dbpedia.org/ontology/birthDate",2023-09-25
"http://purl.org/dc/terms/subject","http://dbpedia.org/resource/Category:South_African_Rhodes_Scholars"
"http://purl.org/dc/terms/subject","http://dbpedia.org/resource/Category:Stellenbosch_University_alumni"
"http://purl.org/dc/terms/subject","http://dbpedia.org/resource/Category:Alumni_of_the_University_of_Oxford"
"http://purl.org/dc/terms/subject","http://dbpedia.org/resource/Category:Academic_staff_of_the_University_of_Cape_Town"
"http://purl.org/dc/terms/subject","http://dbpedia.org/resource/Category:South_African_women_judges"
"http://purl.org/dc/terms/subject","http://dbpedia.org/resource/Category:1959_births"
"http://purl.org/dc/terms/subject","http://dbpedia.org/resource/Category:South_African_women_academics"
"http://purl.org/dc/terms/subject","http://dbpedia.org/resource/Category:Women_legal_scholars"
"http://purl.org/dc/terms/subject","http://dbpedia.org/resource/Category:Family_law_scholars"
"http://purl.org/dc/terms/subject","http://dbpedia.org/resource/Category:21st-century_South_African_women_lawyers"
"http://purl.org/dc/terms/subject","http://dbpedia.org/resource/Category:20th-century_South_African_women_lawyers"
"http://purl.org/dc/terms/subject","http://dbpedia.org/resource/Category:South_African_legal_scholars"
"http://purl.org/dc/terms/subject","http://dbpedia.org/resource/Category:Lawyers_from_Ottawa"
"http://purl.org/dc/terms/subject","http://dbpedia.org/resource/Category:1999_deaths"
"http://purl.org/dc/terms/subject","http://dbpedia.org/resource/Category:African-American_state_legislators_in_Georgia_(U.S._state)"
"http://purl.org/dc/terms/subject","http://dbpedia.org/resource/Category:People_from_Macon_County,_Georgia"
"http://purl.org/dc/terms/subject","http://dbpedia.org/resource/Category:Pennsylvania_state_senators"
"http://purl.org/dc/terms/subject","http://dbpedia.org/resource/Category:1796_births"
"http://purl.org/dc/terms/subject","http://dbpedia.org/resource/Category:1871_deaths"
"http://purl.org/dc/terms/subject","http://dbpedia.org/resource/Category:19th-century_American_businesspeople"
"http://purl.org/dc/terms/subject","http://dbpedia.org/resource/Category:Politicians_from_Berks_County,_Pennsylvania"
"http://purl.org/dc/terms/subject","http://dbpedia.org/resource/Category:Politicians_from_Montgomery_County,_Pennsylvania"
"http://purl.org/dc/terms/subject","http://dbpedia.org/resource/Category:Pennsylvania_Whigs"
"http://purl.org/dc/terms/subject","http://dbpedia.org/resource/Category:Pennsylvania_postmasters"
"http://purl.org/dc/terms/subject","http://dbpedia.org/resource/Category:Pennsylvania_State_University_alumni"
"http://purl.org/dc/terms/subject","http://dbpedia.org/resource/Category:Virginia_Tech_alumni"
"http://purl.org/dc/terms/subject","http://dbpedia.org/resource/Category:Colorado_State_University_faculty"
"http://purl.org/dc/terms/subject","http://dbpedia.org/resource/Category:American_academic_administrators"
"http://purl.org/dc/terms/subject","http://dbpedia.org/resource/Category:International_Criminal_Court_judges"
"http://purl.org/dc/terms/subject","http://dbpedia.org/resource/Category:1981_births"
"http://purl.org/dc/terms/subject","http://dbpedia.org/resource/Category:21st-century_Slovenian_judges"
"http://purl.org/dc/terms/subject","http://dbpedia.org/resource/Category:Slovenian_judges_of_international_courts_and_tribunals"
"http://purl.org/dc/terms/subject","http://dbpedia.org/resource/Category:Gujarati_people"
"http://purl.org/dc/terms/subject","http://dbpedia.org/resource/Category:People_from_Gujarat"
"http://purl.org/dc/terms/subject","http://dbpedia.org/resource/Category:People_from_Valsad_district"
"http://purl.org/dc/terms/subject","http://dbpedia.org/resource/Category:Gujarat_MLAs_2012–2017"
"http://purl.org/dc/terms/subject","http://dbpedia.org/resource/Category:1948_births"
"http://purl.org/dc/terms/subject","http://dbpedia.org/resource/Category:21st-century_Indian_politicians"
"http://purl.org/dc/terms/subject","http://dbpedia.org/resource/Category:21st-century_Botswana_politicians"
"http://purl.org/dc/terms/subject","http://dbpedia.org/resource/Category:University_of_Botswana_alumni"
"http://purl.org/dc/terms/subject","http://dbpedia.org/resource/Category:Botswana_lawyers"
"http://purl.org/dc/terms/subject","http://dbpedia.org/resource/Category:Botswana_Patriotic_Front_politicians"
"http://purl.org/dc/terms/subject","http://dbpedia.org/resource/Category:Chickasaw_Nation_politicians"
"http://purl.org/dc/terms/subject","http://dbpedia.org/resource/Category:2022_deaths"
"http://purl.org/dc/terms/subject","http://dbpedia.org/resource/Category:United_States_Navy_personnel_of_World_War_II"
"http://purl.org/dc/terms/subject","http://dbpedia.org/resource/Category:1925_births"
"http://purl.org/dc/terms/subject","http://dbpedia.org/resource/Category:Photographers_from_Wyoming"
"http://purl.org/dc/terms/subject","http://dbpedia.org/resource/Category:People_from_Goshen_County,_Wyoming"
"http://purl.org/dc/terms/subject","http://dbpedia.org/resource/Category:Military_personnel_from_Wyoming"
"http://purl.org/dc/terms/subject","http://dbpedia.org/resource/Category:Mayors_of_Cheyenne,_Wyoming"
"http://purl.org/dc/terms/subject","http://dbpedia.org/resource/Category:Democratic_Party_members_of_the_Wyoming_House_of_Representatives"
"http://purl.org/dc/terms/subject","http://dbpedia.org/resource/Category:20th-century_members_of_the_Wyoming_Legislature"
"http://purl.org/dc/terms/subject","http://dbpedia.org/resource/Category:20th-century_mayors_of_places_in_Wyoming"
"http://purl.org/dc/terms/subject","http://dbpedia.org/resource/Category:Pace_University_alumni"
"http://purl.org/dc/terms/subject","http://dbpedia.org/resource/Category:Republican_Party_New_York_(state)_state_senators"
"http://purl.org/dc/terms/subject","http://dbpedia.org/resource/Category:21st-century_members_of_the_New_York_State_Legislature"
"http://purl.org/dc/terms/subject","http://dbpedia.org/resource/Category:Georgetown_University_Law_Center_alumni"
"http://purl.org/dc/terms/subject","http://dbpedia.org/resource/Category:1956_births"
"http://purl.org/dc/terms/subject","http://dbpedia.org/resource/Category:People_from_Pretoria"
"http://purl.org/dc/terms/subject","http://dbpedia.org/resource/Category:University_of_Limpopo_alumni"
"http://purl.org/dc/terms/subject","http://dbpedia.org/resource/Category:Judges_of_the_Gauteng_High_Court"
"http://purl.org/dc/terms/subject","http://dbpedia.org/resource/Category:Women_members_of_the_Congress_of_Deputies_(Spain)"
"http://purl.org/dc/terms/subject","http://dbpedia.org/resource/Category:Vox_(political_party)_politicians"
"http://purl.org/dc/terms/subject","http://dbpedia.org/resource/Category:21st-century_Spanish_women_politicians"
"http://purl.org/dc/terms/subject","http://dbpedia.org/resource/Category:Members_of_the_12th_Parliament_of_Andalusia"
"http://purl.org/dc/terms/subject","http://dbpedia.org/resource/Category:Members_of_the_15th_Congress_of_Deputies_(Spain)"
"http://purl.org/dc/terms/subject","http://dbpedia.org/resource/Category:Athens_State_University_alumni"
"http://purl.org/dc/terms/subject","http://dbpedia.org/resource/Category:1936_births"
"http://purl.org/dc/terms/subject","http://dbpedia.org/resource/Category:Schoolteachers_from_Alabama"
"http://purl.org/dc/terms/subject","http://dbpedia.org/resource/Category:People_from_Florence,_Alabama"
"http://purl.org/dc/terms/subject","http://dbpedia.org/resource/Category:People_from_Jackson_County,_Alabama"
"http://purl.org/dc/terms/subject","http://dbpedia.org/resource/Category:Democratic_Party_members_of_the_Alabama_House_of_Representatives"
"http://purl.org/dc/terms/subject","http://dbpedia.org/resource/Category:20th-century_members_of_the_Alabama_Legislature"
"http://purl.org/dc/terms/subject","http://dbpedia.org/resource/Category:2007_deaths"
"http://purl.org/dc/terms/subject","http://dbpedia.org/resource/Category:1933_births"
"http://purl.org/dc/terms/subject","http://dbpedia.org/resource/Category:People_from_Bacon_County,_Georgia"
"http://purl.org/dc/terms/subject","http://dbpedia.org/resource/Category:Virginia_Union_University_alumni"
"http://purl.org/dc/terms/subject","http://dbpedia.org/resource/Category:Women_state_legislators_in_Virginia"
"http://purl.org/dc/terms/subject","http://dbpedia.org/resource/Category:African-American_engineers"
"http://purl.org/dc/terms/subject","http://dbpedia.org/resource/Category:Old_Dominion_University_alumni"
"http://purl.org/dc/terms/subject","http://dbpedia.org/resource/Category:African-American_state_legislators_in_Virginia"
"http://purl.org/dc/terms/subject","http://dbpedia.org/resource/Category:African-American_women_engineers"
"http://purl.org/dc/terms/subject","http://dbpedia.org/resource/Category:Democratic_Party_members_of_the_Virginia_House_of_Delegates"
"http://purl.org/dc/terms/subject","http://dbpedia.org/resource/Category:21st-century_African-American_women_politicians"
"http://purl.org/dc/terms/subject","http://dbpedia.org/resource/Category:21st-century_African-American_politicians"
"http://purl.org/dc/terms/subject","http://dbpedia.org/resource/Category:1950s_births"
"http://purl.org/dc/terms/subject","http://dbpedia.org/resource/Category:People_from_Missouri"
"http://purl.org/dc/terms/subject","http://dbpedia.org/resource/Category:People_from_Williamsburg,_Iowa"
"http://purl.org/dc/terms/subject","http://dbpedia.org/resource/Category:21st-century_members_of_the_Iowa_General_Assembly"
"http://purl.org/dc/terms/subject","http://dbpedia.org/resource/Category:Republican_Party_members_of_the_Iowa_House_of_Representatives"
"http://dbpedia.org/ontology/wikiPageWikiLink","http://dbpedia.org/resource/Jack_R._Gage"
"http://dbpedia.org/ontology/wikiPageWikiLink","http://dbpedia.org/resource/William_Halsey_Jr."
"http://dbpedia.org/ontology/wikiPageWikiLink","http://dbpedia.org/resource/Assassination_of_John_F._Kennedy"
"http://dbpedia.org/ontology/wikiPageWikiLink","http://dbpedia.org/resource/Category:Members_of_the_Wyoming_House_of_Representatives"
"http://dbpedia.org/ontology/wikiPageWikiLink","http://dbpedia.org/resource/Cheyenne,_Wyoming"
"http://dbpedia.org/ontology/wikiPageWikiLink","http://dbpedia.org/resource/Model_Cities_Program"
"http://dbpedia.org/ontology/wikiPageWikiLink","http://dbpedia.org/resource/United_States_Department_of_Housing_and_Urban_Development"
"http://dbpedia.org/ontology/wikiPageWikiLink","http://dbpedia.org/resource/Laramie_County,_Wyoming"
"http://dbpedia.org/ontology/wikiPageWikiLink","http://dbpedia.org/resource/American_Nazi_Party"
"http://dbpedia.org/ontology/wikiPageWikiLink","http://dbpedia.org/resource/Lingle,_Wyoming"
"http://dbpedia.org/ontology/wikiPageWikiLink","http://dbpedia.org/resource/Wyoming_House_of_Representatives"
"http://dbpedia.org/ontology/wikiPageWikiLink","http://dbpedia.org/resource/List_of_governors_of_Wyoming"
"http://dbpedia.org/ontology/wikiPageWikiLink","http://dbpedia.org/resource/Seaton_Schroeder"
"http://dbpedia.org/ontology/wikiPageWikiLink","http://dbpedia.org/resource/Michael_J._Sullivan_(Wyoming_politician)"
"http://dbpedia.org/ontology/wikiPageWikiLink","http://dbpedia.org/resource/1966_Wyoming_gubernatorial_election"
"http://dbpedia.org/ontology/wikiPageWikiLink","http://dbpedia.org/resource/Stanley_K._Hathaway"
"http://dbpedia.org/ontology/wikiPageWikiLink","http://dbpedia.org/resource/Category:United_States_Navy_personnel_of_World_War_II"
"http://dbpedia.org/ontology/wikiPageWikiLink","http://dbpedia.org/resource/Category:1925_births"
"http://dbpedia.org/ontology/wikiPageWikiLink","http://dbpedia.org/resource/Category:Wyoming_Democrats"
"http://dbpedia.org/ontology/wikiPageWikiLink","http://dbpedia.org/resource/Category:Photographers_from_Wyoming"
"http://dbpedia.org/ontology/wikiPageWikiLink","http://dbpedia.org/resource/Category:People_from_Goshen_County,_Wyoming"
"http://dbpedia.org/ontology/wikiPageWikiLink","http://dbpedia.org/resource/Category:Military_personnel_from_Wyoming"
"http://dbpedia.org/ontology/wikiPageWikiLink","http://dbpedia.org/resource/Category:Mayors_of_Cheyenne,_Wyoming"
"http://dbpedia.org/ontology/wikiPageWikiLink","http://dbpedia.org/resource/USS_Schroeder_(DD-501)"
"http://dbpedia.org/ontology/wikiPageWikiLink","http://dbpedia.org/resource/List_of_mayors_of_Cheyenne,_Wyoming"
"http://dbpedia.org/ontology/description","American politician (1796–1871)"
"http://dbpedia.org/ontology/description","American academic administrator and marketing scholar"
"http://dbpedia.org/ontology/description","xurista eslovena"
"http://dbpedia.org/ontology/description","Sloveenia jurist"
"http://dbpedia.org/ontology/description","juriste slovène"
"http://dbpedia.org/ontology/description","স্লোভেনীয় বিচারক"
"http://dbpedia.org/ontology/description","slovenska pravnica"
"http://dbpedia.org/ontology/description","slovensk jurist og dommer ved den Internationale Strafferetsdomstol"
"http://dbpedia.org/ontology/description","Slovene jurist and judge at the ICC"
"http://dbpedia.org/ontology/description","jurista eslovena"
"http://dbpedia.org/ontology/description","jurista eslovena"
"http://dbpedia.org/ontology/description","juriste sllovene"
"http://dbpedia.org/ontology/description","juristă slovenă"
"http://dbpedia.org/ontology/description","slowenische Juristin und Richterin am Internationalen Strafgerichtshof"
"http://dbpedia.org/ontology/description","משפטנית סלובנית"
"http://dbpedia.org/ontology/description","حقوقية سلوفينية"
"http://dbpedia.org/ontology/description","Indian politician (born 2 August 1948)"
"http://dbpedia.org/ontology/description","Motswana politician (born 1972)"
"http://dbpedia.org/ontology/description","chickasaw Nation politician"
"http://dbpedia.org/ontology/description","americký politik"
"http://dbpedia.org/ontology/description","político estadounidense"
"http://dbpedia.org/ontology/description","politician american"
"http://dbpedia.org/ontology/description","politico statunitense"
"http://dbpedia.org/ontology/description","politikan amerikan"
"http://dbpedia.org/ontology/description","politikari estatubatuarra"
"http://dbpedia.org/ontology/description","polític estatunidenc"
"http://dbpedia.org/ontology/description","político estadounidense"
"http://dbpedia.org/ontology/description","usona politikisto"
"http://dbpedia.org/ontology/description","yhdysvaltalainen poliitikko"
"http://dbpedia.org/ontology/description","פוליטיקאי אמריקאי"
"http://dbpedia.org/ontology/description","سياسي أمريكي"
"http://dbpedia.org/ontology/description","سیاستمدار آمریکایی"
"http://dbpedia.org/ontology/description","homme politique américain"
"http://dbpedia.org/ontology/description","美國政治人物"
"http://dbpedia.org/ontology/description","políticu d'Estaos Xuníos"
"http://dbpedia.org/ontology/description","política española"
"http://dbpedia.org/ontology/description","Spanish politician (born 1980)"
"http://dbpedia.org/ontology/description","American politician (1936–2023)"
"http://dbpedia.org/ontology/description","美國政治人物 (1936–2023)"
"http://dbpedia.org/ontology/description","American pastor and politician"
"http://xmlns.com/foaf/0.1/homepage","https://www.icc-cpi.int/judges/judge-beti-hohler%7CICC"
"http://dbpedia.org/property/name","Benjamin D. Brown"
"http://dbpedia.org/property/name","Benjamin Frick"
"http://dbpedia.org/property/name","Beth A. Walker"
"http://dbpedia.org/property/name","Beti Hohler"
"http://dbpedia.org/property/name","Bhagabhai Dhanabhai Barad"
"http://dbpedia.org/property/name","Bharatbhai Kikubhaiji Patel"
"http://dbpedia.org/property/name","Bharosi Lal Jatav"
"http://dbpedia.org/property/name","Biggie Butale"
"http://dbpedia.org/property/name","Bill Nation"
"http://dbpedia.org/property/name","Bill Weber"
"http://dbpedia.org/property/name","Blanca Armario"
"http://dbpedia.org/property/name","Bob Albright"
"http://dbpedia.org/property/name","Bob Khamisa"
"http://dbpedia.org/property/name","Bobby A. Wheeler"
"http://dbpedia.org/property/name","Bonita Anthony"
"http://xmlns.com/foaf/0.1/depiction","http://commons.wikimedia.org/wiki/Special:FilePath/Srečanje_predsednika_vlade_s_prvo_sodnico_iz_Slovenije_na_Mednarodnem_kazenskem_sodišču_Beti_Hohler_2024_-_2_(cropped).jpg"
"http://xmlns.com/foaf/0.1/depiction","http://commons.wikimedia.org/wiki/Special:FilePath/Bill_Nation.png"
"http://xmlns.com/foaf/0.1/depiction","http://commons.wikimedia.org/wiki/Special:FilePath/NYS_Senator_Bill_Weber_(cropped).jpg"
"http://xmlns.com/foaf/0.1/depiction","http://commons.wikimedia.org/wiki/Special:FilePath/BArmario22.jpg"
"http://xmlns.com/foaf/0.1/depiction","http://commons.wikimedia.org/wiki/Special:FilePath/BonitaAnthonyVA_(cropped).jpg"
"http://dbpedia.org/property/toggle","left"
"http://dbpedia.org/property/almaMater","http://dbpedia.org/resource/Stellenbosch_University"
"http://dbpedia.org/property/almaMater","http://dbpedia.org/resource/University_of_Oxford"
"http://dbpedia.org/property/almaMater","http://dbpedia.org/resource/Clark_Atlanta_University"
"http://dbpedia.org/property/almaMater","http://dbpedia.org/resource/Howard_University"
"http://dbpedia.org/property/almaMater","Virginia Tech"
"http://dbpedia.org/property/almaMater","Pennsylvania State University"
"http://dbpedia.org/property/almaMater","http://dbpedia.org/resource/University_of_Ljubljana"
"http://dbpedia.org/property/almaMater","http://dbpedia.org/resource/University_of_Amsterdam"
"http://dbpedia.org/property/almaMater","http://dbpedia.org/resource/Georgetown_University"
"http://dbpedia.org/property/almaMater","http://dbpedia.org/resource/University_of_South_Africa"
"http://dbpedia.org/property/awards","http://dbpedia.org/resource/Common_Security_and_Defence_Policy_Service_Medal"
"http://dbpedia.org/property/nominator","http://dbpedia.org/resource/Slovenia"
"http://dbpedia.org/ontology/almaMater","http://dbpedia.org/resource/Stellenbosch_University"
"http://dbpedia.org/ontology/almaMater","http://dbpedia.org/resource/University_of_Oxford"
"http://dbpedia.org/ontology/almaMater","http://dbpedia.org/resource/Clark_Atlanta_University"
"http://dbpedia.org/ontology/almaMater","http://dbpedia.org/resource/Howard_University"
"http://dbpedia.org/ontology/almaMater","http://dbpedia.org/resource/Virginia_Tech"
"http://dbpedia.org/ontology/almaMater","http://dbpedia.org/resource/Pennsylvania_State_University"
"http://dbpedia.org/ontology/almaMater","http://dbpedia.org/resource/University_of_Ljubljana"
"http://dbpedia.org/ontology/almaMater","http://dbpedia.org/resource/University_of_Amsterdam"
"http://dbpedia.org/ontology/almaMater","http://dbpedia.org/resource/Georgetown_University"
"http://dbpedia.org/ontology/award","http://dbpedia.org/resource/Common_Security_and_Defence_Policy_Service_Medal"
"http://dbpedia.org/ontology/birthName","Belinda Jane van Heerden"
"http://dbpedia.org/ontology/birthName","Bharatbhai Kikubhai Patel"
"http://dbpedia.org/ontology/birthName","Biggie Ganda Butale"
"http://dbpedia.org/ontology/birthName","Selewe Peter Mothle"
"http://dbpedia.org/ontology/birthName","Robert Earl Albright"
"http://dbpedia.org/ontology/education","http://dbpedia.org/resource/Bachelor_of_Education"
"http://dbpedia.org/ontology/education","http://dbpedia.org/resource/University_of_Botswana"
"http://dbpedia.org/ontology/education","http://dbpedia.org/resource/Pace_University"
"http://dbpedia.org/ontology/education","http://dbpedia.org/resource/Mamelodi_High_School"
"http://dbpedia.org/ontology/education","http://dbpedia.org/resource/Athens_State_University"
"http://dbpedia.org/ontology/education","http://dbpedia.org/resource/Old_Dominion_University"
"http://dbpedia.org/ontology/education","http://dbpedia.org/resource/Master_of_Engineering"
"http://dbpedia.org/ontology/education","http://dbpedia.org/resource/Virginia_Union_University"
"http://dbpedia.org/ontology/occupation","http://dbpedia.org/resource/Businessperson"
"http://dbpedia.org/ontology/originalName","ભગાભાઈ ધનાભાઈ બારડ"
"http://dbpedia.org/ontology/party","http://dbpedia.org/resource/Whig_Party_(United_States)"
"http://dbpedia.org/ontology/party","http://dbpedia.org/resource/Botswana_Republican_Party"
"http://dbpedia.org/ontology/party","http://dbpedia.org/resource/Botswana_Patriotic_Front"
"http://dbpedia.org/ontology/party","http://dbpedia.org/resource/Vox_(political_party)"
"http://dbpedia.org/ontology/party","http://dbpedia.org/resource/United_Democratic_Front_(Malawi)"
"http://dbpedia.org/ontology/profession","http://dbpedia.org/resource/Construction_worker"
"http://dbpedia.org/ontology/profession","http://dbpedia.org/resource/Agriculturist"
"http://dbpedia.org/ontology/profession","http://dbpedia.org/resource/Agriculture"
"http://dbpedia.org/ontology/profession","http://dbpedia.org/resource/Pastor"
"http://dbpedia.org/ontology/residence","http://dbpedia.org/resource/Jaipur"
"http://dbpedia.org/ontology/residence","http://dbpedia.org/resource/Rajasthan"
"http://dbpedia.org/ontology/residence","http://dbpedia.org/resource/Hindaun"
"http://dbpedia.org/ontology/residence","http://dbpedia.org/resource/Gaborone"
"http://dbpedia.org/ontology/restingPlace","http://dbpedia.org/resource/Parker_Ford,_Pennsylvania"
"http://dbpedia.org/ontology/termPeriod","http://dbpedia.org/resource/Belinda_van_Heerden__Tenure__1"
"http://dbpedia.org/ontology/termPeriod","http://dbpedia.org/resource/Belinda_van_Heerden__Tenure__2"
"http://dbpedia.org/ontology/termPeriod","http://dbpedia.org/resource/Benjamin_D._Brown__Tenure__1"
"http://dbpedia.org/ontology/termPeriod","http://dbpedia.org/resource/Benjamin_Frick__Tenure__1"
"http://dbpedia.org/ontology/termPeriod","http://dbpedia.org/resource/Beth_A._Walker__Tenure__1"
"http://dbpedia.org/ontology/termPeriod","http://dbpedia.org/resource/Beti_Hohler__Tenure__1"
"http://dbpedia.org/ontology/termPeriod","http://dbpedia.org/resource/Bhagabhai_Dhanabhai_Barad__Tenure__1"
"http://dbpedia.org/ontology/termPeriod","http://dbpedia.org/resource/Bhajan_Lal_Sharma__Bhajan_Lal_Sharma__1__Tenure__1"
"http://dbpedia.org/ontology/termPeriod","http://dbpedia.org/resource/Bhajan_Lal_Sharma__Bhajan_Lal_Sharma__1__Tenure__2"
"http://dbpedia.org/ontology/termPeriod","http://dbpedia.org/resource/Bhajan_Lal_Sharma__Bhajan_Lal_Sharma__1__Tenure__3"
"http://dbpedia.org/ontology/termPeriod","http://dbpedia.org/resource/Bhajan_Lal_Sharma__Bhajan_Lal_Sharma__1__Tenure__4"
"http://dbpedia.org/ontology/termPeriod","http://dbpedia.org/resource/Bhajan_Lal_Sharma__Bhajan_Lal_Sharma__1__Tenure__5"
"http://dbpedia.org/ontology/termPeriod","http://dbpedia.org/resource/Bharatbhai_Kikubhai_Patel__Tenure__1"
"http://dbpedia.org/ontology/termPeriod","http://dbpedia.org/resource/Bharosi_Lal_Jatav__Tenure__1"
"http://dbpedia.org/ontology/termPeriod","http://dbpedia.org/resource/Bharosi_Lal_Jatav__Tenure__2"
"http://dbpedia.org/ontology/termPeriod","http://dbpedia.org/resource/Bharosi_Lal_Jatav__Tenure__3"
"http://dbpedia.org/ontology/termPeriod","http://dbpedia.org/resource/Bharosi_Lal_Jatav__Tenure__6"
"http://dbpedia.org/ontology/termPeriod","http://dbpedia.org/resource/Bharosi_Lal_Jatav__Tenure__7"
"http://dbpedia.org/ontology/termPeriod","http://dbpedia.org/resource/Biggie_Butale__Tenure__1"
"http://dbpedia.org/ontology/termPeriod","http://dbpedia.org/resource/Biggie_Butale__Tenure__2"
"http://dbpedia.org/ontology/termPeriod","http://dbpedia.org/resource/Biggie_Butale__Tenure__3"
"http://dbpedia.org/ontology/termPeriod","http://dbpedia.org/resource/Bill_Lance__Tenure__1"
"http://dbpedia.org/ontology/termPeriod","http://dbpedia.org/resource/Bill_Lance__Tenure__2"
"http://dbpedia.org/ontology/termPeriod","http://dbpedia.org/resource/Bill_Nation__Tenure__1"
"http://dbpedia.org/ontology/termPeriod","http://dbpedia.org/resource/Bill_Nation__Tenure__2"
"http://dbpedia.org/ontology/termPeriod","http://dbpedia.org/resource/Bill_Nation__Tenure__3"
"http://dbpedia.org/ontology/termPeriod","http://dbpedia.org/resource/Bill_Weber_(New_York_politician)__Tenure__1"
"http://dbpedia.org/ontology/termPeriod","http://dbpedia.org/resource/Billy_Mothle__Tenure__1"
"http://dbpedia.org/ontology/termPeriod","http://dbpedia.org/resource/Billy_Mothle__Tenure__2"
"http://dbpedia.org/ontology/termPeriod","http://dbpedia.org/resource/Blanca_Armario__Tenure__1"
"http://dbpedia.org/ontology/termPeriod","http://dbpedia.org/resource/Bob_Albright__Tenure__1"
"http://dbpedia.org/ontology/termPeriod","http://dbpedia.org/resource/Bob_Khamisa__Tenure__1"
"http://dbpedia.org/ontology/termPeriod","http://dbpedia.org/resource/Bobby_A._Wheeler__Tenure__1"
"http://dbpedia.org/ontology/termPeriod","http://dbpedia.org/resource/Bonita_Anthony__Tenure__1"
"http://dbpedia.org/ontology/thumbnail","http://commons.wikimedia.org/wiki/Special:FilePath/Srečanje_predsednika_vlade_s_prvo_sodnico_iz_Slovenije_na_Mednarodnem_kazenskem_sodišču_Beti_Hohler_2024_-_2_(cropped).jpg?width=300"
"http://dbpedia.org/ontology/thumbnail","http://commons.wikimedia.org/wiki/Special:FilePath/Bill_Nation.png?width=300"
"http://dbpedia.org/ontology/thumbnail","http://commons.wikimedia.org/wiki/Special:FilePath/NYS_Senator_Bill_Weber_(cropped).jpg?width=300"
"http://dbpedia.org/ontology/thumbnail","http://commons.wikimedia.org/wiki/Special:FilePath/BArmario22.jpg?width=300"
"http://dbpedia.org/ontology/thumbnail","http://commons.wikimedia.org/wiki/Special:FilePath/BonitaAnthonyVA_(cropped).jpg?width=300"
"http://dbpedia.org/property/wikiPageUsesTemplate","http://dbpedia.org/resource/Template:Cite_journal"
"http://dbpedia.org/property/wikiPageUsesTemplate","http://dbpedia.org/resource/Template:Expand_language"
"http://dbpedia.org/property/wikiPageUsesTemplate","http://dbpedia.org/resource/Template:India-politician-stub"
"http://dbpedia.org/property/wikiPageUsesTemplate","http://dbpedia.org/resource/Template:Election_box_open_primary_begin_no_change"
"http://dbpedia.org/property/wikiPageUsesTemplate","http://dbpedia.org/resource/Template:Election_box_open_primary_general_election_no_change"
"http://dbpedia.org/property/wikiPageUsesTemplate","http://dbpedia.org/resource/Template:Hidden_begin"
"http://dbpedia.org/property/wikiPageUsesTemplate","http://dbpedia.org/resource/Template:Hidden_end"
"http://dbpedia.org/property/wikiPageUsesTemplate","http://dbpedia.org/resource/Template:New_York_State_Senate"
"http://dbpedia.org/property/wikiPageUsesTemplate","http://dbpedia.org/resource/Template:Better_source_needed"
"http://dbpedia.org/property/wikiPageUsesTemplate","http://dbpedia.org/resource/Template:Spain-politician-stub"
"http://dbpedia.org/property/wikiPageUsesTemplate","http://dbpedia.org/resource/Template:Election_box_new_seat_win"
"http://dbpedia.org/property/wikiPageUsesTemplate","http://dbpedia.org/resource/Template:Virginia-delegate-stub"
"http://dbpedia.org/property/wikiPageUsesTemplate","http://dbpedia.org/resource/Template:Ballotpedia"
"http://dbpedia.org/property/wikiPageUsesTemplate","http://dbpedia.org/resource/Template:Election_box_write-in_with_party_link_no_change"
"http://dbpedia.org/property/wikiPageUsesTemplate","http://dbpedia.org/resource/Template:Percentage"
"http://dbpedia.org/property/wikiPageUsesTemplate","http://dbpedia.org/resource/Template:Sum"
"http://dbpedia.org/property/birthDate",1959-09-30
"http://dbpedia.org/property/birthDate",1939-11-14
"http://dbpedia.org/property/birthDate",1796-04-26
"http://dbpedia.org/property/birthDate",1981-06-25
"http://dbpedia.org/property/birthDate",1958-05-20
"http://dbpedia.org/property/birthDate",1948-08-02
"http://dbpedia.org/property/birthDate",1972-08-03
"http://dbpedia.org/property/birthDate",1925-05-28
"http://dbpedia.org/property/birthDate",1956-07-24
"http://dbpedia.org/property/birthDate",0001-03-01
"http://dbpedia.org/property/birthDate",1936-04-09
"http://dbpedia.org/property/birthDate",1933-09-07
"http://dbpedia.org/property/citizenship","Slovenian"
"http://dbpedia.org/property/citizenship","India"
"http://dbpedia.org/property/citizenship","http://dbpedia.org/resource/Chickasaw_Nation"
"http://dbpedia.org/property/citizenship","American"
"http://dbpedia.org/property/constituency","http://dbpedia.org/resource/Talala_Assembly_constituency"
"http://dbpedia.org/property/constituency","http://dbpedia.org/resource/Valsad_Assembly_constituency"
"http://dbpedia.org/property/constituency","http://dbpedia.org/resource/Hindaun_Assembly_constituency"
"http://dbpedia.org/property/constituency","http://dbpedia.org/resource/Cádiz_(Congress_of_Deputies_constituency)"
"http://dbpedia.org/property/deathDate",1999-02-01
"http://dbpedia.org/property/deathDate",1871-10-04
"http://dbpedia.org/property/deathDate",2022-04-13
"http://dbpedia.org/property/deathDate",2023-11-27
"http://dbpedia.org/property/deathDate",""
"http://dbpedia.org/property/deathDate",2007-07-23
"http://dbpedia.org/property/education","University of Botswana"
"http://dbpedia.org/property/education","Pace University"
"http://dbpedia.org/property/education","http://dbpedia.org/resource/Mamelodi_High_School"
"http://dbpedia.org/property/education","http://dbpedia.org/resource/Athens_State_University"
"http://dbpedia.org/property/education","http://dbpedia.org/resource/Old_Dominion_University"
"http://dbpedia.org/property/education","Virginia Union University"
"http://dbpedia.org/property/governor","http://dbpedia.org/resource/Bill_Anoatubby"
"http://dbpedia.org/property/governor","Bill Anoatubby"
"http://dbpedia.org/property/nickname","Patelbhai"
"http://dbpedia.org/property/occupation","businessman"
"http://dbpedia.org/property/office","Dean of the Colorado State University College of Business"
"http://dbpedia.org/property/office","http://dbpedia.org/resource/Judges_of_the_International_Criminal_Court"
"http://dbpedia.org/property/office","Member of Gujarat Legislative Assembly for Talala Assembly constituency"
"http://dbpedia.org/property/office","MLA for Valsad"
"http://dbpedia.org/property/office","http://dbpedia.org/resource/Ashok_Gehlot"
"http://dbpedia.org/property/office","http://dbpedia.org/resource/Karauli_district"
"http://dbpedia.org/property/office","Member of Parliament for Tati West"
"http://dbpedia.org/property/office","President of the Botswana Patriotic Front"
"http://dbpedia.org/property/office","President of the Botswana Republican Party"
"http://dbpedia.org/property/office","Secretary of Commerce of the Chickasaw Nation"
"http://dbpedia.org/property/office","Secretary of State of the Chickasaw Nation"
"http://dbpedia.org/property/office",45
"http://dbpedia.org/property/office","Member of the Wyoming House of Representatives from Laramie County"
"http://dbpedia.org/property/office","Member of the Congress of Deputies"
"http://dbpedia.org/property/office","Minister Of Defence Of Malawi"
"http://dbpedia.org/property/otherparty","http://dbpedia.org/resource/Indian_National_Congress"
"http://dbpedia.org/property/otherparty","http://dbpedia.org/resource/Botswana_Democratic_Party"
"http://dbpedia.org/property/otherparty","http://dbpedia.org/resource/Botswana_Patriotic_Front"
"http://dbpedia.org/property/party","http://dbpedia.org/resource/Whig_Party_(United_States)"
"http://dbpedia.org/property/party","Indian National Congress"
"http://dbpedia.org/property/party","http://dbpedia.org/resource/Botswana_Republican_Party"
"http://dbpedia.org/property/party","Non-partisan"
"http://dbpedia.org/property/party","Nonpartisan politician"
"http://dbpedia.org/property/party","http://dbpedia.org/resource/Vox_(political_party)"
"http://dbpedia.org/property/party","http://dbpedia.org/resource/United_Democratic_Front_(Malawi)"
"http://dbpedia.org/property/predecessor","Ajay Menon"
"http://dbpedia.org/property/predecessor","Parmar Govindbhai Varjangbhai"
"http://dbpedia.org/property/predecessor","Dolatbhai Desai"
"http://dbpedia.org/property/predecessor","http://dbpedia.org/resource/Rajkumari_Jatav"
"http://dbpedia.org/property/predecessor","Kaluram Yadav"
"http://dbpedia.org/property/predecessor","Kamal Ram Koli"
"http://dbpedia.org/property/predecessor","Shravanlal"
"http://dbpedia.org/property/predecessor","Ummedi Lal Jatav"
"http://dbpedia.org/property/predecessor","Charles Tibone"
"http://dbpedia.org/property/predecessor","http://dbpedia.org/resource/James_D._Van_Velzor"
"http://dbpedia.org/property/predecessor","Worth Story"
"http://dbpedia.org/property/predecessor","http://dbpedia.org/resource/Phil_Smith_(Alabama_politician)"
"http://dbpedia.org/property/president","http://dbpedia.org/resource/Droupadi_Murmu"
"http://dbpedia.org/property/president","http://dbpedia.org/resource/Bakili_Muluzi"
"http://dbpedia.org/property/restingPlace","Oak Grove Cemetery"
"http://dbpedia.org/property/restingPlace","Parker Ford, Pennsylvania, U.S."
"http://dbpedia.org/property/spouse",1815
"http://dbpedia.org/property/spouse","Eleanor Davis"
"http://dbpedia.org/property/spouse","Bhavnaben Bharatbhai Patel"
"http://dbpedia.org/property/spouse",1960
"http://dbpedia.org/property/spouse","Resham Devi"
"http://dbpedia.org/property/spouse","Jo Ann Petersen"
"http://dbpedia.org/property/spouse",2022
"http://dbpedia.org/property/spouse","Joan Hall"
"http://dbpedia.org/property/stateHouse","Alabama"
"http://dbpedia.org/property/successor","http://dbpedia.org/resource/Rajkumari_Jatav"
"http://dbpedia.org/property/successor","http://dbpedia.org/resource/Anita_Jatav"
"http://dbpedia.org/property/successor","Kaluram Yadav"
"http://dbpedia.org/property/successor","Kamal Ram Koli"
"http://dbpedia.org/property/successor","Ummedi Lal Jatav"
"http://dbpedia.org/property/successor","http://dbpedia.org/resource/Simon_Moabi"
"http://dbpedia.org/property/successor","Mephato Reatile"
"http://dbpedia.org/property/successor","http://dbpedia.org/resource/Dan_Boren"
"http://dbpedia.org/property/successor","Bill Herbert Kingham"
"http://dbpedia.org/property/successor","Donald Erickson"
"http://dbpedia.org/property/successor","http://dbpedia.org/resource/Dewayne_Freeman"
"http://dbpedia.org/property/termEnd",1967
"http://dbpedia.org/property/termEnd",1855
"http://dbpedia.org/property/termEnd",2003
"http://dbpedia.org/property/termEnd",2013
"http://dbpedia.org/property/termEnd",2011-11-16
"http://dbpedia.org/property/termEnd",2019-08-28
"http://dbpedia.org/property/termEnd",2023-07-13
"http://dbpedia.org/property/termEnd",2022-05-09
"http://dbpedia.org/property/termEnd",1966
"http://dbpedia.org/property/termEnd",1977-01-03
"http://dbpedia.org/property/termEnd",1986
"http://dbpedia.org/property/termEnd","March 2009"
"http://dbpedia.org/property/termStart",1969
"http://dbpedia.org/property/termStart",1853
"http://dbpedia.org/property/termStart",2015-07-01
"http://dbpedia.org/property/termStart",2024-03-11
"http://dbpedia.org/property/termStart",2012
"http://dbpedia.org/property/termStart",1998
"http://dbpedia.org/property/termStart",2008
"http://dbpedia.org/property/termStart",2018
"http://dbpedia.org/property/termStart",2009-03-02
"http://dbpedia.org/property/termStart",2014-10-28
"http://dbpedia.org/property/termStart",2019-07-06
"http://dbpedia.org/property/termStart",2023-11-14
"http://dbpedia.org/property/termStart",2009
"http://dbpedia.org/property/termStart",2022-05-09
"http://dbpedia.org/property/termStart",1965
"http://dbpedia.org/property/termStart",1962-01-02
"http://dbpedia.org/property/termStart",1973-01-02
"http://dbpedia.org/property/termStart",2023-01-01
"http://dbpedia.org/property/termStart",2023-08-17
"http://dbpedia.org/property/termStart","November 2007"
"http://dbpedia.org/property/title","Bill Nation electoral history"
"http://dbpedia.org/property/title","http://dbpedia.org/resource/Deputy_Minister_of_Mines,_Natural_Resources_and_Environment_of_Malawi"
"http://dbpedia.org/property/website","https://www.icc-cpi.int/judges/judge-beti-hohler%7CICC"
"http://dbpedia.org/property/appointer","http://dbpedia.org/resource/Thabo_Mbeki"
"http://dbpedia.org/property/appointer","Thabo Mbeki"
"http://dbpedia.org/property/appointer","http://dbpedia.org/resource/International_Criminal_Court"
"http://dbpedia.org/property/appointer","http://dbpedia.org/resource/Cyril_Ramaphosa"
"http://dbpedia.org/property/1namedata","http://dbpedia.org/resource/Gauteng_Division"
"http://dbpedia.org/property/2blankname","http://dbpedia.org/resource/Ashok_Gehlot"
"http://dbpedia.org/property/2namedata","*  Estate 
* Agriculture
* Animal Husbandry
* Fisheries
* Rajasthan State Motor Garage"
"http://dbpedia.org/property/nationality","American"
"http://dbpedia.org/property/profession","http://dbpedia.org/resource/Construction_worker"
"http://dbpedia.org/property/profession","*Agriculturist
*Businessperson"
"http://dbpedia.org/property/profession","http://dbpedia.org/resource/Agriculture"
"http://dbpedia.org/property/profession","http://dbpedia.org/resource/Pastor"
"http://dbpedia.org/property/profession","Teacher"
"http://dbpedia.org/property/votes",88
"http://dbpedia.org/property/votes",251
"http://dbpedia.org/property/votes",676
"http://dbpedia.org/property/votes",873
"http://dbpedia.org/property/votes",1264
"http://dbpedia.org/property/votes",2089
"http://dbpedia.org/property/votes",2341
"http://dbpedia.org/property/votes",2629
"http://dbpedia.org/property/votes",2996
"http://dbpedia.org/property/votes",3160
"http://dbpedia.org/property/votes",3197
"http://dbpedia.org/property/votes",3375
"http://dbpedia.org/property/votes",3439
"http://dbpedia.org/property/votes",3491
"http://dbpedia.org/property/votes",4331
"http://dbpedia.org/property/votes",4338
"http://dbpedia.org/property/votes",4426
"http://dbpedia.org/property/votes",4594
"http://dbpedia.org/property/votes",5028
"http://dbpedia.org/property/votes",5530
"http://dbpedia.org/property/votes",6238
"http://dbpedia.org/property/votes",6507
"http://dbpedia.org/property/votes",6544
"http://dbpedia.org/property/votes",7524
"http://dbpedia.org/property/votes",8225
"http://dbpedia.org/property/votes",8616
"http://dbpedia.org/property/votes",8661
"http://dbpedia.org/property/votes",8671
"http://dbpedia.org/property/votes",9187
"http://dbpedia.org/property/votes",9454
"http://dbpedia.org/property/votes",9755
"http://dbpedia.org/property/votes",9834
"http://dbpedia.org/property/votes",10875
"http://dbpedia.org/property/votes",11101
"http://dbpedia.org/property/votes",11389
"http://dbpedia.org/property/votes",11751
"http://dbpedia.org/property/votes",13145
"http://dbpedia.org/property/votes",14032
"http://dbpedia.org/property/votes",18942
"http://dbpedia.org/property/votes",20005
"http://dbpedia.org/property/votes",20422
"http://dbpedia.org/property/votes",42304
"http://dbpedia.org/property/votes",13
"http://dbpedia.org/property/votes",54
"http://dbpedia.org/property/votes",177
"http://dbpedia.org/property/votes",466
"http://dbpedia.org/property/votes",493
"http://dbpedia.org/property/votes",674
"http://dbpedia.org/property/votes",1823
"http://dbpedia.org/property/votes",2806
"http://dbpedia.org/property/votes",3014
"http://dbpedia.org/property/votes",3313
"http://dbpedia.org/property/votes",11807
"http://dbpedia.org/property/votes",15174
"http://dbpedia.org/property/candidate","http://dbpedia.org/resource/Jack_R._Gage"
"http://dbpedia.org/property/candidate","http://dbpedia.org/resource/Michael_J._Sullivan_(Wyoming_politician)"
"http://dbpedia.org/property/candidate","Carl Johnson"
"http://dbpedia.org/property/candidate","John Rogers"
"http://dbpedia.org/property/candidate","Don Erickson"
"http://dbpedia.org/property/candidate","Bill Nation"
"http://dbpedia.org/property/candidate","George R. Cox"
"http://dbpedia.org/property/candidate","Ernest Wilkerson"
"http://dbpedia.org/property/candidate","Howard L. Burke"
"http://dbpedia.org/property/candidate","Raymond B. Whitaker"
"http://dbpedia.org/property/candidate","R. E. Cheever"
"http://dbpedia.org/property/candidate","Floyd Holland"
"http://dbpedia.org/property/candidate","Henry Jensen"
"http://dbpedia.org/property/candidate","Homer J. McAuliffe"
"http://dbpedia.org/property/candidate","Jim Van Velzor"
"http://dbpedia.org/property/candidate","John B. Huisman"
"http://dbpedia.org/property/candidate","O. N. Buckles"
"http://dbpedia.org/property/candidate","Ray Gawryluk"
"http://dbpedia.org/property/candidate","Worth Story"
"http://dbpedia.org/property/candidate","Christine Smith"
"http://dbpedia.org/property/candidate","Bonita Anthony"
"http://dbpedia.org/property/candidate","Kim Sudderth"
"http://dbpedia.org/property/candidate","Michael Durig"
"http://dbpedia.org/property/candidate","Alfreda Thomas"
"http://dbpedia.org/property/candidate","Leon Rouson"
"http://dbpedia.org/property/percentage","24.05"
"http://dbpedia.org/property/percentage","42.0"
"http://dbpedia.org/property/percentage","1.79"
"http://dbpedia.org/property/percentage","38.87"
"http://dbpedia.org/property/percentage","46.4"
"http://dbpedia.org/property/percentage","61.13"
"http://dbpedia.org/property/percentage","58.62"
"http://dbpedia.org/property/percentage","0.93"
"http://dbpedia.org/property/percentage","51.5"
"http://dbpedia.org/property/percentage","22.1"
"http://dbpedia.org/property/percentage","43.07"
"http://dbpedia.org/property/percentage","11.6"
"http://dbpedia.org/property/percentage","10.46"
"http://dbpedia.org/property/percentage","14.75"
"http://dbpedia.org/property/percentage","20.47"
"http://dbpedia.org/property/percentage","23.25"
"http://dbpedia.org/property/percentage","31.07"
"http://dbpedia.org/property/percentage","42.46"
"http://dbpedia.org/property/percentage","57.54"
"http://dbpedia.org/property/percentage","39.83"
"http://dbpedia.org/property/percentage","7.15"
"http://dbpedia.org/property/percentage","48.5"
"http://dbpedia.org/property/percentage","56.93"
"http://dbpedia.org/property/percentage","13.37"
"http://dbpedia.org/property/percentage","60.17"
"http://dbpedia.org/property/percentage","24.51"
"http://dbpedia.org/property/percentage","31.69"
"http://dbpedia.org/property/percentage","18.74"
"http://dbpedia.org/property/percentage","41.38"
"http://dbpedia.org/property/percentage","24.76"
"http://dbpedia.org/property/percentage","30.92"
"http://dbpedia.org/property/percentage",0.36
"http://dbpedia.org/property/percentage",0.7
"http://dbpedia.org/property/percentage",9.699999999999999
"http://dbpedia.org/property/percentage",21.83
"http://dbpedia.org/property/percentage",25.6
"http://dbpedia.org/property/percentage",27
"http://dbpedia.org/property/percentage",37
"http://dbpedia.org/property/percentage",77.81
"http://dbpedia.org/property/birthName","Belinda Jane van Heerden"
"http://dbpedia.org/property/birthName","Bharatbhai Kikubhai Patel"
"http://dbpedia.org/property/birthName","Biggie Ganda Butale"
"http://dbpedia.org/property/birthName","Selewe Peter Mothle"
"http://dbpedia.org/property/birthName","Robert Earl Albright"
"http://www.w3.org/ns/prov#wasDerivedFrom","http://en.wikipedia.org/wiki/Belinda_van_Heerden?oldid=1283674314&ns=0"
"http://www.w3.org/ns/prov#wasDerivedFrom","http://en.wikipedia.org/wiki/Benjamin_D._Brown?oldid=1310452108&ns=0"
"http://www.w3.org/ns/prov#wasDerivedFrom","http://en.wikipedia.org/wiki/Benjamin_Frick?oldid=1261678420&ns=0"
"http://www.w3.org/ns/prov#wasDerivedFrom","http://en.wikipedia.org/wiki/Beth_A._Walker?oldid=1291866672&ns=0"
"http://www.w3.org/ns/prov#wasDerivedFrom","http://en.wikipedia.org/wiki/Beti_Hohler?oldid=1294331597&ns=0"
"http://www.w3.org/ns/prov#wasDerivedFrom","http://en.wikipedia.org/wiki/Bhagabhai_Dhanabhai_Barad?oldid=1268969579&ns=0"
"http://www.w3.org/ns/prov#wasDerivedFrom","http://en.wikipedia.org/wiki/Bharatbhai_Kikubhai_Patel?oldid=1271899082&ns=0"
"http://www.w3.org/ns/prov#wasDerivedFrom","http://en.wikipedia.org/wiki/Bharosi_Lal_Jatav?oldid=1301665655&ns=0"
"http://www.w3.org/ns/prov#wasDerivedFrom","http://en.wikipedia.org/wiki/Biggie_Butale?oldid=1281705953&ns=0"
"http://www.w3.org/ns/prov#wasDerivedFrom","http://en.wikipedia.org/wiki/Bill_Lance?oldid=1195407259&ns=0"
"http://www.w3.org/ns/prov#wasDerivedFrom","http://en.wikipedia.org/wiki/Bill_Nation?oldid=1276503676&ns=0"
"http://www.w3.org/ns/prov#wasDerivedFrom","http://en.wikipedia.org/wiki/Bill_Weber_(New_York_politician)?oldid=1281380274&ns=0"
"http://www.w3.org/ns/prov#wasDerivedFrom","http://en.wikipedia.org/wiki/Billy_Mothle?oldid=1229370564&ns=0"
"http://www.w3.org/ns/prov#wasDerivedFrom","http://en.wikipedia.org/wiki/Blanca_Armario?oldid=1274497602&ns=0"
"http://www.w3.org/ns/prov#wasDerivedFrom","http://en.wikipedia.org/wiki/Bob_Albright?oldid=1261946915&ns=0"
"http://www.w3.org/ns/prov#wasDerivedFrom","http://en.wikipedia.org/wiki/Bob_Khamisa?oldid=1237674479&ns=0"
"http://www.w3.org/ns/prov#wasDerivedFrom","http://en.wikipedia.org/wiki/Bobby_A._Wheeler?oldid=1310452240&ns=0"
"http://www.w3.org/ns/prov#wasDerivedFrom","http://en.wikipedia.org/wiki/Bonita_Anthony?oldid=1302373175&ns=0"
"http://dbpedia.org/property/stateSenate","Pennsylvania"
"http://dbpedia.org/property/stateSenate","New York State"
"http://dbpedia.org/property/residence","http://dbpedia.org/resource/Rajasthan"
"http://dbpedia.org/property/residence","http://dbpedia.org/resource/Hindaun"
"http://dbpedia.org/property/residence","Gaborone"
"http://dbpedia.org/property/caption","Butale in 2023"
"http://dbpedia.org/property/caption","Armario in 2022"
"http://dbpedia.org/property/children",6
"http://dbpedia.org/property/children",7
"http://dbpedia.org/property/children",5
"http://dbpedia.org/property/children",4
"http://dbpedia.org/property/parents","Kikubhai Bhikhabhaiji Patel"
"http://dbpedia.org/property/parents","Champa Devi Jatav"
"http://dbpedia.org/property/parents","Tek Ram Jatav"
"http://dbpedia.org/property/parents","Dick Kabelo Butale"
"http://dbpedia.org/property/parents","Janet Butale"
"http://dbpedia.org/property/date","September 2024"
"http://dbpedia.org/property/otherarticle","Beti Hohler"
"http://dbpedia.org/property/langcode","sl"
"http://dbpedia.org/property/langcode","de"
"http://dbpedia.org/property/nativeName","ભગાભાઈ ધનાભાઈ બારડ"
"http://dbpedia.org/property/country","India"
"http://dbpedia.org/property/primeminister","http://dbpedia.org/resource/Narendra_Modi"
"http://dbpedia.org/property/district","http://dbpedia.org/resource/Montgomery_County,_Pennsylvania"
"http://dbpedia.org/property/district",38
"http://dbpedia.org/property/district",92
"http://dbpedia.org/property/preceded","http://dbpedia.org/resource/Elijah_Reichlin-Melnick"
"http://dbpedia.org/property/preceded","http://dbpedia.org/resource/Jeion_Ward"
"http://dbpedia.org/property/termend",2004-07-31
"http://dbpedia.org/property/termend","September 2013"
"http://dbpedia.org/property/termend",2008
"http://dbpedia.org/property/termend",2021-06-30
"http://dbpedia.org/property/termstart",2000-01-01
"http://dbpedia.org/property/termstart",2004-08-01
"http://dbpedia.org/property/termstart",2005
"http://dbpedia.org/property/termstart",2011-01-01
"http://dbpedia.org/property/termstart",2021-07-01
"http://xmlns.com/foaf/0.1/isPrimaryTopicOf","http://en.wikipedia.org/wiki/Belinda_van_Heerden"
"http://xmlns.com/foaf/0.1/isPrimaryTopicOf","http://en.wikipedia.org/wiki/Benjamin_D._Brown"
"http://xmlns.com/foaf/0.1/isPrimaryTopicOf","http://en.wikipedia.org/wiki/Benjamin_Frick"
"http://xmlns.com/foaf/0.1/isPrimaryTopicOf","http://en.wikipedia.org/wiki/Beth_A._Walker"
"http://xmlns.com/foaf/0.1/isPrimaryTopicOf","http://en.wikipedia.org/wiki/Beti_Hohler"
"http://xmlns.com/foaf/0.1/isPrimaryTopicOf","http://en.wikipedia.org/wiki/Bhagabhai_Dhanabhai_Barad"
"http://xmlns.com/foaf/0.1/isPrimaryTopicOf","http://en.wikipedia.org/wiki/Bharatbhai_Kikubhai_Patel"
"http://xmlns.com/foaf/0.1/isPrimaryTopicOf","http://en.wikipedia.org/wiki/Bharosi_Lal_Jatav"
"http://xmlns.com/foaf/0.1/isPrimaryTopicOf","http://en.wikipedia.org/wiki/Biggie_Butale"
"http://xmlns.com/foaf/0.1/isPrimaryTopicOf","http://en.wikipedia.org/wiki/Bill_Lance"
"http://xmlns.com/foaf/0.1/isPrimaryTopicOf","http://en.wikipedia.org/wiki/Bill_Nation"
"http://xmlns.com/foaf/0.1/isPrimaryTopicOf","http://en.wikipedia.org/wiki/Bill_Weber_(New_York_politician)"
"http://xmlns.com/foaf/0.1/isPrimaryTopicOf","http://en.wikipedia.org/wiki/Billy_Mothle"
"http://xmlns.com/foaf/0.1/isPrimaryTopicOf","http://en.wikipedia.org/wiki/Blanca_Armario"
"http://xmlns.com/foaf/0.1/isPrimaryTopicOf","http://en.wikipedia.org/wiki/Bob_Albright"
"http://xmlns.com/foaf/0.1/isPrimaryTopicOf","http://en.wikipedia.org/wiki/Bob_Khamisa"
"http://xmlns.com/foaf/0.1/isPrimaryTopicOf","http://en.wikipedia.org/wiki/Bobby_A._Wheeler"
"http://xmlns.com/foaf/0.1/isPrimaryTopicOf","http://en.wikipedia.org/wiki/Bonita_Anthony"
"http://www.w3.org/2002/07/owl#sameAs","http://yago-knowledge.org/resource/Caroline_Nicholls"
"http://xmlns.com/foaf/0.1/name","Brenda Cárdenas Thomae"
"http://xmlns.com/foaf/0.1/name","Brett Garner"
"http://xmlns.com/foaf/0.1/name","Brian F. Downing"
"http://xmlns.com/foaf/0.1/name","Brian Platt"
"http://xmlns.com/foaf/0.1/name","Brian Rea"
"http://xmlns.com/foaf/0.1/name","Brian Seaworth"
"http://xmlns.com/foaf/0.1/name","Bright Vanya Moyo"
"http://xmlns.com/foaf/0.1/name","Brock Martin"
"http://xmlns.com/foaf/0.1/name","Lai Wai Chong"
"http://xmlns.com/foaf/0.1/name","Honest Buti Billy"
"http://xmlns.com/foaf/0.1/name","Byron Callies"
"http://xmlns.com/foaf/0.1/name","C. Gene Samberson"
"http://xmlns.com/foaf/0.1/name","C.Lalsawivunga"
"http://xmlns.com/foaf/0.1/name","C. Ngunlianchunga"
"http://xmlns.com/foaf/0.1/name","Justice C. Shivappa"
"http://xmlns.com/foaf/0.1/name","Candy Massaroni"
"http://xmlns.com/foaf/0.1/name","Carl Setorwu Modey"
"http://xmlns.com/foaf/0.1/name","Carlos Manuel de Villegas"
"http://xmlns.com/foaf/0.1/name","Carlos Subirana"
"http://xmlns.com/foaf/0.1/name","Carol Johnson-Dean"
"http://www.w3.org/2000/01/rdf-schema#label","Brenda Cárdenas Thomae"
"http://www.w3.org/2000/01/rdf-schema#label","Brian F. Downing"
"http://www.w3.org/2000/01/rdf-schema#label","Brian Platt"
"http://www.w3.org/2000/01/rdf-schema#label","Brian Rea"
"http://www.w3.org/2000/01/rdf-schema#label","Brian Seaworth"
"http://www.w3.org/2000/01/rdf-schema#label","Bright Vanya Moyo"
"http://www.w3.org/2000/01/rdf-schema#label","Brock Martin"
"http://www.w3.org/2000/01/rdf-schema#label","Brooklyn borough presidency of Eric Adams"
"http://www.w3.org/2000/01/rdf-schema#label","Bryan Lai Wai Chong"
"http://www.w3.org/2000/01/rdf-schema#label","Buti Billy"
"http://www.w3.org/2000/01/rdf-schema#label","Byron Callies"
"http://www.w3.org/2000/01/rdf-schema#label","C.S. Jha"
"http://www.w3.org/2000/01/rdf-schema#label","C. Gene Samberson"
"http://www.w3.org/2000/01/rdf-schema#label","C. Lalsawivunga"
"http://www.w3.org/2000/01/rdf-schema#label","C. Ngunlianchunga"
"http://www.w3.org/2000/01/rdf-schema#label","C. Shivappa"
"http://www.w3.org/2000/01/rdf-schema#label","Candy Massaroni"
"http://www.w3.org/2000/01/rdf-schema#label","Carl Setorwu Modey"
"http://www.w3.org/2000/01/rdf-schema#label","Carlos Manuel de Villegas"
"http://www.w3.org/2000/01/rdf-schema#label","Carlos Subirana Gianella"
"http://www.w3.org/2000/01/rdf-schema#label","Carol Johnson-Dean"
"http://www.w3.org/2000/01/rdf-schema#label","Carolina Delgado Ramírez"
"http://www.w3.org/2000/01/rdf-schema#label","Caroline Nicholls"
"http://dbpedia.org/ontology/deathDate",1944-07-30
"http://dbpedia.org/ontology/birthPlace","http://dbpedia.org/resource/Coahuila"
"http://dbpedia.org/ontology/birthPlace","http://dbpedia.org/resource/Monclova"
"http://dbpedia.org/ontology/birthPlace","http://dbpedia.org/resource/Livingston,_New_Jersey"
"http://dbpedia.org/ontology/birthPlace","http://dbpedia.org/resource/Tennessee"
"http://dbpedia.org/ontology/birthPlace","http://dbpedia.org/resource/New_Mexico"
"http://dbpedia.org/ontology/birthPlace","http://dbpedia.org/resource/Bolivia"
"http://dbpedia.org/ontology/birthPlace","http://dbpedia.org/resource/Santa_Cruz_de_la_Sierra"
"http://dbpedia.org/ontology/birthPlace","http://dbpedia.org/resource/Natal_(province)"
"http://dbpedia.org/property/birthPlace","Monclova, Coahuila, Mexico"
"http://dbpedia.org/property/birthPlace","Livingston, New Jersey, U.S."
"http://dbpedia.org/property/birthPlace","Tennessee, U.S."
"http://dbpedia.org/property/birthPlace","New Mexico, U.S."
"http://dbpedia.org/property/birthPlace","http://dbpedia.org/resource/Bolivia"
"http://dbpedia.org/property/birthPlace","Santa Cruz de la Sierra, Bolivia"
"http://dbpedia.org/property/birthPlace","http://dbpedia.org/resource/Natal_(province)"
"http://dbpedia.org/ontology/birthDate",1985-09-23
"http://dbpedia.org/ontology/birthDate",1984-10-04
"http://dbpedia.org/ontology/birthDate",1962-04-18
"http://dbpedia.org/ontology/birthDate",1960-09-22
"http://dbpedia.org/ontology/birthDate",1862-12-25
"http://dbpedia.org/ontology/birthDate",1986-08-18
"http://dbpedia.org/ontology/birthDate",1970-12-12
"http://dbpedia.org/ontology/birthDate",1956-11-28
"http://purl.org/dc/terms/subject","http://dbpedia.org/resource/Category:People_from_Nuevo_Laredo"
"http://purl.org/dc/terms/subject","http://dbpedia.org/resource/Category:1982_births"
"http://purl.org/dc/terms/subject","http://dbpedia.org/resource/Category:21st-century_Mexican_politicians"
"http://purl.org/dc/terms/subject","http://dbpedia.org/resource/Category:Politicians_from_Tamaulipas"
"http://purl.org/dc/terms/subject","http://dbpedia.org/resource/Category:21st-century_Mexican_lawyers"
"http://purl.org/dc/terms/subject","http://dbpedia.org/resource/Category:Mexican_human_rights_activists"
"http://purl.org/dc/terms/subject","http://dbpedia.org/resource/Category:National_Action_Party_(Mexico)_politicians"
"http://purl.org/dc/terms/subject","http://dbpedia.org/resource/Category:Mexican_women_human_rights_activists"
"http://purl.org/dc/terms/subject","http://dbpedia.org/resource/Category:21st-century_Mexican_women_politicians"
"http://purl.org/dc/terms/subject","http://dbpedia.org/resource/Category:American_city_managers"
"http://purl.org/dc/terms/subject","http://dbpedia.org/resource/Category:Columbia_University_alumni"
"http://purl.org/dc/terms/subject","http://dbpedia.org/resource/Category:1985_births"
"http://purl.org/dc/terms/subject","http://dbpedia.org/resource/Category:Emory_University_alumni"
"http://purl.org/dc/terms/subject","http://dbpedia.org/resource/Category:Mountain_Lakes_High_School_alumni"
"http://purl.org/dc/terms/subject","http://dbpedia.org/resource/Category:People_from_Kansas_City,_Missouri"
"http://purl.org/dc/terms/subject","http://dbpedia.org/resource/Category:People_from_Mountain_Lakes,_New_Jersey"
"http://purl.org/dc/terms/subject","http://dbpedia.org/resource/Category:Community_College_of_Rhode_Island_alumni"
"http://purl.org/dc/terms/subject","http://dbpedia.org/resource/Category:21st-century_members_of_the_Rhode_Island_General_Assembly"
"http://purl.org/dc/terms/subject","http://dbpedia.org/resource/Category:Republican_Party_members_of_the_Rhode_Island_House_of_Representatives"
"http://purl.org/dc/terms/subject","http://dbpedia.org/resource/Category:21st-century_members_of_the_New_Hampshire_General_Court"
"http://purl.org/dc/terms/subject","http://dbpedia.org/resource/Category:People_from_Matabeleland_North_Province"
"http://purl.org/dc/terms/subject","http://dbpedia.org/resource/Category:Members_of_the_National_Assembly_of_Zimbabwe"
"http://purl.org/dc/terms/subject","http://dbpedia.org/resource/Category:Citizens_Coalition_for_Change_politicians"
"http://purl.org/dc/terms/subject","http://dbpedia.org/resource/Category:Bethel_University_(Tennessee)_alumni"
"http://purl.org/dc/terms/subject","http://dbpedia.org/resource/Category:Logan_University_alumni"
"http://purl.org/dc/terms/subject","http://dbpedia.org/resource/Category:21st-century_members_of_the_Tennessee_General_Assembly"
"http://purl.org/dc/terms/subject","http://dbpedia.org/resource/Category:Republican_Party_members_of_the_Tennessee_House_of_Representatives"
"http://purl.org/dc/terms/subject","http://dbpedia.org/resource/Category:2014_beginnings"
"http://purl.org/dc/terms/subject","http://dbpedia.org/resource/Category:Eric_Adams"
"http://purl.org/dc/terms/subject","http://dbpedia.org/resource/Category:2021_endings"
"http://purl.org/dc/terms/subject","http://dbpedia.org/resource/Category:2010s_in_Brooklyn"
"http://purl.org/dc/terms/subject","http://dbpedia.org/resource/Category:2020s_in_Brooklyn"
"http://purl.org/dc/terms/subject","http://dbpedia.org/resource/Category:Tenures_in_American_political_offices_by_individual"
"http://purl.org/dc/terms/subject","http://dbpedia.org/resource/Category:Members_of_the_Selangor_State_Legislative_Assembly"
"http://purl.org/dc/terms/subject","http://dbpedia.org/resource/Category:Sabah_Heritage_Party_politicians"
"http://purl.org/dc/terms/subject","http://dbpedia.org/resource/Category:Former_Democratic_Action_Party_(Malaysia)_politicians"
"http://purl.org/dc/terms/subject","http://dbpedia.org/resource/Category:People_from_Watertown,_South_Dakota"
"http://purl.org/dc/terms/subject","http://dbpedia.org/resource/Category:Republican_Party_members_of_the_South_Dakota_House_of_Representatives"
"http://purl.org/dc/terms/subject","http://dbpedia.org/resource/Category:21st-century_members_of_the_South_Dakota_Legislature"
"http://purl.org/dc/terms/subject","http://dbpedia.org/resource/Category:Academic_staff_of_IIT_Delhi"
"http://purl.org/dc/terms/subject","http://dbpedia.org/resource/Category:Academic_staff_of_IIT_Kharagpur"
"http://purl.org/dc/terms/subject","http://dbpedia.org/resource/Category:1934_births"
"http://purl.org/dc/terms/subject","http://dbpedia.org/resource/Category:Academic_staff_of_Banaras_Hindu_University"
"http://purl.org/dc/terms/subject","http://dbpedia.org/resource/Category:Alumni_of_the_University_of_Bristol"
"http://purl.org/dc/terms/subject","http://dbpedia.org/resource/Category:Banaras_Hindu_University_people"
"http://purl.org/dc/terms/subject","http://dbpedia.org/resource/Category:Vice_Chancellors_of_Banaras_Hindu_University"
"http://purl.org/dc/terms/subject","http://dbpedia.org/resource/Category:Patna_University_alumni"
"http://purl.org/dc/terms/subject","http://dbpedia.org/resource/Category:Speakers_of_the_New_Mexico_House_of_Representatives"
"http://purl.org/dc/terms/subject","http://dbpedia.org/resource/Category:University_of_New_Mexico_alumni"
"http://purl.org/dc/terms/subject","http://dbpedia.org/resource/Category:Democratic_Party_members_of_the_New_Mexico_House_of_Representatives"
"http://purl.org/dc/terms/subject","http://dbpedia.org/resource/Category:20th-century_members_of_the_New_Mexico_Legislature"
"http://purl.org/dc/terms/subject","http://dbpedia.org/resource/Category:1962_births"
"http://purl.org/dc/terms/subject","http://dbpedia.org/resource/Category:Mizo_people"
"http://purl.org/dc/terms/subject","http://dbpedia.org/resource/Category:North-Eastern_Hill_University_alumni"
"http://purl.org/dc/terms/subject","http://dbpedia.org/resource/Category:People_from_Aizawl_district"
"http://purl.org/dc/terms/subject","http://dbpedia.org/resource/Category:Politicians_from_Mizoram"
"http://purl.org/dc/terms/subject","http://dbpedia.org/resource/Category:Mizoram_MLAs_2023–2028"
"http://purl.org/dc/terms/subject","http://dbpedia.org/resource/Category:Zoram_People's_Movement_politicians"
"http://purl.org/dc/terms/subject","http://dbpedia.org/resource/Category:1960_births"
"http://purl.org/dc/terms/subject","http://dbpedia.org/resource/Category:Indian_National_Congress_politicians_from_Mizoram"
"http://purl.org/dc/terms/subject","http://dbpedia.org/resource/Category:Mizoram_MLAs_2018–2023"
"http://purl.org/dc/terms/subject","http://dbpedia.org/resource/Category:Mizoram_MLAs_2013–2018"
"http://purl.org/dc/terms/subject","http://dbpedia.org/resource/Category:People_from__Lawngtlai_district"
"http://purl.org/dc/terms/subject","http://dbpedia.org/resource/Category:1938_births"
"http://purl.org/dc/terms/subject","http://dbpedia.org/resource/Category:Indian_judges"
"http://purl.org/dc/terms/subject","http://dbpedia.org/resource/Category:Christians_from_Kentucky"
"http://purl.org/dc/terms/subject","http://dbpedia.org/resource/Category:21st-century_Christians"
"http://purl.org/dc/terms/subject","http://dbpedia.org/resource/Category:Women_in_the_United_States_Air_Force"
"http://purl.org/dc/terms/subject","http://dbpedia.org/resource/Category:United_States_Air_Force_airmen"
"http://purl.org/dc/terms/subject","http://dbpedia.org/resource/Category:People_from_Bardstown,_Kentucky"
"http://purl.org/dc/terms/subject","http://dbpedia.org/resource/Category:Military_personnel_from_Kentucky"
"http://purl.org/dc/terms/subject","http://dbpedia.org/resource/Category:Ghanaian_military_leaders"
"http://purl.org/dc/terms/subject","http://dbpedia.org/resource/Category:Fort_Leavenworth"
"http://purl.org/dc/terms/subject","http://dbpedia.org/resource/Category:Ghanaian_military_personnel"
"http://purl.org/dc/terms/subject","http://dbpedia.org/resource/Category:University_of_Ibadan_alumni"
"http://purl.org/dc/terms/subject","http://dbpedia.org/resource/Category:High_commissioners_of_Ghana_to_Sierra_Leone"
"http://purl.org/dc/terms/subject","http://dbpedia.org/resource/Category:1862_births"
"http://purl.org/dc/terms/subject","http://dbpedia.org/resource/Category:1944_deaths"
"http://purl.org/dc/terms/subject","http://dbpedia.org/resource/Category:Bolivian_military_personnel_of_the_War_of_the_Pacific"
"http://purl.org/dc/terms/subject","http://dbpedia.org/resource/Category:Plan_Progress_for_Bolivia_–_National_Convergence_politicians"
"http://purl.org/dc/terms/subject","http://dbpedia.org/resource/Category:People_from_Santa_Cruz_de_la_Sierra"
"http://purl.org/dc/terms/subject","http://dbpedia.org/resource/Category:1986_births"
"http://purl.org/dc/terms/subject","http://dbpedia.org/resource/Category:Bolivian_Roman_Catholics"
"http://purl.org/dc/terms/subject","http://dbpedia.org/resource/Category:Bolivian_editors"
"http://purl.org/dc/terms/subject","http://dbpedia.org/resource/Category:Members_of_the_Bolivian_Chamber_of_Deputies_from_Santa_Cruz"
"http://purl.org/dc/terms/subject","http://dbpedia.org/resource/Category:Revolutionary_Nationalist_Movement_politicians"
"http://purl.org/dc/terms/subject","http://dbpedia.org/resource/Category:Bolivian_radio_presenters"
"http://purl.org/dc/terms/subject","http://dbpedia.org/resource/Category:21st-century_Bolivian_politicians"
"http://purl.org/dc/terms/subject","http://dbpedia.org/resource/Category:21st-century_Bolivian_lawyers"
"http://purl.org/dc/terms/subject","http://dbpedia.org/resource/Category:People_from_Brownsville,_Tennessee"
"http://purl.org/dc/terms/subject","http://dbpedia.org/resource/Category:School_superintendents_in_Tennessee"
"http://purl.org/dc/terms/subject","http://dbpedia.org/resource/Category:Boston_Public_Schools_superintendents"
"http://purl.org/dc/terms/subject","http://dbpedia.org/resource/Category:1970_births"
"http://purl.org/dc/terms/subject","http://dbpedia.org/resource/Category:Members_of_the_Legislative_Assembly_of_Costa_Rica"
"http://purl.org/dc/terms/subject","http://dbpedia.org/resource/Category:Costa_Rican_architects"
"http://purl.org/dc/terms/subject","http://dbpedia.org/resource/Category:National_Liberation_Party_(Costa_Rica)_politicians"
"http://purl.org/dc/terms/subject","http://dbpedia.org/resource/Category:21st-century_Costa_Rican_politicians"
"http://purl.org/dc/terms/subject","http://dbpedia.org/resource/Category:21st-century_Costa_Rican_women_politicians"
"http://purl.org/dc/terms/subject","http://dbpedia.org/resource/Category:Human_rights_lawyers"
"http://purl.org/dc/terms/subject","http://dbpedia.org/resource/Category:People_from_KwaZulu-Natal"
"http://dbpedia.org/ontology/description","মেক্সিকীয় রাজনীতিবিদ"
"http://dbpedia.org/ontology/description","Mehhiko poliitik"
"http://dbpedia.org/ontology/description","polaiteoir Meicsiceach"
"http://dbpedia.org/ontology/description","femme politique mexicaine"
"http://dbpedia.org/ontology/description","politiciană mexicană"
"http://dbpedia.org/ontology/description","politikane meksikane"
"http://dbpedia.org/ontology/description","política mexicana"
"http://dbpedia.org/ontology/description","política mexicana"
"http://dbpedia.org/ontology/description","política mexicana"
"http://dbpedia.org/ontology/description","פוליטיקאית מקסיקנית"
"http://dbpedia.org/ontology/description","سياسية مكسيكية"
"http://dbpedia.org/ontology/description","Mexican politician"
"http://dbpedia.org/ontology/description","墨西哥政治人物"
"http://dbpedia.org/ontology/description","US city manager"
"http://dbpedia.org/ontology/description","politician zimbabwian"
"http://dbpedia.org/ontology/description","פוליטיקאי זימבבואי"
"http://dbpedia.org/ontology/description","polític zimbabuès"
"http://dbpedia.org/ontology/description","político zimbabuense"
"http://dbpedia.org/ontology/description","homme politique zimbabwéen"
"http://dbpedia.org/ontology/description","জিম্বাবুয়ীয় রাজনীতিবিদ"
"http://dbpedia.org/ontology/description","Zimbabwe poliitik"
"http://dbpedia.org/ontology/description","Zimbabwean politician"
"http://dbpedia.org/ontology/description","politikan zimbabvian"
"http://dbpedia.org/ontology/description","político cimbabuense"
"http://dbpedia.org/ontology/description","зімбабвійський політик"
"http://dbpedia.org/ontology/description","سياسي زيمبابوي"
"http://dbpedia.org/ontology/description","borough president of Brooklyn"
"http://dbpedia.org/ontology/description","மலேசிய அரசியல்வாதி"
"http://dbpedia.org/ontology/description","馬來西亞政治人物"
"http://dbpedia.org/ontology/description","Indian politician (born 1960)"
"http://dbpedia.org/ontology/description","Indian jurist (born 1938)"
"http://dbpedia.org/ontology/description","member of the Kentucky House of Representatives"
"http://dbpedia.org/ontology/description","Ghanaian diplomat"
"http://dbpedia.org/ontology/description","Bolivian politician (born 1986)"
"http://dbpedia.org/ontology/description","polaiteoir Bolavach (rugadh 1986)"
"http://dbpedia.org/ontology/description","Costa Rica poliitik"
"http://dbpedia.org/ontology/description","Costa Rican politician"
"http://dbpedia.org/ontology/description","কোস্টা রিকান রাজনীতিবিদ"
"http://dbpedia.org/ontology/description","femme politique costaricaine"
"http://dbpedia.org/ontology/description","politiciană costaricană"
"http://dbpedia.org/ontology/description","politikane kostarikane"
"http://dbpedia.org/ontology/description","política costarriqueña"
"http://dbpedia.org/ontology/description","פוליטיקאית קוסטה ריקנית"
"http://dbpedia.org/ontology/description","política costa-riquenya"
"http://dbpedia.org/ontology/description","política costarricense"
"http://dbpedia.org/ontology/description","سياسية كوستاريكية"
"http://dbpedia.org/ontology/description","South African judge of the Supreme Court of Appeal"
"http://xmlns.com/foaf/0.1/homepage","https://www.congresotamaulipas.gob.mx/AsambleaLegislativa/IntegrantesPleno/Legislador.asp%3FIdDiputado=976"
"http://xmlns.com/foaf/0.1/homepage","http://bo.linkedin.com"
"http://xmlns.com/foaf/0.1/homepage","https://carlossubirana.blogspot.com%7COfficial"
"http://dbpedia.org/property/name","Brad Sherman"
"http://dbpedia.org/property/name","Brenda Cárdenas Thomae"
"http://dbpedia.org/property/name","Brian F. Downing"
"http://dbpedia.org/property/name","Brian Platt"
"http://dbpedia.org/property/name","Brian Rea"
"http://dbpedia.org/property/name","Brian Seaworth"
"http://dbpedia.org/property/name","Bright Vanya Moyo"
"http://dbpedia.org/property/name","Brock Martin"
"http://dbpedia.org/property/name","Borough Presidency of Eric Adams"
"http://dbpedia.org/property/name","Lai Wai Chong"
"http://dbpedia.org/property/name","Honest Buti Billy"
"http://dbpedia.org/property/name","Byron Callies"
"http://dbpedia.org/property/name","C. Gene Samberson"
"http://dbpedia.org/property/name","C.Lalsawivunga"
"http://dbpedia.org/property/name","C. Ngunlianchunga"
"http://dbpedia.org/property/name","Justice C. Shivappa"
"http://dbpedia.org/property/name","Candy Massaroni"
"http://dbpedia.org/property/name","Carl Setorwu Modey"
"http://dbpedia.org/property/name","Carlos Manuel de Villegas"
"http://dbpedia.org/property/name","Carlos Subirana"
"http://dbpedia.org/property/name","Carol Johnson-Dean"
"http://xmlns.com/foaf/0.1/depiction","http://commons.wikimedia.org/wiki/Special:FilePath/Brad_Sherman_(Iowa_politician).jpg"
"http://xmlns.com/foaf/0.1/depiction","http://commons.wikimedia.org/wiki/Special:FilePath/Morena_logo_(Mexico).svg"
"http://xmlns.com/foaf/0.1/depiction","http://commons.wikimedia.org/wiki/Special:FilePath/PRD_logo_(Mexico).svg"
"http://xmlns.com/foaf/0.1/depiction","http://commons.wikimedia.org/wiki/Special:FilePath/Worker's_Party_logo_(Mexico).svg"
"http://xmlns.com/foaf/0.1/depiction","http://commons.wikimedia.org/wiki/Special:FilePath/Logo_Partido_Movimiento_Ciudadano_(México).svg"
"http://xmlns.com/foaf/0.1/depiction","http://commons.wikimedia.org/wiki/Special:FilePath/Logo_Partido_Verde_(México).svg"
"http://xmlns.com/foaf/0.1/depiction","http://commons.wikimedia.org/wiki/Special:FilePath/PRI_logo_(Mexico).svg"
"http://xmlns.com/foaf/0.1/depiction","http://commons.wikimedia.org/wiki/Special:FilePath/Partido_Encuentro_Social_(México).svg"
"http://xmlns.com/foaf/0.1/depiction","http://commons.wikimedia.org/wiki/Special:FilePath/Partido_Nueva_Alianza_(México).svg"
"http://xmlns.com/foaf/0.1/depiction","http://commons.wikimedia.org/wiki/Special:FilePath/PAN_(Mexico).svg"
"http://xmlns.com/foaf/0.1/depiction","http://commons.wikimedia.org/wiki/Special:FilePath/Brenda_Cardenas_Thomae.jpg"
"http://xmlns.com/foaf/0.1/depiction","http://commons.wikimedia.org/wiki/Special:FilePath/Adams_and_Yeger.png"
"http://xmlns.com/foaf/0.1/depiction","http://commons.wikimedia.org/wiki/Special:FilePath/Eric_adams_(cropped).png"
"http://xmlns.com/foaf/0.1/depiction","http://commons.wikimedia.org/wiki/Special:FilePath/Eastern_Pkwy-Brooklyn_Now_ADA_Accessible_Museum_(50733651276).jpg"
"http://xmlns.com/foaf/0.1/depiction","http://commons.wikimedia.org/wiki/Special:FilePath/Borough_President_Adams_(3x4).jpg"
"http://xmlns.com/foaf/0.1/depiction","http://commons.wikimedia.org/wiki/Special:FilePath/Justice_C._Shivappa.jpg"
"http://xmlns.com/foaf/0.1/depiction","http://commons.wikimedia.org/wiki/Special:FilePath/Rep._Candy_Massaroni.jpg"
"http://xmlns.com/foaf/0.1/depiction","http://commons.wikimedia.org/wiki/Special:FilePath/General_Carlos_M._de_Villegas-cropped.jpg"
"http://xmlns.com/foaf/0.1/depiction","http://commons.wikimedia.org/wiki/Special:FilePath/Carlos_Eduardo_Subirana_Gianella._Official_portrait,_2014._Chamber_of_Deputies_of_Bolivia._Original.png"
"http://xmlns.com/foaf/0.1/depiction","http://commons.wikimedia.org/wiki/Special:FilePath/Carolina_Delgado_Ramírez.png"
"http://dbpedia.org/property/almaMater","http://dbpedia.org/resource/University_of_Monterrey"
"http://dbpedia.org/property/almaMater","Autonomous University of Tamaulipas"
"http://dbpedia.org/property/almaMater","http://dbpedia.org/resource/Patna_University"
"http://dbpedia.org/property/almaMater","Bristol University"
"http://dbpedia.org/property/almaMater","http://dbpedia.org/resource/University_of_New_Mexico"
"http://dbpedia.org/property/almaMater","http://dbpedia.org/resource/North-Eastern_Hill_University"
"http://dbpedia.org/property/almaMater","http://dbpedia.org/resource/University_of_Ibadan"
"http://dbpedia.org/property/almaMater","http://dbpedia.org/resource/Private_University_of_Santa_Cruz_de_la_Sierra"
"http://dbpedia.org/property/almaMater","http://dbpedia.org/resource/University_of_Cape_Town"
"http://dbpedia.org/property/father","C. Lalsailova"
"http://dbpedia.org/property/nominator","Ramaswamy Venkataraman"
"http://dbpedia.org/ontology/almaMater","http://dbpedia.org/resource/Autonomous_University_of_Tamaulipas"
"http://dbpedia.org/ontology/almaMater","http://dbpedia.org/resource/University_of_Monterrey"
"http://dbpedia.org/ontology/almaMater","http://dbpedia.org/resource/University_of_Bristol"
"http://dbpedia.org/ontology/almaMater","http://dbpedia.org/resource/Patna_University"
"http://dbpedia.org/ontology/almaMater","http://dbpedia.org/resource/University_of_New_Mexico"
"http://dbpedia.org/ontology/almaMater","http://dbpedia.org/resource/North-Eastern_Hill_University"
"http://dbpedia.org/ontology/almaMater","http://dbpedia.org/resource/University_of_Ibadan"
"http://dbpedia.org/ontology/almaMater","http://dbpedia.org/resource/Private_University_of_Santa_Cruz_de_la_Sierra"
"http://dbpedia.org/ontology/birthName","Carlos Eduardo Subirana Gianella"
"http://dbpedia.org/ontology/birthName","Carolina Delgado Ramírez"
"http://dbpedia.org/ontology/education","http://dbpedia.org/resource/Columbia_University"
"http://dbpedia.org/ontology/education","http://dbpedia.org/resource/Emory_University"
"http://dbpedia.org/ontology/education","http://dbpedia.org/resource/Logan_University"
"http://dbpedia.org/ontology/education","http://dbpedia.org/resource/Bethel_University_(Tennessee)"
"http://dbpedia.org/ontology/education","http://dbpedia.org/resource/University_of_Minnesota"
"http://dbpedia.org/ontology/education","http://dbpedia.org/resource/Fisk_University"
"http://dbpedia.org/ontology/education","http://dbpedia.org/resource/Bachelor_of_Architecture"
"http://dbpedia.org/ontology/education","http://dbpedia.org/resource/St._Anne's_Diocesan_College"
"http://dbpedia.org/ontology/militaryService","http://dbpedia.org/resource/Carlos_Manuel_de_Villegas__MilitaryService__1"
"http://dbpedia.org/ontology/nationality","http://dbpedia.org/resource/United_States"
"http://dbpedia.org/ontology/occupation","http://dbpedia.org/resource/Officer_(armed_forces)"
"http://dbpedia.org/ontology/party","http://dbpedia.org/resource/National_Action_Party_(Mexico)"
"http://dbpedia.org/ontology/party","http://dbpedia.org/resource/Citizens_Coalition_for_Change"
"http://dbpedia.org/ontology/party","http://dbpedia.org/resource/Democratic_Action_Party"
"http://dbpedia.org/ontology/party","http://dbpedia.org/resource/Heritage_Party_(Malaysia)"
"http://dbpedia.org/ontology/party","http://dbpedia.org/resource/Zoram_People's_Movement"
"http://dbpedia.org/ontology/party","http://dbpedia.org/resource/Liberal_Party_(Bolivia)"
"http://dbpedia.org/ontology/party","http://dbpedia.org/resource/Revolutionary_Nationalist_Movement"
"http://dbpedia.org/ontology/party","http://dbpedia.org/resource/National_Liberation_Party_(Costa_Rica)"
"http://dbpedia.org/ontology/profession","http://dbpedia.org/resource/Architect"
"http://dbpedia.org/ontology/relation","http://dbpedia.org/resource/David_Terrazas_Villegas"
"http://dbpedia.org/ontology/residence","http://dbpedia.org/resource/Watertown,_South_Dakota"
"http://dbpedia.org/ontology/residence","http://dbpedia.org/resource/Bardstown,_Kentucky"
"http://dbpedia.org/ontology/spouse","http://dbpedia.org/resource/Gcina_Malindi"
"http://dbpedia.org/ontology/termPeriod","http://dbpedia.org/resource/Brad_Sherman_(Iowa_politician)__Tenure__1"
"http://dbpedia.org/ontology/termPeriod","http://dbpedia.org/resource/Brenda_Cárdenas_Thomae__Tenure__1"
"http://dbpedia.org/ontology/termPeriod","http://dbpedia.org/resource/Brenda_Cárdenas_Thomae__Tenure__2"
"http://dbpedia.org/ontology/termPeriod","http://dbpedia.org/resource/Brett_Garner__Brett_Garner__1__Tenure__1"
"http://dbpedia.org/ontology/termPeriod","http://dbpedia.org/resource/Brian_F._Downing__Tenure__1"
"http://dbpedia.org/ontology/termPeriod","http://dbpedia.org/resource/Brian_Platt__Tenure__1"
"http://dbpedia.org/ontology/termPeriod","http://dbpedia.org/resource/Brian_Rea__Tenure__1"
"http://dbpedia.org/ontology/termPeriod","http://dbpedia.org/resource/Brian_Seaworth__Tenure__1"
"http://dbpedia.org/ontology/termPeriod","http://dbpedia.org/resource/Brian_Seaworth__Tenure__2"
"http://dbpedia.org/ontology/termPeriod","http://dbpedia.org/resource/Brian_Seaworth__Tenure__3"
"http://dbpedia.org/ontology/termPeriod","http://dbpedia.org/resource/Bright_Vanya_Moyo__Tenure__1"
"http://dbpedia.org/ontology/termPeriod","http://dbpedia.org/resource/Brock_Martin__Tenure__1"
"http://dbpedia.org/ontology/termPeriod","http://dbpedia.org/resource/Bryan_Lai_Wai_Chong__Tenure__1"
"http://dbpedia.org/ontology/termPeriod","http://dbpedia.org/resource/Buti_Billy__Tenure__1"
"http://dbpedia.org/ontology/termPeriod","http://dbpedia.org/resource/Buti_Billy__Tenure__2"
"http://dbpedia.org/ontology/termPeriod","http://dbpedia.org/resource/Byron_Callies__Tenure__1"
"http://dbpedia.org/ontology/termPeriod","http://dbpedia.org/resource/C.S._Jha__Tenure__1"
"http://dbpedia.org/ontology/termPeriod","http://dbpedia.org/resource/C._Gene_Samberson__Tenure__1"
"http://dbpedia.org/ontology/termPeriod","http://dbpedia.org/resource/C._Gene_Samberson__Tenure__2"
"http://dbpedia.org/ontology/termPeriod","http://dbpedia.org/resource/C._Gene_Samberson__Tenure__3"
"http://dbpedia.org/ontology/termPeriod","http://dbpedia.org/resource/C._Lalsawivunga__Tenure__1"
"http://dbpedia.org/ontology/termPeriod","http://dbpedia.org/resource/C._Lalsawivunga__Tenure__2"
"http://dbpedia.org/ontology/termPeriod","http://dbpedia.org/resource/C._Lalsawivunga__Tenure__3"
"http://dbpedia.org/ontology/termPeriod","http://dbpedia.org/resource/C._Lalsawivunga__Tenure__4"
"http://dbpedia.org/ontology/termPeriod","http://dbpedia.org/resource/C._Lalsawivunga__Tenure__5"
"http://dbpedia.org/ontology/termPeriod","http://dbpedia.org/resource/C._Ngunlianchunga__Tenure__1"
"http://dbpedia.org/ontology/termPeriod","http://dbpedia.org/resource/C._Shivappa__Tenure__1"
"http://dbpedia.org/ontology/termPeriod","http://dbpedia.org/resource/C._Shivappa__Tenure__2"
"http://dbpedia.org/ontology/termPeriod","http://dbpedia.org/resource/C._Shivappa__Tenure__3"
"http://dbpedia.org/ontology/termPeriod","http://dbpedia.org/resource/Candy_Massaroni__Tenure__1"
"http://dbpedia.org/ontology/termPeriod","http://dbpedia.org/resource/Carl_Setorwu_Modey__Tenure__2"
"http://dbpedia.org/ontology/termPeriod","http://dbpedia.org/resource/Carlos_Subirana_Gianella__Tenure__1"
"http://dbpedia.org/ontology/termPeriod","http://dbpedia.org/resource/Carol_Johnson-Dean__Tenure__1"
"http://dbpedia.org/ontology/termPeriod","http://dbpedia.org/resource/Carolina_Delgado_Ramírez__Tenure__1"
"http://dbpedia.org/ontology/termPeriod","http://dbpedia.org/resource/Caroline_Nicholls__Tenure__1"
"http://dbpedia.org/ontology/termPeriod","http://dbpedia.org/resource/Caroline_Nicholls__Tenure__2"
"http://dbpedia.org/ontology/thumbnail","http://commons.wikimedia.org/wiki/Special:FilePath/Brad_Sherman_(Iowa_politician).jpg?width=300"
"http://dbpedia.org/ontology/thumbnail","http://commons.wikimedia.org/wiki/Special:FilePath/Brenda_Cardenas_Thomae.jpg?width=300"
"http://dbpedia.org/ontology/thumbnail","http://commons.wikimedia.org/wiki/Special:FilePath/Borough_President_Adams_(3x4).jpg?width=300"
"http://dbpedia.org/ontology/thumbnail","http://commons.wikimedia.org/wiki/Special:FilePath/Justice_C._Shivappa.jpg?width=300"
"http://dbpedia.org/ontology/thumbnail","http://commons.wikimedia.org/wiki/Special:FilePath/Rep._Candy_Massaroni.jpg?width=300"
"http://dbpedia.org/ontology/thumbnail","http://commons.wikimedia.org/wiki/Special:FilePath/General_Carlos_M._de_Villegas-cropped.jpg?width=300"
"http://dbpedia.org/ontology/thumbnail","http://commons.wikimedia.org/wiki/Special:FilePath/Carlos_Eduardo_Subirana_Gianella._Official_portrait,_2014._Chamber_of_Deputies_of_Bolivia._Original.png?width=300"
"http://dbpedia.org/ontology/thumbnail","http://commons.wikimedia.org/wiki/Special:FilePath/Carolina_Delgado_Ramírez.png?width=300"
"http://dbpedia.org/property/alongside","http://dbpedia.org/resource/Hugh_Bartels"
"http://dbpedia.org/ontology/committee","Education"
"http://dbpedia.org/ontology/committee","Tourism & Outdoor Recreation"
"http://dbpedia.org/ontology/committee","Veterans, Military Affairs, & Public Protection"
"http://dbpedia.org/property/wikiPageUsesTemplate","http://dbpedia.org/resource/Template:Iowa-politician-stub"
"http://dbpedia.org/property/wikiPageUsesTemplate","http://dbpedia.org/resource/Template:Sister_project_links"
"http://dbpedia.org/property/wikiPageUsesTemplate","http://dbpedia.org/resource/Template:Convert"
"http://dbpedia.org/property/wikiPageUsesTemplate","http://dbpedia.org/resource/Template:RhodeIsland-politician-stub"
"http://dbpedia.org/property/wikiPageUsesTemplate","http://dbpedia.org/resource/Template:BLP_one_source"
"http://dbpedia.org/property/wikiPageUsesTemplate","http://dbpedia.org/resource/Template:New_Hampshire_House_of_Representatives"
"http://dbpedia.org/property/wikiPageUsesTemplate","http://dbpedia.org/resource/Template:Zimbabwe-politician-stub"
"http://dbpedia.org/property/wikiPageUsesTemplate","http://dbpedia.org/resource/Template:Tennessee-politician-stub"
"http://dbpedia.org/property/wikiPageUsesTemplate","http://dbpedia.org/resource/Template:Infobox_administration"
"http://dbpedia.org/property/wikiPageUsesTemplate","http://dbpedia.org/resource/Template:Eric_Adams_series"
"http://dbpedia.org/property/wikiPageUsesTemplate","http://dbpedia.org/resource/Template:Infobox_person"
"http://dbpedia.org/property/wikiPageUsesTemplate","http://dbpedia.org/resource/Template:Zh"
"http://dbpedia.org/property/wikiPageUsesTemplate","http://dbpedia.org/resource/Template:Malaysia-politician-stub"
"http://dbpedia.org/property/wikiPageUsesTemplate","http://dbpedia.org/resource/Template:South_Dakota_House_of_Representatives"
"http://dbpedia.org/property/wikiPageUsesTemplate","http://dbpedia.org/resource/Template:Aye"
"http://dbpedia.org/property/wikiPageUsesTemplate","http://dbpedia.org/resource/Template:Party_stripe"
"http://dbpedia.org/property/wikiPageUsesTemplate","http://dbpedia.org/resource/Template:EngvarB"
"http://dbpedia.org/property/wikiPageUsesTemplate","http://dbpedia.org/resource/Template:NewMexico-politician-stub"
"http://dbpedia.org/property/wikiPageUsesTemplate","http://dbpedia.org/resource/Template:Mizo_name"
"http://dbpedia.org/property/wikiPageUsesTemplate","http://dbpedia.org/resource/Template:Council_of_Ministers_of_Mizoram"
"http://dbpedia.org/property/wikiPageUsesTemplate","http://dbpedia.org/resource/Template:Mizoram-politician-stub"
"http://dbpedia.org/property/wikiPageUsesTemplate","http://dbpedia.org/resource/Template:Lead_too_long"
"http://dbpedia.org/property/wikiPageUsesTemplate","http://dbpedia.org/resource/Template:Multiple_issues"
"http://dbpedia.org/property/wikiPageUsesTemplate","http://dbpedia.org/resource/Template:Infobox_judge"
"http://dbpedia.org/property/wikiPageUsesTemplate","http://dbpedia.org/resource/Template:Good_article"
"http://dbpedia.org/property/wikiPageUsesTemplate","http://dbpedia.org/resource/Template:'"
"http://dbpedia.org/property/wikiPageUsesTemplate","http://dbpedia.org/resource/Template:Abbr"
"http://dbpedia.org/property/wikiPageUsesTemplate","http://dbpedia.org/resource/Template:Br_list"
"http://dbpedia.org/property/wikiPageUsesTemplate","http://dbpedia.org/resource/Template:Cite_news"
"http://dbpedia.org/property/wikiPageUsesTemplate","http://dbpedia.org/resource/Template:Cite_web"
"http://dbpedia.org/property/wikiPageUsesTemplate","http://dbpedia.org/resource/Template:Efn-lg"
"http://dbpedia.org/property/wikiPageUsesTemplate","http://dbpedia.org/resource/Template:Further"
"http://dbpedia.org/property/wikiPageUsesTemplate","http://dbpedia.org/resource/Template:Harvid"
"http://dbpedia.org/property/wikiPageUsesTemplate","http://dbpedia.org/resource/Template:Ill"
"http://dbpedia.org/property/wikiPageUsesTemplate","http://dbpedia.org/resource/Template:Inlang"
"http://dbpedia.org/property/wikiPageUsesTemplate","http://dbpedia.org/resource/Template:Navboxes"
"http://dbpedia.org/property/wikiPageUsesTemplate","http://dbpedia.org/resource/Template:Notelist-lg"
"http://dbpedia.org/property/wikiPageUsesTemplate","http://dbpedia.org/resource/Template:Portal_bar"
"http://dbpedia.org/property/wikiPageUsesTemplate","http://dbpedia.org/resource/Template:Quote_box"
"http://dbpedia.org/property/wikiPageUsesTemplate","http://dbpedia.org/resource/Template:S-break"
"http://dbpedia.org/property/wikiPageUsesTemplate","http://dbpedia.org/resource/Template:S-hon"
"http://dbpedia.org/property/wikiPageUsesTemplate","http://dbpedia.org/resource/Template:S-media"
"http://dbpedia.org/property/wikiPageUsesTemplate","http://dbpedia.org/resource/Template:Sfnm"
"http://dbpedia.org/property/wikiPageUsesTemplate","http://dbpedia.org/resource/Template:Snd"
"http://dbpedia.org/property/wikiPageUsesTemplate","http://dbpedia.org/resource/Template:TOC_limit"
"http://dbpedia.org/property/wikiPageUsesTemplate","http://dbpedia.org/resource/Template:Use_American_English"
"http://dbpedia.org/property/wikiPageUsesTemplate","http://dbpedia.org/resource/Template:Yes2"
"http://dbpedia.org/property/wikiPageUsesTemplate","http://dbpedia.org/resource/Template:BolALPRep/SCZ/1"
"http://dbpedia.org/property/wikiPageUsesTemplate","http://dbpedia.org/resource/Template:CostaRica-politician-stub"
"http://dbpedia.org/property/alt","Lalsawivunga"
"http://dbpedia.org/property/alt","Headshot of Carlos Subirana"
"http://dbpedia.org/property/assembly","Selangor State Legislative"
"http://dbpedia.org/property/battles","*War of the Pacific
* Bolivian Civil War"
"http://dbpedia.org/property/birthDate",1985-09-23
"http://dbpedia.org/property/birthDate",1984-10-04
"http://dbpedia.org/property/birthDate",1962-04-18
"http://dbpedia.org/property/birthDate",1960-09-22
"http://dbpedia.org/property/birthDate",1862-12-25
"http://dbpedia.org/property/birthDate",1986-08-18
"http://dbpedia.org/property/birthDate",1970-12-12
"http://dbpedia.org/property/birthDate",1956-11-28
"http://dbpedia.org/property/constituency","http://dbpedia.org/resource/Aizawl_South_1_Assembly_constituency"
"http://dbpedia.org/property/constituency","http://dbpedia.org/resource/Lawngtlai_West_Assembly_constituency"
"http://dbpedia.org/property/constituency","http://dbpedia.org/resource/Santa_Cruz_de_la_Sierra"
"http://dbpedia.org/property/deathDate",1944-07-30
"http://dbpedia.org/property/education","* Emory University 
* Columbia University"
"http://dbpedia.org/property/education","http://dbpedia.org/resource/Logan_University"
"http://dbpedia.org/property/education","http://dbpedia.org/resource/Bethel_University_(Tennessee)"
"http://dbpedia.org/property/education","Logan College of Chiropractic"
"http://dbpedia.org/property/education","BA"
"http://dbpedia.org/property/education","http://dbpedia.org/resource/University_of_Minnesota"
"http://dbpedia.org/property/education","http://dbpedia.org/resource/Fisk_University"
"http://dbpedia.org/property/education","http://dbpedia.org/resource/Bachelor_of_Architecture"
"http://dbpedia.org/property/education","http://dbpedia.org/resource/St._Anne's_Diocesan_College"
"http://dbpedia.org/property/governor","http://dbpedia.org/resource/V._K._Singh"
"http://dbpedia.org/property/governor","http://dbpedia.org/resource/Kambhampati_Hari_Babu"
"http://dbpedia.org/property/n","no"
"http://dbpedia.org/property/occupation","Military officer"
"http://dbpedia.org/property/occupation","politician"
"http://dbpedia.org/property/office","from the 2nd district"
"http://dbpedia.org/property/office","Member of the Congress of Tamaulipas"
"http://dbpedia.org/property/office","Director of Migration Institute of Tamaulipas"
"http://dbpedia.org/property/office","Member of the New Hampshire House of Representatives from the Rockingham 5th district"
"http://dbpedia.org/property/office","City Manager of Kansas City, Missouri"
"http://dbpedia.org/property/office","Member of the National Assembly of Zimbabwe for Lupane East"
"http://dbpedia.org/property/office","Member of Parliament for Francistown East"
"http://dbpedia.org/property/office","Deputy Minister of Youth, Gender, Sport and Culture of Botswana"
"http://dbpedia.org/property/office","Vice-Chancellor of Banaras Hindu University"
"http://dbpedia.org/property/office","Member of the New Mexico House of Representatives"
"http://dbpedia.org/property/office","Speaker of the New Mexico House of Representatives"
"http://dbpedia.org/property/office","http://dbpedia.org/resource/Lalduhoma_ministry"
"http://dbpedia.org/property/office","http://dbpedia.org/resource/Mizoram_Legislative_Assembly"
"http://dbpedia.org/property/office","http://dbpedia.org/resource/Lalduhoma__ministry"
"http://dbpedia.org/property/office","Member of Mizoram Legislative Assembly"
"http://dbpedia.org/property/office","Advocate General of Karnataka"
"http://dbpedia.org/property/office","Judge of the Madras High Court"
"http://dbpedia.org/property/office","Judge of the Karnataka High Court"
"http://dbpedia.org/property/office","High Commissioner of Ghana to Sierra Leone"
"http://dbpedia.org/property/office","President of LeMoyne–Owen College"
"http://dbpedia.org/property/office","Deputy of the Legislative Assembly of Costa Rica"
"http://dbpedia.org/property/order",18
"http://dbpedia.org/property/otherparty","http://dbpedia.org/resource/Pakatan_Rakyat"
"http://dbpedia.org/property/party","http://dbpedia.org/resource/National_Action_Party_(Mexico)"
"http://dbpedia.org/property/party","http://dbpedia.org/resource/Citizens_Coalition_for_Change"
"http://dbpedia.org/property/party","http://dbpedia.org/resource/New_York_State_Democratic_Party"
"http://dbpedia.org/property/party","http://dbpedia.org/resource/Democratic_Action_Party"
"http://dbpedia.org/property/party","Heritage Party"
"http://dbpedia.org/property/party","Zoram People's Movement"
"http://dbpedia.org/property/party","http://dbpedia.org/resource/Liberal_Party_(Bolivia)"
"http://dbpedia.org/property/party","http://dbpedia.org/resource/Revolutionary_Nationalist_Movement"
"http://dbpedia.org/property/party","http://dbpedia.org/resource/National_Liberation_Party_(Costa_Rica)"
"http://dbpedia.org/property/predecessor","http://dbpedia.org/resource/Mark_Cisneros"
"http://dbpedia.org/property/predecessor","Jose Martin Carmona Flores"
"http://dbpedia.org/property/predecessor","Laura Teresa Zarate Quezada"
"http://dbpedia.org/property/predecessor","Earnest Rouse"
"http://dbpedia.org/property/predecessor","http://dbpedia.org/resource/Bernard_Hawkins"
"http://dbpedia.org/property/predecessor","New constituency"
"http://dbpedia.org/property/predecessor","http://dbpedia.org/resource/Curtis_Halford"
"http://dbpedia.org/property/predecessor","http://dbpedia.org/resource/Tiew_Way_Keng"
"http://dbpedia.org/property/predecessor","http://dbpedia.org/resource/Nancy_York"
"http://dbpedia.org/property/predecessor","http://dbpedia.org/resource/R._P._Rastogi"
"http://dbpedia.org/property/predecessor","http://dbpedia.org/resource/Lalrinawma"
"http://dbpedia.org/property/predecessor","http://dbpedia.org/resource/R._Lalzirliana"
"http://dbpedia.org/property/predecessor","http://dbpedia.org/resource/Zoramthanga"
"http://dbpedia.org/property/predecessor","R. Vanlalvena"
"http://dbpedia.org/property/predecessor","C. Ramlunha"
"http://dbpedia.org/property/predecessor","http://dbpedia.org/resource/Chad_McCoy"
"http://dbpedia.org/property/predecessor","http://dbpedia.org/resource/Katia_Romero"
"http://dbpedia.org/property/predecessor","http://dbpedia.org/resource/Andrea_Lewis_Miller"
"http://dbpedia.org/property/president","http://dbpedia.org/resource/Eric_Adams"
"http://dbpedia.org/property/relatives","Wálter Subirana|Wálter Subirana (uncle)"
"http://dbpedia.org/property/s","黎潍裮"
"http://dbpedia.org/property/serviceyears",1879
"http://dbpedia.org/property/spouse","Carole"
"http://dbpedia.org/property/spouse","Krista"
"http://dbpedia.org/property/spouse","Vanlalliani Sailo"
"http://dbpedia.org/property/spouse","Beatriz Virreira"
"http://dbpedia.org/property/spouse","Divorced"
"http://dbpedia.org/property/spouse","http://dbpedia.org/resource/Gcina_Malindi"
"http://dbpedia.org/property/stateHouse","Iowa"
"http://dbpedia.org/property/stateHouse","Rhode Island"
"http://dbpedia.org/property/stateHouse","New Hampshire"
"http://dbpedia.org/property/stateHouse","Tennessee"
"http://dbpedia.org/property/stateHouse","South Dakota"
"http://dbpedia.org/property/successor","http://dbpedia.org/resource/Judd_Lawler"
"http://dbpedia.org/property/successor","http://dbpedia.org/resource/Imelda_Sanmiguel_Sánchez"
"http://dbpedia.org/property/successor","Francisco Parra Pérez"
"http://dbpedia.org/property/successor","http://dbpedia.org/resource/Mario_Vazquez"
"http://dbpedia.org/property/successor","http://dbpedia.org/resource/Paul_Santucci"
"http://dbpedia.org/property/successor","http://dbpedia.org/resource/Phathisiwe_Machangu"
"http://dbpedia.org/property/successor","http://dbpedia.org/resource/Yew_Jia_Haur"
"http://dbpedia.org/property/successor","http://dbpedia.org/resource/Ntsima_Tiroeaone"
"http://dbpedia.org/property/successor","http://dbpedia.org/resource/D._N._Mishra"
"http://dbpedia.org/property/successor","Griselda Muñoz"
"http://dbpedia.org/property/successor","http://dbpedia.org/resource/Vernell_Bennett-Fairs"
"http://dbpedia.org/property/termEnd",2025-01-13
"http://dbpedia.org/property/termEnd",2025-03-27
"http://dbpedia.org/property/termEnd",2025-01-07
"http://dbpedia.org/property/termEnd",2023-10-03
"http://dbpedia.org/property/termEnd",2021-12-31
"http://dbpedia.org/property/termEnd",2023-08-12
"http://dbpedia.org/property/termEnd",2024
"http://dbpedia.org/property/termEnd",1993-06-14
"http://dbpedia.org/property/termEnd",1988
"http://dbpedia.org/property/termEnd",1999-10-26
"http://dbpedia.org/property/termEnd",2015-01-18
"http://dbpedia.org/property/termEnd","January 2021"
"http://dbpedia.org/property/termStart",2023-01-09
"http://dbpedia.org/property/termStart",2020-12-07
"http://dbpedia.org/property/termStart",2023-01-03
"http://dbpedia.org/property/termStart",2010
"http://dbpedia.org/property/termStart",2023-09-07
"http://dbpedia.org/property/termStart",2023-01-10
"http://dbpedia.org/property/termStart",2014-01-01
"http://dbpedia.org/property/termStart",2018-05-09
"http://dbpedia.org/property/termStart",1991-05-01
"http://dbpedia.org/property/termStart",1970
"http://dbpedia.org/property/termStart",1979
"http://dbpedia.org/property/termStart",2023-12-08
"http://dbpedia.org/property/termStart","November 2018"
"http://dbpedia.org/property/termStart",1994-04-28
"http://dbpedia.org/property/termStart",2010-01-19
"http://dbpedia.org/property/termStart",2019-08-26
"http://dbpedia.org/property/text","What's right is right and what's wrong [is wrong. There are times] in which I'm more radical than the ruling party... on other occasions, I'm more opposed than any opposition [lawmaker]."
"http://dbpedia.org/property/title","http://dbpedia.org/resource/Deputy_Minister_of_Youth,_Gender,_Sport_and_Culture_of_Botswana"
"http://dbpedia.org/property/title","Member of the Kentucky House of Representatives"
"http://dbpedia.org/property/title","Offices and distinctions"
"http://dbpedia.org/property/appointer","http://dbpedia.org/resource/Ramaswamy_Venkataraman"
"http://dbpedia.org/property/1blankname","http://dbpedia.org/resource/Substitute_(elections)"
"http://dbpedia.org/property/1blankname",""
"http://dbpedia.org/property/1namedata","http://dbpedia.org/resource/Lalduhoma"
"http://dbpedia.org/property/1namedata","Verónica Aguilera"
"http://dbpedia.org/property/nationality","http://dbpedia.org/resource/United_States"
"http://dbpedia.org/property/profession","Diplomat"
"http://dbpedia.org/property/profession","http://dbpedia.org/resource/Architect"
"http://dbpedia.org/property/relations","http://dbpedia.org/resource/David_Terrazas_Villegas"
"http://dbpedia.org/property/birthName","Carlos Eduardo Subirana Gianella"
"http://dbpedia.org/property/birthName","Carolina Delgado Ramírez"
"http://www.w3.org/ns/prov#wasDerivedFrom","http://en.wikipedia.org/wiki/Brad_Sherman_(Iowa_politician)?oldid=1307820052&ns=0"
"http://www.w3.org/ns/prov#wasDerivedFrom","http://en.wikipedia.org/wiki/Brenda_Cárdenas_Thomae?oldid=1307704731&ns=0"
"http://www.w3.org/ns/prov#wasDerivedFrom","http://en.wikipedia.org/wiki/Brian_F._Downing?oldid=1292389062&ns=0"
"http://www.w3.org/ns/prov#wasDerivedFrom","http://en.wikipedia.org/wiki/Brian_Platt?oldid=1310487623&ns=0"
"http://www.w3.org/ns/prov#wasDerivedFrom","http://en.wikipedia.org/wiki/Brian_Rea?oldid=1299874583&ns=0"
"http://www.w3.org/ns/prov#wasDerivedFrom","http://en.wikipedia.org/wiki/Brian_Seaworth?oldid=1292389523&ns=0"
"http://www.w3.org/ns/prov#wasDerivedFrom","http://en.wikipedia.org/wiki/Bright_Vanya_Moyo?oldid=1195407391&ns=0"
"http://www.w3.org/ns/prov#wasDerivedFrom","http://en.wikipedia.org/wiki/Brock_Martin?oldid=1284002012&ns=0"
"http://www.w3.org/ns/prov#wasDerivedFrom","http://en.wikipedia.org/wiki/Brooklyn_borough_presidency_of_Eric_Adams?oldid=1303290608&ns=0"
"http://www.w3.org/ns/prov#wasDerivedFrom","http://en.wikipedia.org/wiki/Bryan_Lai_Wai_Chong?oldid=1303138901&ns=0"
"http://www.w3.org/ns/prov#wasDerivedFrom","http://en.wikipedia.org/wiki/Buti_Billy?oldid=1306414654&ns=0"
"http://www.w3.org/ns/prov#wasDerivedFrom","http://en.wikipedia.org/wiki/Byron_Callies?oldid=1260738725&ns=0"
"http://www.w3.org/ns/prov#wasDerivedFrom","http://en.wikipedia.org/wiki/C.S._Jha?oldid=1295056400&ns=0"
"http://www.w3.org/ns/prov#wasDerivedFrom","http://en.wikipedia.org/wiki/C._Gene_Samberson?oldid=1282713764&ns=0"
"http://www.w3.org/ns/prov#wasDerivedFrom","http://en.wikipedia.org/wiki/C._Lalsawivunga?oldid=1311179351&ns=0"
"http://www.w3.org/ns/prov#wasDerivedFrom","http://en.wikipedia.org/wiki/C._Ngunlianchunga?oldid=1291289466&ns=0"
"http://www.w3.org/ns/prov#wasDerivedFrom","http://en.wikipedia.org/wiki/C._Shivappa?oldid=1281795968&ns=0"
"http://www.w3.org/ns/prov#wasDerivedFrom","http://en.wikipedia.org/wiki/Candy_Massaroni?oldid=1291379089&ns=0"
"http://www.w3.org/ns/prov#wasDerivedFrom","http://en.wikipedia.org/wiki/Carl_Setorwu_Modey?oldid=1247552333&ns=0"
"http://www.w3.org/ns/prov#wasDerivedFrom","http://en.wikipedia.org/wiki/Carlos_Manuel_de_Villegas?oldid=1231888781&ns=0"
"http://www.w3.org/ns/prov#wasDerivedFrom","http://en.wikipedia.org/wiki/Carlos_Subirana_Gianella?oldid=1260388073&ns=0"
"http://www.w3.org/ns/prov#wasDerivedFrom","http://en.wikipedia.org/wiki/Carol_Johnson-Dean?oldid=1226141705&ns=0"
"http://www.w3.org/ns/prov#wasDerivedFrom","http://en.wikipedia.org/wiki/Carolina_Delgado_Ramírez?oldid=1245869073&ns=0"
"http://www.w3.org/ns/prov#wasDerivedFrom","http://en.wikipedia.org/wiki/Caroline_Nicholls?oldid=1283674303&ns=0"
"http://dbpedia.org/property/t","黎濰裮"
"http://dbpedia.org/property/residence","http://dbpedia.org/resource/Watertown,_South_Dakota"
"http://dbpedia.org/property/residence","http://dbpedia.org/resource/Bardstown,_Kentucky"
"http://dbpedia.org/property/align","right"
"http://dbpedia.org/property/caption","Official portrait, c. 2023"
"http://dbpedia.org/property/caption","Official portrait of Lalsawivunga"
"http://dbpedia.org/property/caption","Justice C. Shivappa"
"http://dbpedia.org/property/caption","Official portrait, 2022"
"http://dbpedia.org/property/children","María Isabel"
"http://dbpedia.org/property/parents","Carlos Subirana Suárez|"
"http://dbpedia.org/property/status","Interim"
"http://dbpedia.org/property/width",300
"http://dbpedia.org/property/presidentLink","Borough president"
"http://dbpedia.org/property/author","—Carlos Subirana, 2013"
"http://dbpedia.org/property/country","Mexico"
"http://dbpedia.org/property/committees","Education"
"http://dbpedia.org/property/committees","Tourism & Outdoor Recreation"
"http://dbpedia.org/property/committees","Veterans, Military Affairs, & Public Protection"
"http://dbpedia.org/property/c","Category:Brenda Cardenas Thomae"
"http://dbpedia.org/property/1a","Vargas"
"http://dbpedia.org/property/1a","ATB"
"http://dbpedia.org/property/1a","Villavicencio"
"http://dbpedia.org/property/1a","Gonzales Salas"
"http://dbpedia.org/property/1loc","p. 375: ""En mi familia siempre ha habido una tendencia a seguir la corriente de izquierda"""
"http://dbpedia.org/property/1p",147
"http://dbpedia.org/property/1p",375
"http://dbpedia.org/property/1p",376
"http://dbpedia.org/property/1y",2013
"http://dbpedia.org/property/1y",2014
"http://dbpedia.org/property/1y",2022
"http://dbpedia.org/property/2a","Vargas"
"http://dbpedia.org/property/2a","Villavicencio"
"http://dbpedia.org/property/2a","El Deber"
"http://dbpedia.org/property/2a","La Estrella del Oriente"
"http://dbpedia.org/property/2a","Romero Ballivián"
"http://dbpedia.org/property/2a","ERBOL"
"http://dbpedia.org/property/2p",5
"http://dbpedia.org/property/2p",147
"http://dbpedia.org/property/2p",577
"http://dbpedia.org/property/2y",2014
"http://dbpedia.org/property/2y",2017
"http://dbpedia.org/property/2y",2018
"http://dbpedia.org/property/2y",2023
"http://dbpedia.org/property/3a","Romero Ballivián"
"http://dbpedia.org/property/3p",576
"http://dbpedia.org/property/3y",2018
"http://dbpedia.org/property/p","Lí Wéichāng"
"http://dbpedia.org/property/majority",29425
"http://dbpedia.org/property/d","Q124021893"
"http://dbpedia.org/property/q","no"
"http://dbpedia.org/property/constituencyAm","http://dbpedia.org/resource/Teratai"
"http://dbpedia.org/property/district","91.0"
"http://dbpedia.org/property/district","Merrimack 7th"
"http://dbpedia.org/property/district","Merrimack 12th"
"http://dbpedia.org/property/district","Merrimack 20th"
"http://dbpedia.org/property/district",79
"http://dbpedia.org/property/district",5
"http://dbpedia.org/property/district",50
"http://dbpedia.org/property/preceded","http://dbpedia.org/resource/Walter_K._Martinez"
"http://dbpedia.org/property/preceded","Raymond G. Sanchez"
"http://dbpedia.org/property/succeeded","http://dbpedia.org/resource/Raymond_G._Sanchez"
"http://dbpedia.org/property/succeeded","Raymond G. Sanchez"
"http://dbpedia.org/property/termend",1991-08-04
"http://dbpedia.org/property/termend",1994-04-28
"http://dbpedia.org/property/termend",2019-05-31
"http://dbpedia.org/property/termstart",2013
"http://dbpedia.org/property/termstart",1989-05-10
"http://dbpedia.org/property/termstart",1991-08-05
"http://dbpedia.org/property/termstart",2009-09-01
"http://dbpedia.org/property/termstart",2019-06-01
"http://xmlns.com/foaf/0.1/isPrimaryTopicOf","http://en.wikipedia.org/wiki/Brad_Sherman_(Iowa_politician)"
"http://xmlns.com/foaf/0.1/isPrimaryTopicOf","http://en.wikipedia.org/wiki/Brenda_Cárdenas_Thomae"
"http://xmlns.com/foaf/0.1/isPrimaryTopicOf","http://en.wikipedia.org/wiki/Brian_F._Downing"
"http://xmlns.com/foaf/0.1/isPrimaryTopicOf","http://en.wikipedia.org/wiki/Brian_Platt"
"http://xmlns.com/foaf/0.1/isPrimaryTopicOf","http://en.wikipedia.org/wiki/Brian_Rea"
"http://xmlns.com/foaf/0.1/isPrimaryTopicOf","http://en.wikipedia.org/wiki/Brian_Seaworth"
"http://xmlns.com/foaf/0.1/isPrimaryTopicOf","http://en.wikipedia.org/wiki/Bright_Vanya_Moyo"
"http://xmlns.com/foaf/0.1/isPrimaryTopicOf","http://en.wikipedia.org/wiki/Brock_Martin"
"http://xmlns.com/foaf/0.1/isPrimaryTopicOf","http://en.wikipedia.org/wiki/Brooklyn_borough_presidency_of_Eric_Adams"
"http://xmlns.com/foaf/0.1/isPrimaryTopicOf","http://en.wikipedia.org/wiki/Bryan_Lai_Wai_Chong"
"http://xmlns.com/foaf/0.1/isPrimaryTopicOf","http://en.wikipedia.org/wiki/Buti_Billy"
"http://xmlns.com/foaf/0.1/isPrimaryTopicOf","http://en.wikipedia.org/wiki/Byron_Callies"
"http://xmlns.com/foaf/0.1/isPrimaryTopicOf","http://en.wikipedia.org/wiki/C.S._Jha"
"http://xmlns.com/foaf/0.1/isPrimaryTopicOf","http://en.wikipedia.org/wiki/C._Gene_Samberson"
"http://xmlns.com/foaf/0.1/isPrimaryTopicOf","http://en.wikipedia.org/wiki/C._Lalsawivunga"
"http://xmlns.com/foaf/0.1/isPrimaryTopicOf","http://en.wikipedia.org/wiki/C._Ngunlianchunga"
"http://xmlns.com/foaf/0.1/isPrimaryTopicOf","http://en.wikipedia.org/wiki/C._Shivappa"
"http://xmlns.com/foaf/0.1/isPrimaryTopicOf","http://en.wikipedia.org/wiki/Candy_Massaroni"
"http://xmlns.com/foaf/0.1/isPrimaryTopicOf","http://en.wikipedia.org/wiki/Carl_Setorwu_Modey"
"http://xmlns.com/foaf/0.1/isPrimaryTopicOf","http://en.wikipedia.org/wiki/Carlos_Manuel_de_Villegas"
"http://xmlns.com/foaf/0.1/isPrimaryTopicOf","http://en.wikipedia.org/wiki/Carlos_Subirana_Gianella"
"http://xmlns.com/foaf/0.1/isPrimaryTopicOf","http://en.wikipedia.org/wiki/Carol_Johnson-Dean"
"http://xmlns.com/foaf/0.1/isPrimaryTopicOf","http://en.wikipedia.org/wiki/Carolina_Delgado_Ramírez"
"http://xmlns.com/foaf/0.1/isPrimaryTopicOf","http://en.wikipedia.org/wiki/Caroline_Nicholls"
"http://www.w3.org/2002/07/owl#sameAs","http://www.wikidata.org/entity/Q97328756"
"http://www.w3.org/2002/07/owl#sameAs","https://global.dbpedia.org/id/DTfg8"
"http://www.w3.org/2002/07/owl#sameAs","http://www.wikidata.org/entity/Q106818238"
"http://www.w3.org/2002/07/owl#sameAs","https://global.dbpedia.org/id/FpnE5"
"http://xmlns.com/foaf/0.1/name","Carrie Gendreau"
"http://xmlns.com/foaf/0.1/name","Carrie McLeod"
"http://xmlns.com/foaf/0.1/name","Carrie Rheingans"
"http://xmlns.com/foaf/0.1/name","Carrie Tan"
"http://xmlns.com/foaf/0.1/name","Chad Aull"
"http://xmlns.com/foaf/0.1/name","Chad Green"
"http://xmlns.com/foaf/0.1/name","Chan Chun Kuang"
"http://xmlns.com/foaf/0.1/name","Chandrabhan Singh Aakya"
"http://xmlns.com/foaf/0.1/name","Charles A. Pratt"
"http://xmlns.com/foaf/0.1/name","Charles Cannon"
"http://xmlns.com/foaf/0.1/name","Charles E. Sova"
"http://xmlns.com/foaf/0.1/name","Charles McMahon"
"http://xmlns.com/foaf/0.1/name","Charles P. Barnes"
"http://xmlns.com/foaf/0.1/name","Chilufya Tayali"
"http://xmlns.com/foaf/0.1/name","Chittem Parnika Reddy"
"http://xmlns.com/foaf/0.1/name","Chris True"
"http://xmlns.com/foaf/0.1/name","Christian Di Sanzo"
"http://xmlns.com/foaf/0.1/name","Christoph Riner"
"http://xmlns.com/foaf/0.1/name","Charles M. Eaton Jr."
"http://www.w3.org/2000/01/rdf-schema#label","Carrie Gendreau"
"http://www.w3.org/2000/01/rdf-schema#label","Carrie McLeod"
"http://www.w3.org/2000/01/rdf-schema#label","Carrie Rheingans"
"http://www.w3.org/2000/01/rdf-schema#label","Carrie Tan"
"http://www.w3.org/2000/01/rdf-schema#label","Catherine Mulholland"
"http://www.w3.org/2000/01/rdf-schema#label","Chad Aull"
"http://www.w3.org/2000/01/rdf-schema#label","Chad Green (politician)"
"http://www.w3.org/2000/01/rdf-schema#label","Chan Chun Kuang"
"http://www.w3.org/2000/01/rdf-schema#label","Chandrabhan Singh Aakya"
"http://www.w3.org/2000/01/rdf-schema#label","Charles A. Pratt"
"http://www.w3.org/2000/01/rdf-schema#label","Charles Cannon (Georgia politician)"
"http://www.w3.org/2000/01/rdf-schema#label","Charles E. Sova"
"http://www.w3.org/2000/01/rdf-schema#label","Charles McMahon (politician)"
"http://www.w3.org/2000/01/rdf-schema#label","Charles P. Barnes"
"http://www.w3.org/2000/01/rdf-schema#label","Chilufya Tayali"
"http://www.w3.org/2000/01/rdf-schema#label","Chittem Parnika Reddy"
"http://www.w3.org/2000/01/rdf-schema#label","Chris True"
"http://www.w3.org/2000/01/rdf-schema#label","Christian Diego Di Sanzo"
"http://www.w3.org/2000/01/rdf-schema#label","Christoph Riner"
"http://www.w3.org/2000/01/rdf-schema#label","Chuck Eaton"
"http://dbpedia.org/ontology/deathPlace","http://dbpedia.org/resource/Maine"
"http://dbpedia.org/ontology/deathPlace","http://dbpedia.org/resource/Houlton,_Maine"
"http://dbpedia.org/property/deathPlace","Houlton, Maine, U.S."
"http://dbpedia.org/ontology/deathDate",1989-03-21
"http://dbpedia.org/ontology/deathDate",2019-07-02
"http://dbpedia.org/ontology/deathDate",1951-12-14
"http://dbpedia.org/ontology/birthPlace","http://dbpedia.org/resource/Littleton,_New_Hampshire"
"http://dbpedia.org/ontology/birthPlace","http://dbpedia.org/resource/Flint"
"http://dbpedia.org/ontology/birthPlace","http://dbpedia.org/resource/Michigan"
"http://dbpedia.org/ontology/birthPlace","http://dbpedia.org/resource/Singapore"
"http://dbpedia.org/ontology/birthPlace","http://dbpedia.org/resource/Chittorgarh"
"http://dbpedia.org/ontology/birthPlace","http://dbpedia.org/resource/Kalamazoo,_Michigan"
"http://dbpedia.org/ontology/birthPlace","http://dbpedia.org/resource/Bridgeport,_Connecticut"
"http://dbpedia.org/ontology/birthPlace","http://dbpedia.org/resource/Maine"
"http://dbpedia.org/ontology/birthPlace","http://dbpedia.org/resource/Houlton,_Maine"
"http://dbpedia.org/ontology/birthPlace","http://dbpedia.org/resource/Zambia"
"http://dbpedia.org/ontology/birthPlace","http://dbpedia.org/resource/Prato"
"http://dbpedia.org/property/birthPlace","http://dbpedia.org/resource/Littleton,_New_Hampshire"
"http://dbpedia.org/property/birthPlace","Flint, Michigan U.S."
"http://dbpedia.org/property/birthPlace","http://dbpedia.org/resource/Singapore"
"http://dbpedia.org/property/birthPlace","England"
"http://dbpedia.org/property/birthPlace","http://dbpedia.org/resource/Chittorgarh"
"http://dbpedia.org/property/birthPlace","Kalamazoo, Michigan, U.S."
"http://dbpedia.org/property/birthPlace","Bridgeport, Connecticut, U.S."
"http://dbpedia.org/property/birthPlace","Houlton, Maine, U.S."
"http://dbpedia.org/property/birthPlace","http://dbpedia.org/resource/Zambia"
"http://dbpedia.org/property/birthPlace","Prato, Tuscany, Italy"
"http://dbpedia.org/ontology/birthDate",1981-10-02
"http://dbpedia.org/ontology/birthDate",1982-04-11
"http://dbpedia.org/ontology/birthDate",1982-01-28
"http://dbpedia.org/ontology/birthDate",1976-09-05
"http://dbpedia.org/ontology/birthDate",1909-04-02
"http://dbpedia.org/ontology/birthDate",1928-05-23
"http://dbpedia.org/ontology/birthDate",1869-10-12
"http://dbpedia.org/ontology/birthDate",1977-06-12
"http://dbpedia.org/ontology/birthDate",1969-04-01
"http://purl.org/dc/terms/subject","http://dbpedia.org/resource/Category:Bob_Jones_University_alumni"
"http://purl.org/dc/terms/subject","http://dbpedia.org/resource/Category:Women_state_legislators_in_New_Hampshire"
"http://purl.org/dc/terms/subject","http://dbpedia.org/resource/Category:People_from_Littleton,_New_Hampshire"
"http://purl.org/dc/terms/subject","http://dbpedia.org/resource/Category:Republican_Party_New_Hampshire_state_senators"
"http://purl.org/dc/terms/subject","http://dbpedia.org/resource/Category:21st-century_members_of_the_North_Dakota_Legislative_Assembly"
"http://purl.org/dc/terms/subject","http://dbpedia.org/resource/Category:Women_state_legislators_in_North_Dakota"
"http://purl.org/dc/terms/subject","http://dbpedia.org/resource/Category:Politicians_from_Fargo,_North_Dakota"
"http://purl.org/dc/terms/subject","http://dbpedia.org/resource/Category:Republican_Party_members_of_the_North_Dakota_House_of_Representatives"
"http://purl.org/dc/terms/subject","http://dbpedia.org/resource/Category:University_of_Michigan_alumni"
"http://purl.org/dc/terms/subject","http://dbpedia.org/resource/Category:Women_state_legislators_in_Michigan"
"http://purl.org/dc/terms/subject","http://dbpedia.org/resource/Category:People_from_Ann_Arbor,_Michigan"
"http://purl.org/dc/terms/subject","http://dbpedia.org/resource/Category:21st-century_members_of_the_Michigan_Legislature"
"http://purl.org/dc/terms/subject","http://dbpedia.org/resource/Category:Democratic_Party_members_of_the_Michigan_House_of_Representatives"
"http://purl.org/dc/terms/subject","http://dbpedia.org/resource/Category:Singaporean_women_in_politics"
"http://purl.org/dc/terms/subject","http://dbpedia.org/resource/Category:People's_Action_Party_politicians"
"http://purl.org/dc/terms/subject","http://dbpedia.org/resource/Category:Members_of_the_Parliament_of_Singapore"
"http://purl.org/dc/terms/subject","http://dbpedia.org/resource/Category:Raffles_Junior_College_alumni"
"http://purl.org/dc/terms/subject","http://dbpedia.org/resource/Category:Raffles_Girls'_Secondary_School_alumni"
"http://purl.org/dc/terms/subject","http://dbpedia.org/resource/Category:1940_births"
"http://purl.org/dc/terms/subject","http://dbpedia.org/resource/Category:Alumni_of_Somerville_College,_Oxford"
"http://purl.org/dc/terms/subject","http://dbpedia.org/resource/Category:Alumni_of_the_UCL_School_of_Slavonic_and_East_European_Studies"
"http://purl.org/dc/terms/subject","http://dbpedia.org/resource/Category:English_emigrants_to_the_United_States"
"http://purl.org/dc/terms/subject","http://dbpedia.org/resource/Category:21st-century_Roman_Catholics"
"http://purl.org/dc/terms/subject","http://dbpedia.org/resource/Category:American_Catholics"
"http://purl.org/dc/terms/subject","http://dbpedia.org/resource/Category:Western_Kentucky_University_alumni"
"http://purl.org/dc/terms/subject","http://dbpedia.org/resource/Category:Politicians_from_Lexington,_Kentucky"
"http://purl.org/dc/terms/subject","http://dbpedia.org/resource/Category:People_from_Newport_News,_Virginia"
"http://purl.org/dc/terms/subject","http://dbpedia.org/resource/Category:Malaysian_politicians_of_Chinese_descent"
"http://purl.org/dc/terms/subject","http://dbpedia.org/resource/Category:1992_births"
"http://purl.org/dc/terms/subject","http://dbpedia.org/resource/Category:Malaysian_people_of_Chinese_descent"
"http://purl.org/dc/terms/subject","http://dbpedia.org/resource/Category:People_from_Chittorgarh_district"
"http://purl.org/dc/terms/subject","http://dbpedia.org/resource/Category:Independent_politicians_in_India"
"http://purl.org/dc/terms/subject","http://dbpedia.org/resource/Category:Howard_University_School_of_Law_alumni"
"http://purl.org/dc/terms/subject","http://dbpedia.org/resource/Category:African-American_judges"
"http://purl.org/dc/terms/subject","http://dbpedia.org/resource/Category:1989_deaths"
"http://purl.org/dc/terms/subject","http://dbpedia.org/resource/Category:20th-century_American_judges"
"http://purl.org/dc/terms/subject","http://dbpedia.org/resource/Category:Kalamazoo_Central_High_School_alumni"
"http://purl.org/dc/terms/subject","http://dbpedia.org/resource/Category:Republican_Party_members_of_the_Georgia_House_of_Representatives"
"http://purl.org/dc/terms/subject","http://dbpedia.org/resource/Category:21st-century_members_of_the_Georgia_General_Assembly"
"http://purl.org/dc/terms/subject","http://dbpedia.org/resource/Category:2019_deaths"
"http://purl.org/dc/terms/subject","http://dbpedia.org/resource/Category:Fairfield_University_alumni"
"http://purl.org/dc/terms/subject","http://dbpedia.org/resource/Category:Politicians_from_Bridgeport,_Connecticut"
"http://purl.org/dc/terms/subject","http://dbpedia.org/resource/Category:Speakers_of_the_Maine_House_of_Representatives"
"http://purl.org/dc/terms/subject","http://dbpedia.org/resource/Category:1951_deaths"
"http://purl.org/dc/terms/subject","http://dbpedia.org/resource/Category:Justices_of_the_Maine_Supreme_Judicial_Court"
"http://purl.org/dc/terms/subject","http://dbpedia.org/resource/Category:1869_births"
"http://purl.org/dc/terms/subject","http://dbpedia.org/resource/Category:People_from_Houlton,_Maine"
"http://purl.org/dc/terms/subject","http://dbpedia.org/resource/Category:Maine_lawyers"
"http://purl.org/dc/terms/subject","http://dbpedia.org/resource/Category:Colby_College_alumni"
"http://purl.org/dc/terms/subject","http://dbpedia.org/resource/Category:U.S._state_supreme_court_judges_admitted_to_the_practice_of_law_by_reading_law"
"http://purl.org/dc/terms/subject","http://dbpedia.org/resource/Category:20th-century_members_of_the_Maine_Legislature"
"http://purl.org/dc/terms/subject","http://dbpedia.org/resource/Category:21st-century_Zambian_politicians"
"http://purl.org/dc/terms/subject","http://dbpedia.org/resource/Category:1993_births"
"http://purl.org/dc/terms/subject","http://dbpedia.org/resource/Category:Indian_National_Congress_politicians_from_Telangana"
"http://purl.org/dc/terms/subject","http://dbpedia.org/resource/Category:Women_members_of_the_Telangana_Legislative_Assembly"
"http://purl.org/dc/terms/subject","http://dbpedia.org/resource/Category:Telangana_MLAs_2023–2028"
"http://purl.org/dc/terms/subject","http://dbpedia.org/resource/Category:Democratic_Party_(Italy)_politicians"
"http://purl.org/dc/terms/subject","http://dbpedia.org/resource/Category:Deputies_of_Legislature_XIX_of_Italy"
"http://purl.org/dc/terms/subject","http://dbpedia.org/resource/Category:1977_births"
"http://purl.org/dc/terms/subject","http://dbpedia.org/resource/Category:Swiss_People's_Party_politicians"
"http://purl.org/dc/terms/subject","http://dbpedia.org/resource/Category:Members_of_the_National_Council_(Switzerland)_2023–2027"
"http://purl.org/dc/terms/subject","http://dbpedia.org/resource/Category:Politicians_from_Aargau"
"http://purl.org/dc/terms/subject","http://dbpedia.org/resource/Category:Georgia_(U.S._state)_state_court_judges"
"http://purl.org/dc/terms/subject","http://dbpedia.org/resource/Category:1969_births"
"http://purl.org/dc/terms/subject","http://dbpedia.org/resource/Category:21st-century_Georgia_(U.S._state)_politicians"
"http://purl.org/dc/terms/subject","http://dbpedia.org/resource/Category:Georgia_Public_Service_Commission"
"http://dbpedia.org/ontology/wikiPageWikiLink","http://dbpedia.org/resource/Nee_Soon_Group_Representation_Constituency"
"http://dbpedia.org/ontology/wikiPageWikiLink","http://dbpedia.org/resource/14th_Parliament_of_Singapore"
"http://dbpedia.org/ontology/wikiPageWikiLink","http://dbpedia.org/resource/Barack_Obama"
"http://dbpedia.org/ontology/wikiPageWikiLink","http://dbpedia.org/resource/Kuala_Lumpur"
"http://dbpedia.org/ontology/wikiPageWikiLink","http://dbpedia.org/resource/Singapore"
"http://dbpedia.org/ontology/wikiPageWikiLink","http://dbpedia.org/resource/2020_Singaporean_general_election"
"http://dbpedia.org/ontology/wikiPageWikiLink","http://dbpedia.org/resource/Parliament_of_Singapore"
"http://dbpedia.org/ontology/wikiPageWikiLink","http://dbpedia.org/resource/Category:Singaporean_women_in_politics"
"http://dbpedia.org/ontology/wikiPageWikiLink","http://dbpedia.org/resource/White_House"
"http://dbpedia.org/ontology/wikiPageWikiLink","http://dbpedia.org/resource/K._Shanmugam"
"http://dbpedia.org/ontology/wikiPageWikiLink","http://dbpedia.org/resource/Yishun"
"http://dbpedia.org/ontology/wikiPageWikiLink","http://dbpedia.org/resource/Chen_(surname)"
"http://dbpedia.org/ontology/wikiPageWikiLink","http://dbpedia.org/resource/CNA_(TV_network)"
"http://dbpedia.org/ontology/wikiPageWikiLink","http://dbpedia.org/resource/Lee_Hsien_Loong"
"http://dbpedia.org/ontology/wikiPageWikiLink","http://dbpedia.org/resource/People's_Action_Party"
"http://dbpedia.org/ontology/wikiPageWikiLink","http://dbpedia.org/resource/Derrick_Goh"
"http://dbpedia.org/ontology/wikiPageWikiLink","http://dbpedia.org/resource/Progress_Singapore_Party"
"http://dbpedia.org/ontology/wikiPageWikiLink","http://dbpedia.org/resource/Louis_Ng"
"http://dbpedia.org/ontology/wikiPageWikiLink","http://dbpedia.org/resource/Raffles_Girls'_School_(Secondary)"
"http://dbpedia.org/ontology/wikiPageWikiLink","http://dbpedia.org/resource/Raffles_Junior_College"
"http://dbpedia.org/ontology/wikiPageWikiLink","http://dbpedia.org/resource/Lee_Bee_Wah"
"http://dbpedia.org/ontology/wikiPageWikiLink","http://dbpedia.org/resource/Lee_Kuan_Yew_School_of_Public_Policy"
"http://dbpedia.org/ontology/wikiPageWikiLink","http://dbpedia.org/resource/Category:People's_Action_Party_politicians"
"http://dbpedia.org/ontology/wikiPageWikiLink","http://dbpedia.org/resource/Category:Members_of_the_Parliament_of_Singapore"
"http://dbpedia.org/ontology/wikiPageWikiLink","http://dbpedia.org/resource/Category:Raffles_Junior_College_alumni"
"http://dbpedia.org/ontology/wikiPageWikiLink","http://dbpedia.org/resource/Nee_Soon_GRC"
"http://dbpedia.org/ontology/wikiPageWikiLink","http://dbpedia.org/resource/Category:Raffles_Girls'_Secondary_School_alumni"
"http://dbpedia.org/ontology/wikiPageWikiLink","http://dbpedia.org/resource/Faishal_Ibrahim"
"http://dbpedia.org/ontology/wikiPageWikiLink","http://dbpedia.org/resource/File:Carrie_Tan_(cropped).jpg"
"http://dbpedia.org/ontology/wikiPageWikiLink","http://dbpedia.org/resource/Category:Georgia_(U.S._state)_politicians"
"http://dbpedia.org/ontology/wikiPageWikiLink","http://dbpedia.org/resource/Shawn_Ellen_LaGrua"
"http://dbpedia.org/ontology/wikiPageWikiLink","http://dbpedia.org/resource/David_Burgess_(American_politician)"
"http://dbpedia.org/ontology/wikiPageWikiLink","http://dbpedia.org/resource/Georgia_State_University_College_of_Law"
"http://dbpedia.org/ontology/wikiPageWikiLink","http://dbpedia.org/resource/University_of_Alabama"
"http://dbpedia.org/ontology/wikiPageWikiLink","http://dbpedia.org/resource/Georgia_Superior_Courts"
"http://dbpedia.org/ontology/wikiPageWikiLink","http://dbpedia.org/resource/Georgia_Public_Service_Commission"
"http://dbpedia.org/ontology/wikiPageWikiLink","http://dbpedia.org/resource/Georgia_State_University"
"http://dbpedia.org/ontology/wikiPageWikiLink","http://dbpedia.org/resource/List_of_U.S._statewide_elected_officials"
"http://dbpedia.org/ontology/wikiPageWikiLink","http://dbpedia.org/resource/Brian_Kemp"
"http://dbpedia.org/ontology/wikiPageWikiLink","http://dbpedia.org/resource/Vogtle_Electric_Generating_Plant"
"http://dbpedia.org/ontology/wikiPageWikiLink","http://dbpedia.org/resource/Atlanta_(magazine)"
"http://dbpedia.org/ontology/wikiPageWikiLink","http://dbpedia.org/resource/Category:Georgia_Public_Service_Commission"
"http://dbpedia.org/ontology/wikiPageExternalLink","https://www.parliament.gov.sg/mps/list-of-current-mps/mp/details/carrie-tan"
"http://dbpedia.org/ontology/description","American politician from New Hampshire"
"http://dbpedia.org/ontology/description","American politician from Michigan"
"http://dbpedia.org/ontology/description","সিঙ্গাপুরীয় রাজনীতিবিদ"
"http://dbpedia.org/ontology/description","Singapuri poliitik"
"http://dbpedia.org/ontology/description","Singaporean politician"
"http://dbpedia.org/ontology/description","politiciană singaporeză"
"http://dbpedia.org/ontology/description","politikane singaporase"
"http://dbpedia.org/ontology/description","política singapurense"
"http://dbpedia.org/ontology/description","política singapurense"
"http://dbpedia.org/ontology/description","política singapuresa"
"http://dbpedia.org/ontology/description","פוליטיקאית סינגפורית"
"http://dbpedia.org/ontology/description","سياسية سنغافورية"
"http://dbpedia.org/ontology/description","femme politique singapourienne"
"http://dbpedia.org/ontology/description","American politician (born 1940)"
"http://dbpedia.org/ontology/description","Indian politician (born 1976)"
"http://dbpedia.org/ontology/description","American judge (1909–1989)"
"http://dbpedia.org/ontology/description","Amerikalı yargıç (1909–1989)"
"http://dbpedia.org/ontology/description","American politician in Georgia"
"http://dbpedia.org/ontology/description","American judge and politician from Maine"
"http://dbpedia.org/ontology/description","Sambia poliitik"
"http://dbpedia.org/ontology/description","politician zambian"
"http://dbpedia.org/ontology/description","politikan zambian"
"http://dbpedia.org/ontology/description","polític zambià"
"http://dbpedia.org/ontology/description","político zambiano"
"http://dbpedia.org/ontology/description","político zambiano"
"http://dbpedia.org/ontology/description","জাম্বীয় রাজনীতিবিদ"
"http://dbpedia.org/ontology/description","פוליטיקאי זמבי"
"http://dbpedia.org/ontology/description","سياسي زامبي"
"http://dbpedia.org/ontology/description","homme politique zambien"
"http://dbpedia.org/ontology/description","Zambian politician"
"http://dbpedia.org/ontology/description","հնդիկ քաղաքական գործիչ"
"http://dbpedia.org/ontology/description","індійська політична діячка"
"http://dbpedia.org/ontology/description","politico italiano"
"http://dbpedia.org/ontology/description","políticu italianu"
"http://dbpedia.org/ontology/description","Italian politician (born 1982)"
"http://dbpedia.org/ontology/description","Swiss politician"
"http://dbpedia.org/ontology/description","Schweizer Politiker"
"http://dbpedia.org/ontology/description","polaiteoir Eilvéiseach"
"http://dbpedia.org/ontology/description","politician elvețian"
"http://dbpedia.org/ontology/description","politikan zviceran"
"http://dbpedia.org/ontology/description","polític suís"
"http://dbpedia.org/ontology/description","político suizo"
"http://dbpedia.org/ontology/description","político suizo"
"http://dbpedia.org/ontology/description","políticu suizu"
"http://dbpedia.org/ontology/description","Šveitsi poliitik"
"http://dbpedia.org/ontology/description","פוליטיקאי שווייצרי"
"http://dbpedia.org/ontology/description","سياسي سويسري"
"http://dbpedia.org/ontology/description","瑞士政治人物"
"http://dbpedia.org/ontology/description","সুইজারল্যান্ডীয় রাজনীতিবিদ"
"http://dbpedia.org/ontology/description","politicien suisse (UDC/AG)"
"http://dbpedia.org/ontology/description","políticu estauxunidense"
"http://xmlns.com/foaf/0.1/homepage","http://reprheingans.com/"
"http://xmlns.com/foaf/0.1/homepage","https://www.chadaull.com"
"http://xmlns.com/foaf/0.1/homepage","https://www.parlament.ch/de/biografie/christoph-riner/10801%7CParliament"
"http://dbpedia.org/property/name","Carrie Gendreau"
"http://dbpedia.org/property/name","Carrie McLeod"
"http://dbpedia.org/property/name","Carrie Rheingans"
"http://dbpedia.org/property/name","Carrie Tan"
"http://dbpedia.org/property/name","Chad Aull"
"http://dbpedia.org/property/name","Chad Green"
"http://dbpedia.org/property/name","Chan Chun Kuang"
"http://dbpedia.org/property/name","Chandrabhan Singh Aakya"
"http://dbpedia.org/property/name","Charles A. Pratt"
"http://dbpedia.org/property/name","Charles Cannon"
"http://dbpedia.org/property/name","Charles E. Sova"
"http://dbpedia.org/property/name","Charles McMahon"
"http://dbpedia.org/property/name","Charles P. Barnes"
"http://dbpedia.org/property/name","Chilufya Tayali"
"http://dbpedia.org/property/name","Chittem Parnika Reddy"
"http://dbpedia.org/property/name","Chris True"
"http://dbpedia.org/property/name","Christian Di Sanzo"
"http://dbpedia.org/property/name","Christoph Riner"
"http://dbpedia.org/property/name","Charles M. Eaton Jr."
"http://xmlns.com/foaf/0.1/depiction","http://commons.wikimedia.org/wiki/Special:FilePath/Carrie_Rheingans.png"
"http://xmlns.com/foaf/0.1/depiction","http://commons.wikimedia.org/wiki/Special:FilePath/Carrie_Rheingans_Signature.png"
"http://xmlns.com/foaf/0.1/depiction","http://commons.wikimedia.org/wiki/Special:FilePath/Carrie_Tan_(cropped).jpg"
"http://xmlns.com/foaf/0.1/depiction","http://commons.wikimedia.org/wiki/Special:FilePath/Chad_Aull.jpg"
"http://xmlns.com/foaf/0.1/depiction","http://commons.wikimedia.org/wiki/Special:FilePath/Bill_Signings,_Richmond_-_Chad_Green_9-15-25_(cropped).jpg"
"http://xmlns.com/foaf/0.1/depiction","http://commons.wikimedia.org/wiki/Special:FilePath/PKR_8656_(3).jpg"
"http://xmlns.com/foaf/0.1/depiction","http://commons.wikimedia.org/wiki/Special:FilePath/Chandrabhan_Singh_Aakya.jpg"
"http://xmlns.com/foaf/0.1/depiction","http://commons.wikimedia.org/wiki/Special:FilePath/Charles_A._Pratt_1928.jpg"
"http://xmlns.com/foaf/0.1/depiction","http://commons.wikimedia.org/wiki/Special:FilePath/Official_headshot_of_Chas_Cannon.jpg"
"http://xmlns.com/foaf/0.1/depiction","http://commons.wikimedia.org/wiki/Special:FilePath/Justice_Barnes.png"
"http://xmlns.com/foaf/0.1/depiction","http://commons.wikimedia.org/wiki/Special:FilePath/Chris_True_by_Gage_Skidmore.jpg"
"http://xmlns.com/foaf/0.1/depiction","http://commons.wikimedia.org/wiki/Special:FilePath/Christoph_Riner_portrait_(cropped).jpg"
"http://xmlns.com/foaf/0.1/depiction","http://commons.wikimedia.org/wiki/Special:FilePath/Chuck_Eaton_PSC.jpg"
"http://dbpedia.org/property/almaMater","http://dbpedia.org/resource/Bob_Jones_University"
"http://dbpedia.org/property/almaMater","University of Michigan, Ann Arbor"
"http://dbpedia.org/property/almaMater","http://dbpedia.org/resource/National_University_of_Singapore"
"http://dbpedia.org/property/almaMater","Lee Kuan Yew School of Public Policy"
"http://dbpedia.org/property/almaMater","http://dbpedia.org/resource/Universiti_Utara_Malaysia"
"http://dbpedia.org/property/almaMater","http://dbpedia.org/resource/Mohanlal_Sukhadia_University"
"http://dbpedia.org/property/nominator","http://dbpedia.org/resource/Lewis_O._Barrows"
"http://dbpedia.org/property/nominator","http://dbpedia.org/resource/Percival_P._Baxter"
"http://dbpedia.org/ontology/activeYearsStartDate",2023-12-04
"http://dbpedia.org/ontology/almaMater","http://dbpedia.org/resource/Bob_Jones_University"
"http://dbpedia.org/ontology/almaMater","http://dbpedia.org/resource/University_of_Michigan"
"http://dbpedia.org/ontology/almaMater","http://dbpedia.org/resource/Professional_degrees_of_public_health"
"http://dbpedia.org/ontology/almaMater","http://dbpedia.org/resource/Master_of_Social_Work"
"http://dbpedia.org/ontology/almaMater","http://dbpedia.org/resource/National_University_of_Singapore"
"http://dbpedia.org/ontology/almaMater","http://dbpedia.org/resource/Lee_Kuan_Yew_School_of_Public_Policy"
"http://dbpedia.org/ontology/almaMater","http://dbpedia.org/resource/Universiti_Utara_Malaysia"
"http://dbpedia.org/ontology/almaMater","http://dbpedia.org/resource/Mohanlal_Sukhadia_University"
"http://dbpedia.org/ontology/birthName","Charles Emil Sova"
"http://dbpedia.org/ontology/education","http://dbpedia.org/resource/Western_Kentucky_University"
"http://dbpedia.org/ontology/education","http://dbpedia.org/resource/University_of_Alabama"
"http://dbpedia.org/ontology/education","http://dbpedia.org/resource/Samford_University"
"http://dbpedia.org/ontology/education","http://dbpedia.org/resource/Bachelor_of_Science"
"http://dbpedia.org/ontology/education","http://dbpedia.org/resource/Fairfield_University"
"http://dbpedia.org/ontology/education","http://dbpedia.org/resource/Georgia_State_University"
"http://dbpedia.org/ontology/militaryService","http://dbpedia.org/resource/Charles_E._Sova__MilitaryService__1"
"http://dbpedia.org/ontology/occupation","http://dbpedia.org/resource/Financial_adviser"
"http://dbpedia.org/ontology/orderInOffice","Member of theNational Council (Switzerland)"
"http://dbpedia.org/ontology/party","http://dbpedia.org/resource/North_Dakota_Republican_Party"
"http://dbpedia.org/ontology/party","http://dbpedia.org/resource/People's_Action_Party"
"http://dbpedia.org/ontology/party","http://dbpedia.org/resource/Independent_politician"
"http://dbpedia.org/ontology/party","http://dbpedia.org/resource/Swiss_People's_Party"
"http://dbpedia.org/ontology/region","http://dbpedia.org/resource/Aargau_(constituency)"
"http://dbpedia.org/ontology/residence","http://dbpedia.org/resource/Fargo,_North_Dakota"
"http://dbpedia.org/ontology/residence","http://dbpedia.org/resource/Ann_Arbor,_Michigan"
"http://dbpedia.org/ontology/residence","http://dbpedia.org/resource/Grafton,_New_Hampshire"
"http://dbpedia.org/ontology/residence","http://dbpedia.org/resource/Chittorgarh"
"http://dbpedia.org/ontology/residence","http://dbpedia.org/resource/Zeihen"
"http://dbpedia.org/ontology/restingPlace","http://dbpedia.org/resource/Fort_Custer_National_Cemetery"
"http://dbpedia.org/ontology/signature","Carrie Rheingans Signature.png"
"http://dbpedia.org/ontology/termPeriod","http://dbpedia.org/resource/Carrie_Gendreau__Tenure__1"
"http://dbpedia.org/ontology/termPeriod","http://dbpedia.org/resource/Carrie_McLeod__Tenure__1"
"http://dbpedia.org/ontology/termPeriod","http://dbpedia.org/resource/Carrie_Rheingans__Tenure__1"
"http://dbpedia.org/ontology/termPeriod","http://dbpedia.org/resource/Carrie_Tan__Tenure__1"
"http://dbpedia.org/ontology/termPeriod","http://dbpedia.org/resource/Catherine_Mulholland__Tenure__1"
"http://dbpedia.org/ontology/termPeriod","http://dbpedia.org/resource/Catherine_Mulholland__Tenure__2"
"http://dbpedia.org/ontology/termPeriod","http://dbpedia.org/resource/Chad_Aull__Tenure__1"
"http://dbpedia.org/ontology/termPeriod","http://dbpedia.org/resource/Chad_Green_(politician)__Tenure__1"
"http://dbpedia.org/ontology/termPeriod","http://dbpedia.org/resource/Chan_Chun_Kuang__Tenure__1"
"http://dbpedia.org/ontology/termPeriod","http://dbpedia.org/resource/Chandrabhan_Singh_Aakya__Tenure__1"
"http://dbpedia.org/ontology/termPeriod","http://dbpedia.org/resource/Charles_A._Pratt__Tenure__1"
"http://dbpedia.org/ontology/termPeriod","http://dbpedia.org/resource/Charles_Cannon_(Georgia_politician)__Tenure__1"
"http://dbpedia.org/ontology/termPeriod","http://dbpedia.org/resource/Charles_E._Sova__Tenure__1"
"http://dbpedia.org/ontology/termPeriod","http://dbpedia.org/resource/Charles_E._Sova__Tenure__2"
"http://dbpedia.org/ontology/termPeriod","http://dbpedia.org/resource/Charles_McMahon_(politician)__Tenure__1"
"http://dbpedia.org/ontology/termPeriod","http://dbpedia.org/resource/Charles_McMahon_(politician)__Tenure__2"
"http://dbpedia.org/ontology/termPeriod","http://dbpedia.org/resource/Charles_McMahon_(politician)__Tenure__3"
"http://dbpedia.org/ontology/termPeriod","http://dbpedia.org/resource/Charles_McMahon_(politician)__Tenure__4"
"http://dbpedia.org/ontology/termPeriod","http://dbpedia.org/resource/Charles_P._Barnes__Tenure__1"
"http://dbpedia.org/ontology/termPeriod","http://dbpedia.org/resource/Charles_P._Barnes__Tenure__2"
"http://dbpedia.org/ontology/termPeriod","http://dbpedia.org/resource/Charles_P._Barnes__Tenure__3"
"http://dbpedia.org/ontology/termPeriod","http://dbpedia.org/resource/Charles_P._Barnes__Tenure__4"
"http://dbpedia.org/ontology/termPeriod","http://dbpedia.org/resource/Chittem_Parnika_Reddy__Tenure__1"
"http://dbpedia.org/ontology/termPeriod","http://dbpedia.org/resource/Chris_True__Tenure__1"
"http://dbpedia.org/ontology/termPeriod","http://dbpedia.org/resource/Chris_True__Tenure__2"
"http://dbpedia.org/ontology/termPeriod","http://dbpedia.org/resource/Christian_Diego_Di_Sanzo__Tenure__1"
"http://dbpedia.org/ontology/termPeriod","http://dbpedia.org/resource/Chuck_Eaton__Tenure__1"
"http://dbpedia.org/ontology/termPeriod","http://dbpedia.org/resource/Chuck_Eaton__Tenure__2"
"http://dbpedia.org/ontology/thumbnail","http://commons.wikimedia.org/wiki/Special:FilePath/Carrie_Rheingans.png?width=300"
"http://dbpedia.org/ontology/thumbnail","http://commons.wikimedia.org/wiki/Special:FilePath/Carrie_Tan_(cropped).jpg?width=300"
"http://dbpedia.org/ontology/thumbnail","http://commons.wikimedia.org/wiki/Special:FilePath/Chad_Aull.jpg?width=300"
"http://dbpedia.org/ontology/thumbnail","http://commons.wikimedia.org/wiki/Special:FilePath/Bill_Signings,_Richmond_-_Chad_Green_9-15-25_(cropped).jpg?width=300"
"http://dbpedia.org/ontology/thumbnail","http://commons.wikimedia.org/wiki/Special:FilePath/PKR_8656_(3).jpg?width=300"
"http://dbpedia.org/ontology/thumbnail","http://commons.wikimedia.org/wiki/Special:FilePath/Chandrabhan_Singh_Aakya.jpg?width=300"
"http://dbpedia.org/ontology/thumbnail","http://commons.wikimedia.org/wiki/Special:FilePath/Charles_A._Pratt_1928.jpg?width=300"
"http://dbpedia.org/ontology/thumbnail","http://commons.wikimedia.org/wiki/Special:FilePath/Official_headshot_of_Chas_Cannon.jpg?width=300"
"http://dbpedia.org/ontology/thumbnail","http://commons.wikimedia.org/wiki/Special:FilePath/Justice_Barnes.png?width=300"
"http://dbpedia.org/ontology/thumbnail","http://commons.wikimedia.org/wiki/Special:FilePath/Chris_True_by_Gage_Skidmore.jpg?width=300"
"http://dbpedia.org/ontology/thumbnail","http://commons.wikimedia.org/wiki/Special:FilePath/Christoph_Riner_portrait_(cropped).jpg?width=300"
"http://dbpedia.org/ontology/thumbnail","http://commons.wikimedia.org/wiki/Special:FilePath/Chuck_Eaton_PSC.jpg?width=300"
"http://dbpedia.org/property/alongside","http://dbpedia.org/resource/Scott_Wagner_(North_Dakota_politician)"
"http://dbpedia.org/property/wikiPageUsesTemplate","http://dbpedia.org/resource/Template:NewHampshire-NHSenate-stub"
"http://dbpedia.org/property/wikiPageUsesTemplate","http://dbpedia.org/resource/Template:New_Hampshire_State_Senators"
"http://dbpedia.org/property/wikiPageUsesTemplate","http://dbpedia.org/resource/Template:Start_date"
"http://dbpedia.org/property/wikiPageUsesTemplate","http://dbpedia.org/resource/Template:North_Dakota_House_of_Representatives"
"http://dbpedia.org/property/wikiPageUsesTemplate","http://dbpedia.org/resource/Template:Michigan-MIRepresentative-stub"
"http://dbpedia.org/property/wikiPageUsesTemplate","http://dbpedia.org/resource/Template:Michigan_House_of_Representatives"
"http://dbpedia.org/property/wikiPageUsesTemplate","http://dbpedia.org/resource/Template:14th_Parliament_of_Singapore"
"http://dbpedia.org/property/wikiPageUsesTemplate","http://dbpedia.org/resource/Template:Use_Singapore_English"
"http://dbpedia.org/property/wikiPageUsesTemplate","http://dbpedia.org/resource/Template:Ublist"
"http://dbpedia.org/property/wikiPageUsesTemplate","http://dbpedia.org/resource/Template:Georgia_House_of_Representatives"
"http://dbpedia.org/property/wikiPageUsesTemplate","http://dbpedia.org/resource/Template:Republican_Party_(United_States)"
"http://dbpedia.org/property/wikiPageUsesTemplate","http://dbpedia.org/resource/Template:S-gov"
"http://dbpedia.org/property/wikiPageUsesTemplate","http://dbpedia.org/resource/Template:S-legal"
"http://dbpedia.org/property/wikiPageUsesTemplate","http://dbpedia.org/resource/Template:Speakers_of_the_Maine_House_of_Representatives"
"http://dbpedia.org/property/wikiPageUsesTemplate","http://dbpedia.org/resource/Template:Zambia-politician-stub"
"http://dbpedia.org/property/wikiPageUsesTemplate","http://dbpedia.org/resource/Template:Italy-politician-DemocraticPartyItaly-stub"
"http://dbpedia.org/property/wikiPageUsesTemplate","http://dbpedia.org/resource/Template:Switzerland-politician-stub"
"http://dbpedia.org/property/wikiPageUsesTemplate","http://dbpedia.org/resource/Template:IPA"
"http://dbpedia.org/property/wikiPageUsesTemplate","http://dbpedia.org/resource/Template:URL"
"http://dbpedia.org/property/wikiPageUsesTemplate","http://dbpedia.org/resource/Template:Georgia_statewide_political_officials"
"http://dbpedia.org/property/assembly","Pahang State Legislative"
"http://dbpedia.org/property/birthDate",0001-10-02
"http://dbpedia.org/property/birthDate",1982-04-11
"http://dbpedia.org/property/birthDate",1982-01-28
"http://dbpedia.org/property/birthDate",1976-09-05
"http://dbpedia.org/property/birthDate",1909-04-02
"http://dbpedia.org/property/birthDate",1928-05-23
"http://dbpedia.org/property/birthDate",1869-10-12
"http://dbpedia.org/property/birthDate",1977-06-12
"http://dbpedia.org/property/birthDate",1969-04-01
"http://dbpedia.org/property/branch","http://dbpedia.org/resource/United_States_Army"
"http://dbpedia.org/property/citizenship","http://dbpedia.org/resource/United_States"
"http://dbpedia.org/property/constituency","Grafton 10th"
"http://dbpedia.org/property/constituency","Grafton 17th"
"http://dbpedia.org/property/constituency","http://dbpedia.org/resource/Chittorgarh_Assembly_constituency"
"http://dbpedia.org/property/constituency","Grafton 10"
"http://dbpedia.org/property/constituency","Grafton 11"
"http://dbpedia.org/property/constituency","http://dbpedia.org/resource/Narayanpet_Assembly_constituency"
"http://dbpedia.org/property/constituency","http://dbpedia.org/resource/Overseas_constituencies_of_the_Italian_Parliament"
"http://dbpedia.org/property/constituency","http://dbpedia.org/resource/Aargau_(constituency)"
"http://dbpedia.org/property/deathDate",1989-03-21
"http://dbpedia.org/property/deathDate",2019-07-02
"http://dbpedia.org/property/deathDate",0001-12-14
"http://dbpedia.org/property/education","Western Kentucky University"
"http://dbpedia.org/property/education","University of Alabama"
"http://dbpedia.org/property/education","Samford University"
"http://dbpedia.org/property/education","M.P.Ed."
"http://dbpedia.org/property/education","Howard University"
"http://dbpedia.org/property/education","Fairfield University"
"http://dbpedia.org/property/education","http://dbpedia.org/resource/University_of_Alabama"
"http://dbpedia.org/property/education","Georgia State University"
"http://dbpedia.org/property/occupation","Financial consultant"
"http://dbpedia.org/property/office","Member of the New Hampshire Senate"
"http://dbpedia.org/property/office","from the 1st district"
"http://dbpedia.org/property/office","http://dbpedia.org/resource/New_Hampshire_House_of_Representatives"
"http://dbpedia.org/property/office","Member of the"
"http://dbpedia.org/property/office",""
"http://dbpedia.org/property/office","York County Board of Supervisors"
"http://dbpedia.org/property/office","Judge of the 8th District Court"
"http://dbpedia.org/property/office","Member of the Telangana Legislative Assembly"
"http://dbpedia.org/property/office","Member of the National Council (Switzerland)"
"http://dbpedia.org/property/office","Judge of the Georgia Superior Courts"
"http://dbpedia.org/property/office","in the Atlanta Judicial Circuit"
"http://dbpedia.org/property/office","Member of the Georgia Public Service Commission for District 3"
"http://dbpedia.org/property/order",17
"http://dbpedia.org/property/order",67
"http://dbpedia.org/property/order","http://dbpedia.org/resource/Maine_Attorney_General"
"http://dbpedia.org/property/order","http://dbpedia.org/resource/List_of_justices_of_the_Maine_Supreme_Judicial_Court"
"http://dbpedia.org/property/order","Member of the Maine House of Representatives from the 7th District"
"http://dbpedia.org/property/order","President of the Economic and Equity Party"
"http://dbpedia.org/property/order","Member of the Chamber of Deputies"
"http://dbpedia.org/property/otherparty","http://dbpedia.org/resource/Pakatan_Harapan"
"http://dbpedia.org/property/otherparty","http://dbpedia.org/resource/Bharatiya_Janata_Party"
"http://dbpedia.org/property/otherparty",""
"http://dbpedia.org/property/party","http://dbpedia.org/resource/North_Dakota_Republican_Party"
"http://dbpedia.org/property/party","http://dbpedia.org/resource/People's_Action_Party"
"http://dbpedia.org/property/party","http://dbpedia.org/resource/People's_Justice_Party_(Malaysia)"
"http://dbpedia.org/property/party","http://dbpedia.org/resource/Independent_politician"
"http://dbpedia.org/property/party","Economic and Equity Party"
"http://dbpedia.org/property/party","http://dbpedia.org/resource/Swiss_People's_Party"
"http://dbpedia.org/property/predecessor","http://dbpedia.org/resource/Erin_Hennessey"
"http://dbpedia.org/property/predecessor","http://dbpedia.org/resource/Bob_Bezotte"
"http://dbpedia.org/property/predecessor","http://dbpedia.org/resource/Lee_Bee_Wah"
"http://dbpedia.org/property/predecessor","District established"
"http://dbpedia.org/property/predecessor","Edward ""Ned"" Densmore"
"http://dbpedia.org/property/predecessor","http://dbpedia.org/resource/Susan_Westrom"
"http://dbpedia.org/property/predecessor","http://dbpedia.org/resource/Lee_Chean_Chung"
"http://dbpedia.org/property/predecessor","http://dbpedia.org/resource/Surendra_Singh_Jadawat"
"http://dbpedia.org/property/predecessor","http://dbpedia.org/resource/Catherine_Mulholland"
"http://dbpedia.org/property/predecessor","http://dbpedia.org/resource/Leonard_A._Pierce"
"http://dbpedia.org/property/predecessor","http://dbpedia.org/resource/Charles_J._Dunn"
"http://dbpedia.org/property/predecessor","http://dbpedia.org/resource/Frank_G._Farrington"
"http://dbpedia.org/property/predecessor","http://dbpedia.org/resource/George_M._Hanson"
"http://dbpedia.org/property/predecessor","http://dbpedia.org/resource/Shawn_Ellen_LaGrua"
"http://dbpedia.org/property/predecessor","http://dbpedia.org/resource/David_Burgess_(American_politician)"
"http://dbpedia.org/property/religion","Unitarian Universalist"
"http://dbpedia.org/property/restingPlace","http://dbpedia.org/resource/Fort_Custer_National_Cemetery"
"http://dbpedia.org/property/signature","Carrie Rheingans Signature.png"
"http://dbpedia.org/property/spouse","Marisa Aull"
"http://dbpedia.org/property/spouse","Vishwajith Reddy Chintalapani"
"http://dbpedia.org/property/stateHouse","North Dakota"
"http://dbpedia.org/property/stateHouse","Michigan"
"http://dbpedia.org/property/stateHouse","Georgia"
"http://dbpedia.org/property/successor","http://dbpedia.org/resource/David_Rochefort"
"http://dbpedia.org/property/successor","http://dbpedia.org/resource/Lee_Hui_Ying"
"http://dbpedia.org/property/successor","http://dbpedia.org/resource/Charles_E._Sova"
"http://dbpedia.org/property/successor","Stephen Darrow"
"http://dbpedia.org/property/successor","Paul Mirski"
"http://dbpedia.org/property/successor","Wendy Piper"
"http://dbpedia.org/property/successor","http://dbpedia.org/resource/Bernard_Archibald"
"http://dbpedia.org/property/successor","http://dbpedia.org/resource/George_H._Worster"
"http://dbpedia.org/property/successor","http://dbpedia.org/resource/Guy_H._Sturgis"
"http://dbpedia.org/property/successor","http://dbpedia.org/resource/Frank_H._Holley"
"http://dbpedia.org/property/successor","http://dbpedia.org/resource/Fitz_Johnson"
"http://dbpedia.org/property/termEnd",2024-12-04
"http://dbpedia.org/property/termEnd",2025-04-15
"http://dbpedia.org/property/termEnd",2010-10-13
"http://dbpedia.org/property/termEnd",2014-06-04
"http://dbpedia.org/property/termEnd",1911
"http://dbpedia.org/property/termEnd",1922
"http://dbpedia.org/property/termEnd",1939-11-21
"http://dbpedia.org/property/termEnd",1940-07-31
"http://dbpedia.org/property/termStart",2022-12-01
"http://dbpedia.org/property/termStart",2020-07-10
"http://dbpedia.org/property/termStart",2004-12-01
"http://dbpedia.org/property/termStart",2012-12-05
"http://dbpedia.org/property/termStart",2022-11-19
"http://dbpedia.org/property/termStart",1968
"http://dbpedia.org/property/termStart",2023-01-31
"http://dbpedia.org/property/termStart",2000
"http://dbpedia.org/property/termStart",2004
"http://dbpedia.org/property/termStart",1909
"http://dbpedia.org/property/termStart",1917
"http://dbpedia.org/property/termStart",1924-04-17
"http://dbpedia.org/property/termStart",1939-11-21
"http://dbpedia.org/property/termStart",2014-12-03
"http://dbpedia.org/property/termStart",2022-10-13
"http://dbpedia.org/property/termStart",2023-12-04
"http://dbpedia.org/property/termStart",2021-08-12
"http://dbpedia.org/property/title",""
"http://dbpedia.org/property/title","Member of Parliament for"
"http://dbpedia.org/property/title","Nee Soon GRC"
"http://dbpedia.org/property/title","http://dbpedia.org/resource/Maine_Attorney_General"
"http://dbpedia.org/property/title","http://dbpedia.org/resource/List_of_speakers_of_the_Maine_House_of_Representatives"
"http://dbpedia.org/property/title","http://dbpedia.org/resource/List_of_justices_of_the_Maine_Supreme_Judicial_Court"
"http://dbpedia.org/property/title","Member of the Maine House of Representatives from the 7th District"
"http://dbpedia.org/property/website","http://reprheingans.com/"
"http://dbpedia.org/property/website","https://www.chadaull.com"
"http://dbpedia.org/property/website","https://www.parlament.ch/de/biografie/christoph-riner/10801%7CParliament"
"http://dbpedia.org/property/years",2020
"http://dbpedia.org/property/years",1909
"http://dbpedia.org/property/years",1917
"http://dbpedia.org/property/years",1921
"http://dbpedia.org/property/years",1924
"http://dbpedia.org/property/years",1939
"http://dbpedia.org/property/appointer","http://dbpedia.org/resource/Brian_Kemp"
"http://dbpedia.org/property/constituencyMp","http://dbpedia.org/resource/Nee_Soon_Group_Representation_Constituency"
"http://dbpedia.org/property/constituencyMp",""
"http://dbpedia.org/property/votes",422
"http://dbpedia.org/property/votes",2790
"http://dbpedia.org/property/votes",3212
"http://dbpedia.org/property/votes",9215
"http://dbpedia.org/property/votes",12659
"http://dbpedia.org/property/candidate","Chad Aull"
"http://dbpedia.org/property/candidate","Justin Bramhall"
"http://dbpedia.org/property/percentage",13.1
"http://dbpedia.org/property/percentage",86.90000000000001
"http://dbpedia.org/property/birthName","Charles Emil Sova"
"http://dbpedia.org/property/birthName","Christoph Riner"
"http://www.w3.org/ns/prov#wasDerivedFrom","http://en.wikipedia.org/wiki/Carrie_Gendreau?oldid=1292398205&ns=0"
"http://www.w3.org/ns/prov#wasDerivedFrom","http://en.wikipedia.org/wiki/Carrie_McLeod?oldid=1260708628&ns=0"
"http://www.w3.org/ns/prov#wasDerivedFrom","http://en.wikipedia.org/wiki/Carrie_Rheingans?oldid=1303739743&ns=0"
"http://www.w3.org/ns/prov#wasDerivedFrom","http://en.wikipedia.org/wiki/Carrie_Tan?oldid=1307866503&ns=0"
"http://www.w3.org/ns/prov#wasDerivedFrom","http://en.wikipedia.org/wiki/Catherine_Mulholland?oldid=1289477144&ns=0"
"http://www.w3.org/ns/prov#wasDerivedFrom","http://en.wikipedia.org/wiki/Chad_Aull?oldid=1297325118&ns=0"
"http://www.w3.org/ns/prov#wasDerivedFrom","http://en.wikipedia.org/wiki/Chad_Green_(politician)?oldid=1311953659&ns=0"
"http://www.w3.org/ns/prov#wasDerivedFrom","http://en.wikipedia.org/wiki/Chan_Chun_Kuang?oldid=1286985600&ns=0"
"http://www.w3.org/ns/prov#wasDerivedFrom","http://en.wikipedia.org/wiki/Chandrabhan_Singh_Aakya?oldid=1292151774&ns=0"
"http://www.w3.org/ns/prov#wasDerivedFrom","http://en.wikipedia.org/wiki/Charles_A._Pratt?oldid=1292098674&ns=0"
"http://www.w3.org/ns/prov#wasDerivedFrom","http://en.wikipedia.org/wiki/Charles_Cannon_(Georgia_politician)?oldid=1310452620&ns=0"
"http://www.w3.org/ns/prov#wasDerivedFrom","http://en.wikipedia.org/wiki/Charles_E._Sova?oldid=1292399512&ns=0"
"http://www.w3.org/ns/prov#wasDerivedFrom","http://en.wikipedia.org/wiki/Charles_McMahon_(politician)?oldid=1297031502&ns=0"
"http://www.w3.org/ns/prov#wasDerivedFrom","http://en.wikipedia.org/wiki/Charles_P._Barnes?oldid=1263310381&ns=0"
"http://www.w3.org/ns/prov#wasDerivedFrom","http://en.wikipedia.org/wiki/Chilufya_Tayali?oldid=1299966056&ns=0"
"http://www.w3.org/ns/prov#wasDerivedFrom","http://en.wikipedia.org/wiki/Chittem_Parnika_Reddy?oldid=1294854080&ns=0"
"http://www.w3.org/ns/prov#wasDerivedFrom","http://en.wikipedia.org/wiki/Chris_True?oldid=1296103655&ns=0"
"http://www.w3.org/ns/prov#wasDerivedFrom","http://en.wikipedia.org/wiki/Christian_Diego_Di_Sanzo?oldid=1281414181&ns=0"
"http://www.w3.org/ns/prov#wasDerivedFrom","http://en.wikipedia.org/wiki/Christoph_Riner?oldid=1310859732&ns=0"
"http://www.w3.org/ns/prov#wasDerivedFrom","http://en.wikipedia.org/wiki/Chuck_Eaton?oldid=1254468334&ns=0"
"http://dbpedia.org/property/after","http://dbpedia.org/resource/Bernard_Archibald"
"http://dbpedia.org/property/after","http://dbpedia.org/resource/George_H._Worster"
"http://dbpedia.org/property/after","http://dbpedia.org/resource/Guy_H._Sturgis"
"http://dbpedia.org/property/after","http://dbpedia.org/resource/Frank_H._Holley"
"http://dbpedia.org/property/after","N/A"
"http://dbpedia.org/property/before","http://dbpedia.org/resource/Leonard_A._Pierce"
"http://dbpedia.org/property/before","http://dbpedia.org/resource/Charles_J._Dunn"
"http://dbpedia.org/property/before","http://dbpedia.org/resource/Frank_G._Farrington"
"http://dbpedia.org/property/before","http://dbpedia.org/resource/George_M._Hanson"
"http://dbpedia.org/property/before","N/A"
"http://dbpedia.org/property/honorificPrefix","The Honorable"
"http://dbpedia.org/property/residence","http://dbpedia.org/resource/Fargo,_North_Dakota"
"http://dbpedia.org/property/residence","http://dbpedia.org/resource/Ann_Arbor,_Michigan"
"http://dbpedia.org/property/residence","Grafton, New Hampshire, U.S."
"http://dbpedia.org/property/residence","http://dbpedia.org/resource/Chittorgarh"
"http://dbpedia.org/property/residence","Zeihen, Switzerland"
"http://dbpedia.org/property/caption","Rheingans at a University of Michigan Gerald R. Ford School of Public Policy event, September 2024"
"http://dbpedia.org/property/caption","Official portrait, 2020"
"http://dbpedia.org/property/caption","Green in 2025"
"http://dbpedia.org/property/caption","Official headshot"
"http://dbpedia.org/property/caption","Tayali in 2022"
"http://dbpedia.org/property/caption","True in 2022"
"http://dbpedia.org/property/parliament","Singapore"
"http://dbpedia.org/property/majority",33177
"http://dbpedia.org/property/majority",1804
"http://dbpedia.org/property/constituencyAm","http://dbpedia.org/resource/Semambu"
"http://dbpedia.org/property/term",1921
"http://dbpedia.org/property/district",45
"http://dbpedia.org/property/district",47
"http://dbpedia.org/property/district",69
"http://dbpedia.org/property/district",172
"http://dbpedia.org/property/district","Rockingham 4th"
"http://dbpedia.org/property/district","Rockingham 17th"
"http://dbpedia.org/property/district","Rockingham 7th"
"http://dbpedia.org/property/district","Rockingham 76th"
"http://dbpedia.org/property/district","Rockingham 9th"
"http://dbpedia.org/property/preceded","http://dbpedia.org/resource/Betsy_B._Carr"
"http://dbpedia.org/property/preceded","http://dbpedia.org/resource/Sam_Watson_(politician)"
"http://dbpedia.org/property/termend",2021-08-12
"http://dbpedia.org/property/termstart","January 2007"
"http://xmlns.com/foaf/0.1/isPrimaryTopicOf","http://en.wikipedia.org/wiki/Carrie_Gendreau"
"http://xmlns.com/foaf/0.1/isPrimaryTopicOf","http://en.wikipedia.org/wiki/Carrie_McLeod"
"http://xmlns.com/foaf/0.1/isPrimaryTopicOf","http://en.wikipedia.org/wiki/Carrie_Rheingans"
"http://xmlns.com/foaf/0.1/isPrimaryTopicOf","http://en.wikipedia.org/wiki/Carrie_Tan"
"http://xmlns.com/foaf/0.1/isPrimaryTopicOf","http://en.wikipedia.org/wiki/Catherine_Mulholland"
"http://xmlns.com/foaf/0.1/isPrimaryTopicOf","http://en.wikipedia.org/wiki/Chad_Aull"
"http://xmlns.com/foaf/0.1/isPrimaryTopicOf","http://en.wikipedia.org/wiki/Chad_Green_(politician)"
"http://xmlns.com/foaf/0.1/isPrimaryTopicOf","http://en.wikipedia.org/wiki/Chan_Chun_Kuang"
"http://xmlns.com/foaf/0.1/isPrimaryTopicOf","http://en.wikipedia.org/wiki/Chandrabhan_Singh_Aakya"
"http://xmlns.com/foaf/0.1/isPrimaryTopicOf","http://en.wikipedia.org/wiki/Charles_A._Pratt"
"http://xmlns.com/foaf/0.1/isPrimaryTopicOf","http://en.wikipedia.org/wiki/Charles_Cannon_(Georgia_politician)"
"http://xmlns.com/foaf/0.1/isPrimaryTopicOf","http://en.wikipedia.org/wiki/Charles_E._Sova"
"http://xmlns.com/foaf/0.1/isPrimaryTopicOf","http://en.wikipedia.org/wiki/Charles_McMahon_(politician)"
"http://xmlns.com/foaf/0.1/isPrimaryTopicOf","http://en.wikipedia.org/wiki/Charles_P._Barnes"
"http://xmlns.com/foaf/0.1/isPrimaryTopicOf","http://en.wikipedia.org/wiki/Chilufya_Tayali"
"http://xmlns.com/foaf/0.1/isPrimaryTopicOf","http://en.wikipedia.org/wiki/Chittem_Parnika_Reddy"
"http://xmlns.com/foaf/0.1/isPrimaryTopicOf","http://en.wikipedia.org/wiki/Chris_True"
"http://xmlns.com/foaf/0.1/isPrimaryTopicOf","http://en.wikipedia.org/wiki/Christian_Diego_Di_Sanzo"
"http://xmlns.com/foaf/0.1/isPrimaryTopicOf","http://en.wikipedia.org/wiki/Christoph_Riner"
"http://xmlns.com/foaf/0.1/isPrimaryTopicOf","http://en.wikipedia.org/wiki/Chuck_Eaton"
"http://www.w3.org/2002/07/owl#sameAs","http://www.wikidata.org/entity/Q113413961"
"http://www.w3.org/2002/07/owl#sameAs","https://global.dbpedia.org/id/GSu2y"
"http://www.w3.org/2002/07/owl#sameAs","http://www.wikidata.org/entity/Q108919789"
"http://www.w3.org/2002/07/owl#sameAs","https://global.dbpedia.org/id/G6iQ6"
"http://www.w3.org/2002/07/owl#sameAs","http://www.wikidata.org/entity/Q112331406"
"http://www.w3.org/2002/07/owl#sameAs","http://ta.dbpedia.org/resource/தி._தாமோதர்_ராவ்"
"http://www.w3.org/2002/07/owl#sameAs","https://global.dbpedia.org/id/GW5HL"
"http://xmlns.com/foaf/0.1/name","Clinton E. Deveaux"
"http://xmlns.com/foaf/0.1/name","Clyde Galloway"
"http://xmlns.com/foaf/0.1/name","Colleen Shogan"
"http://xmlns.com/foaf/0.1/name","Concilie Nibigira"
"http://xmlns.com/foaf/0.1/name","Cornell N. Dypski"
"http://xmlns.com/foaf/0.1/name","Cynthia Robinson Alexander"
"http://xmlns.com/foaf/0.1/name","Cyril Aures"
"http://xmlns.com/foaf/0.1/name","Divakonda Damodar Rao"
"http://xmlns.com/foaf/0.1/name","D. Smith Talbot"
"http://xmlns.com/foaf/0.1/name","Dale-Elizabeth Pehrsson"
"http://xmlns.com/foaf/0.1/name","Dan McKeon"
"http://xmlns.com/foaf/0.1/name","Daniel Bell"
"http://xmlns.com/foaf/0.1/name","Daniel Foulke Moore"
"http://xmlns.com/foaf/0.1/name","Daniel Veilleux"
"http://xmlns.com/foaf/0.1/name","Danny Bentley"
"http://xmlns.com/foaf/0.1/name","Danny Rampey"
"http://xmlns.com/foaf/0.1/name","Dave Boliek"
"http://xmlns.com/foaf/0.1/name","Dave Porter"
"http://xmlns.com/foaf/0.1/name","David-Jaya Piot"
"http://xmlns.com/foaf/0.1/name","David Bickford"
"http://www.w3.org/2000/01/rdf-schema#label","Clinton E. Deveaux"
"http://www.w3.org/2000/01/rdf-schema#label","Clyde Galloway"
"http://www.w3.org/2000/01/rdf-schema#label","Colleen Joy Shogan"
"http://www.w3.org/2000/01/rdf-schema#label","Collette Brown (politician)"
"http://www.w3.org/2000/01/rdf-schema#label","Concilie Nibigira"
"http://www.w3.org/2000/01/rdf-schema#label","Cornell N. Dypski"
"http://www.w3.org/2000/01/rdf-schema#label","Cynthia Robinson Alexander"
"http://www.w3.org/2000/01/rdf-schema#label","Cyril Aures"
"http://www.w3.org/2000/01/rdf-schema#label","D. Damodar Rao"
"http://www.w3.org/2000/01/rdf-schema#label","D. Smith Talbot"
"http://www.w3.org/2000/01/rdf-schema#label","Dale-Elizabeth Pehrsson"
"http://www.w3.org/2000/01/rdf-schema#label","Dan McKeon"
"http://www.w3.org/2000/01/rdf-schema#label","Daniel Bell (politician)"
"http://www.w3.org/2000/01/rdf-schema#label","Daniel Foulke Moore"
"http://www.w3.org/2000/01/rdf-schema#label","Daniel Veilleux"
"http://www.w3.org/2000/01/rdf-schema#label","Danny Bentley"
"http://www.w3.org/2000/01/rdf-schema#label","Danny Rampey"
"http://www.w3.org/2000/01/rdf-schema#label","Dave Boliek"
"http://www.w3.org/2000/01/rdf-schema#label","Dave Porter (Norfolk Islander politician)"
"http://www.w3.org/2000/01/rdf-schema#label","David-Jaya Piot"
"http://www.w3.org/2000/01/rdf-schema#label","David Bickford"
"http://dbpedia.org/ontology/deathPlace","http://dbpedia.org/resource/Hunt_Valley,_Maryland"
"http://dbpedia.org/ontology/deathPlace","http://dbpedia.org/resource/Norristown,_Pennsylvania"
"http://dbpedia.org/ontology/deathPlace","http://dbpedia.org/resource/Philadelphia"
"http://dbpedia.org/property/deathPlace","Hunt Valley, Maryland, U.S."
"http://dbpedia.org/property/deathPlace","Norristown, Pennsylvania, U.S."
"http://dbpedia.org/property/deathPlace","Philadelphia, Pennsylvania, U.S."
"http://dbpedia.org/ontology/deathDate",2009-12-30
"http://dbpedia.org/ontology/deathDate",2009-01-20
"http://dbpedia.org/ontology/deathDate",1915-03-05
"http://dbpedia.org/ontology/deathDate",1919-01-01
"http://dbpedia.org/ontology/birthPlace","http://dbpedia.org/resource/Holmes_County,_Florida"
"http://dbpedia.org/ontology/birthPlace","http://dbpedia.org/resource/Pennsylvania"
"http://dbpedia.org/ontology/birthPlace","http://dbpedia.org/resource/Greater_Pittsburgh"
"http://dbpedia.org/ontology/birthPlace","http://dbpedia.org/resource/Baltimore"
"http://dbpedia.org/ontology/birthPlace","http://dbpedia.org/resource/Honey_Brook,_Pennsylvania"
"http://dbpedia.org/ontology/birthPlace","http://dbpedia.org/resource/Upper_Merion_Township,_Pennsylvania"
"http://dbpedia.org/ontology/birthPlace","http://dbpedia.org/resource/Cambodia"
"http://dbpedia.org/ontology/birthPlace","http://dbpedia.org/resource/Siem_Reap"
"http://dbpedia.org/property/birthPlace","New York, U.S."
"http://dbpedia.org/property/birthPlace","Holmes County, Florida, U.S."
"http://dbpedia.org/property/birthPlace","Greater Pittsburgh, Pennsylvania, U.S."
"http://dbpedia.org/property/birthPlace","Baltimore, Maryland, U.S."
"http://dbpedia.org/property/birthPlace","Honey Brook, Pennsylvania, U.S."
"http://dbpedia.org/property/birthPlace","http://dbpedia.org/resource/Upper_Merion_Township,_Pennsylvania"
"http://dbpedia.org/property/birthPlace","Siem Reap, Cambodia"
"http://dbpedia.org/ontology/birthDate",1946-05-31
"http://dbpedia.org/ontology/birthDate",1925-08-01
"http://dbpedia.org/ontology/birthDate",1931-09-23
"http://dbpedia.org/ontology/birthDate",1841-11-19
"http://dbpedia.org/ontology/birthDate",1841-07-24
"http://dbpedia.org/ontology/birthDate",1954-10-02
"http://dbpedia.org/ontology/birthDate",1996-08-23
"http://purl.org/dc/terms/subject","http://dbpedia.org/resource/Category:Emory_University_School_of_Law_alumni"
"http://purl.org/dc/terms/subject","http://dbpedia.org/resource/Category:1946_births"
"http://purl.org/dc/terms/subject","http://dbpedia.org/resource/Category:University_at_Buffalo_alumni"
"http://purl.org/dc/terms/subject","http://dbpedia.org/resource/Category:2009_deaths"
"http://purl.org/dc/terms/subject","http://dbpedia.org/resource/Category:People_from_Holmes_County,_Florida"
"http://purl.org/dc/terms/subject","http://dbpedia.org/resource/Category:Democratic_Party_Florida_state_senators"
"http://purl.org/dc/terms/subject","http://dbpedia.org/resource/Category:American_political_scientists"
"http://purl.org/dc/terms/subject","http://dbpedia.org/resource/Category:Georgetown_University_alumni"
"http://purl.org/dc/terms/subject","http://dbpedia.org/resource/Category:Boston_College_alumni"
"http://purl.org/dc/terms/subject","http://dbpedia.org/resource/Category:1975_births"
"http://purl.org/dc/terms/subject","http://dbpedia.org/resource/Category:George_Mason_University_alumni"
"http://purl.org/dc/terms/subject","http://dbpedia.org/resource/Category:Biden_administration_personnel"
"http://purl.org/dc/terms/subject","http://dbpedia.org/resource/Category:Yale_Graduate_School_of_Arts_and_Sciences_alumni"
"http://purl.org/dc/terms/subject","http://dbpedia.org/resource/Category:National_Archives_and_Records_Administration"
"http://purl.org/dc/terms/subject","http://dbpedia.org/resource/Category:Native_American_state_legislators_in_North_Dakota"
"http://purl.org/dc/terms/subject","http://dbpedia.org/resource/Category:Democratic_Party_members_of_the_North_Dakota_House_of_Representatives"
"http://purl.org/dc/terms/subject","http://dbpedia.org/resource/Category:21st-century_Native_American_politicians"
"http://purl.org/dc/terms/subject","http://dbpedia.org/resource/Category:1931_births"
"http://purl.org/dc/terms/subject","http://dbpedia.org/resource/Category:Politicians_from_Baltimore"
"http://purl.org/dc/terms/subject","http://dbpedia.org/resource/Category:20th-century_members_of_the_Maryland_General_Assembly"
"http://purl.org/dc/terms/subject","http://dbpedia.org/resource/Category:21st-century_members_of_the_Maryland_General_Assembly"
"http://purl.org/dc/terms/subject","http://dbpedia.org/resource/Category:Democratic_Party_Maryland_state_senators"
"http://purl.org/dc/terms/subject","http://dbpedia.org/resource/Category:Democratic_Party_members_of_the_Maryland_House_of_Delegates"
"http://purl.org/dc/terms/subject","http://dbpedia.org/resource/Category:Presidents_of_Savannah_State_University"
"http://purl.org/dc/terms/subject","http://dbpedia.org/resource/Category:Boston_University_School_of_Law_alumni"
"http://purl.org/dc/terms/subject","http://dbpedia.org/resource/Category:Brown_University_alumni"
"http://purl.org/dc/terms/subject","http://dbpedia.org/resource/Category:Harvard_Kennedy_School_alumni"
"http://purl.org/dc/terms/subject","http://dbpedia.org/resource/Category:Bharat_Rashtra_Samithi"
"http://purl.org/dc/terms/subject","http://dbpedia.org/resource/Category:Rajya_Sabha_members_from_Telangana"
"http://purl.org/dc/terms/subject","http://dbpedia.org/resource/Category:People_from_West_Chester,_Pennsylvania"
"http://purl.org/dc/terms/subject","http://dbpedia.org/resource/Category:1915_deaths"
"http://purl.org/dc/terms/subject","http://dbpedia.org/resource/Category:19th-century_American_lawyers"
"http://purl.org/dc/terms/subject","http://dbpedia.org/resource/Category:Educators_from_Pennsylvania"
"http://purl.org/dc/terms/subject","http://dbpedia.org/resource/Category:1841_births"
"http://purl.org/dc/terms/subject","http://dbpedia.org/resource/Category:19th-century_American_educators"
"http://purl.org/dc/terms/subject","http://dbpedia.org/resource/Category:Union_army_soldiers"
"http://purl.org/dc/terms/subject","http://dbpedia.org/resource/Category:Pennsylvania_lawyers"
"http://purl.org/dc/terms/subject","http://dbpedia.org/resource/Category:20th-century_American_lawyers"
"http://purl.org/dc/terms/subject","http://dbpedia.org/resource/Category:People_of_Pennsylvania_in_the_American_Civil_War"
"http://purl.org/dc/terms/subject","http://dbpedia.org/resource/Category:Heads_of_universities_and_colleges_in_the_United_States"
"http://purl.org/dc/terms/subject","http://dbpedia.org/resource/Category:California_University_of_Pennsylvania_faculty"
"http://purl.org/dc/terms/subject","http://dbpedia.org/resource/Category:Central_Michigan_University_faculty"
"http://purl.org/dc/terms/subject","http://dbpedia.org/resource/Category:Idaho_State_University_alumni"
"http://purl.org/dc/terms/subject","http://dbpedia.org/resource/Category:Idaho_State_University_faculty"
"http://purl.org/dc/terms/subject","http://dbpedia.org/resource/Category:University_at_Albany,_SUNY_alumni"
"http://purl.org/dc/terms/subject","http://dbpedia.org/resource/Category:University_of_Nevada,_Las_Vegas_faculty"
"http://purl.org/dc/terms/subject","http://dbpedia.org/resource/Category:Oregon_State_University_faculty"
"http://purl.org/dc/terms/subject","http://dbpedia.org/resource/Category:Sam_Houston_State_University_faculty"
"http://purl.org/dc/terms/subject","http://dbpedia.org/resource/Category:Pennsylvania_Western_University_faculty"
"http://purl.org/dc/terms/subject","http://dbpedia.org/resource/Category:Clarion_University_of_Pennsylvania_faculty"
"http://purl.org/dc/terms/subject","http://dbpedia.org/resource/Category:Republican_Party_Nebraska_state_senators"
"http://purl.org/dc/terms/subject","http://dbpedia.org/resource/Category:21st-century_members_of_the_Nebraska_Legislature"
"http://purl.org/dc/terms/subject","http://dbpedia.org/resource/Category:Members_of_the_Florida_Territorial_Legislature"
"http://purl.org/dc/terms/subject","http://dbpedia.org/resource/Category:19th-century_members_of_the_Florida_Legislature"
"http://purl.org/dc/terms/subject","http://dbpedia.org/resource/Category:19th-century_Florida_politicians"
"http://purl.org/dc/terms/subject","http://dbpedia.org/resource/Category:1919_deaths"
"http://purl.org/dc/terms/subject","http://dbpedia.org/resource/Category:Pennsylvania_National_Guard_personnel"
"http://purl.org/dc/terms/subject","http://dbpedia.org/resource/Category:Ohio_University_faculty"
"http://purl.org/dc/terms/subject","http://dbpedia.org/resource/Category:21st-century_American_pharmacists"
"http://purl.org/dc/terms/subject","http://dbpedia.org/resource/Category:21st-century_American_educators"
"http://purl.org/dc/terms/subject","http://dbpedia.org/resource/Category:Antisemitism_in_Kentucky"
"http://purl.org/dc/terms/subject","http://dbpedia.org/resource/Category:Baptists_from_Kentucky"
"http://purl.org/dc/terms/subject","http://dbpedia.org/resource/Category:Pharmacists_from_Kentucky"
"http://purl.org/dc/terms/subject","http://dbpedia.org/resource/Category:Georgia_(U.S._state)_politicians_convicted_of_crimes"
"http://purl.org/dc/terms/subject","http://dbpedia.org/resource/Category:1960s_births"
"http://purl.org/dc/terms/subject","http://dbpedia.org/resource/Category:Campbell_University_alumni"
"http://purl.org/dc/terms/subject","http://dbpedia.org/resource/Category:University_of_North_Carolina_at_Chapel_Hill_alumni"
"http://purl.org/dc/terms/subject","http://dbpedia.org/resource/Category:North_Carolina_Republicans"
"http://purl.org/dc/terms/subject","http://dbpedia.org/resource/Category:Members_of_the_Norfolk_Island_Legislative_Assembly"
"http://purl.org/dc/terms/subject","http://dbpedia.org/resource/Category:Alumni_of_Institut_Le_Rosey"
"http://purl.org/dc/terms/subject","http://dbpedia.org/resource/Category:1996_births"
"http://purl.org/dc/terms/subject","http://dbpedia.org/resource/Category:Bentley_University_alumni"
"http://purl.org/dc/terms/subject","http://dbpedia.org/resource/Category:People_from_Siem_Reap"
"http://purl.org/dc/terms/subject","http://dbpedia.org/resource/Category:Cambodian_hoteliers"
"http://dbpedia.org/ontology/wikiPageWikiLink","http://dbpedia.org/resource/Archivist_of_the_United_States"
"http://dbpedia.org/ontology/wikiPageWikiLink","http://dbpedia.org/resource/Joe_Biden"
"http://dbpedia.org/ontology/wikiPageWikiLink","http://dbpedia.org/resource/Yale_University"
"http://dbpedia.org/ontology/wikiPageWikiLink","http://dbpedia.org/resource/Library_of_Congress"
"http://dbpedia.org/ontology/wikiPageWikiLink","http://dbpedia.org/resource/George_Mason_University"
"http://dbpedia.org/ontology/wikiPageWikiLink","http://dbpedia.org/resource/Greater_Pittsburgh"
"http://dbpedia.org/ontology/wikiPageWikiLink","http://dbpedia.org/resource/White_House_Historical_Association"
"http://dbpedia.org/ontology/wikiPageWikiLink","http://dbpedia.org/resource/Congressional_Research_Service"
"http://dbpedia.org/ontology/wikiPageWikiLink","http://dbpedia.org/resource/Norwin_High_School"
"http://dbpedia.org/ontology/wikiPageWikiLink","http://dbpedia.org/resource/Category:American_political_scientists"
"http://dbpedia.org/ontology/wikiPageWikiLink","http://dbpedia.org/resource/Category:1975_births"
"http://dbpedia.org/ontology/wikiPageWikiLink","http://dbpedia.org/resource/Category:George_Mason_University_alumni"
"http://dbpedia.org/ontology/wikiPageWikiLink","http://dbpedia.org/resource/Category:Yale_Graduate_School_of_Arts_and_Sciences_alumni"
"http://dbpedia.org/ontology/wikiPageWikiLink","http://dbpedia.org/resource/Debra_Wall"
"http://dbpedia.org/ontology/wikiPageWikiLink","http://dbpedia.org/resource/The_Rhetorical_Presidency"
"http://dbpedia.org/ontology/wikiPageWikiLink","http://dbpedia.org/resource/Category:1931_births"
"http://dbpedia.org/ontology/wikiPageWikiLink","http://dbpedia.org/resource/Austria"
"http://dbpedia.org/ontology/wikiPageWikiLink","http://dbpedia.org/resource/Baltimore"
"http://dbpedia.org/ontology/wikiPageWikiLink","http://dbpedia.org/resource/Hunt_Valley,_Maryland"
"http://dbpedia.org/ontology/wikiPageWikiLink","http://dbpedia.org/resource/Maryland_Senate"
"http://dbpedia.org/ontology/wikiPageWikiLink","http://dbpedia.org/resource/Category:Politicians_from_Baltimore"
"http://dbpedia.org/ontology/wikiPageWikiLink","http://dbpedia.org/resource/University_of_Baltimore"
"http://dbpedia.org/ontology/wikiPageWikiLink","http://dbpedia.org/resource/Maryland_House_of_Delegates"
"http://dbpedia.org/ontology/wikiPageWikiLink","http://dbpedia.org/resource/Julian_L._Lapides"
"http://dbpedia.org/ontology/wikiPageWikiLink","http://dbpedia.org/resource/Baltimore_Polytechnic_Institute"
"http://dbpedia.org/ontology/wikiPageWikiLink","http://dbpedia.org/resource/Maryland_Legislative_District_47"
"http://dbpedia.org/ontology/wikiPageWikiLink","http://dbpedia.org/resource/Maryland_Legislative_District_46"
"http://dbpedia.org/ontology/wikiPageWikiLink","http://dbpedia.org/resource/Raymond_A._Dypski"
"http://dbpedia.org/ontology/wikiPageWikiLink","http://dbpedia.org/resource/Canton,_Baltimore"
"http://dbpedia.org/ontology/wikiPageWikiLink","http://dbpedia.org/resource/Maryland_Department_of_Transportation"
"http://dbpedia.org/ontology/wikiPageWikiLink","http://dbpedia.org/resource/Category:2009_deaths"
"http://dbpedia.org/ontology/wikiPageWikiLink","http://dbpedia.org/resource/Category:Maryland_state_senators"
"http://dbpedia.org/ontology/wikiPageWikiLink","http://dbpedia.org/resource/Category:Members_of_the_Maryland_House_of_Delegates"
"http://dbpedia.org/ontology/wikiPageWikiLink","http://dbpedia.org/resource/Maryland_State_Senate"
"http://dbpedia.org/ontology/wikiPageWikiLink","http://dbpedia.org/resource/Rajya_Sabha"
"http://dbpedia.org/ontology/wikiPageWikiLink","http://dbpedia.org/resource/Telangana"
"http://dbpedia.org/ontology/wikiPageWikiLink","http://dbpedia.org/resource/Category:Rajya_Sabha_members_from_Telangana"
"http://dbpedia.org/ontology/wikiPageWikiLink","http://dbpedia.org/resource/Telangana_Rashtra_Samithi"
"http://dbpedia.org/ontology/wikiPageWikiLink","http://dbpedia.org/resource/Category:Telangana_Rashtra_Samithi"
"http://dbpedia.org/ontology/description","باحت"
"http://dbpedia.org/ontology/description","autora i acadèmica nord-americana que exerceix com a arxivera dels Estats Units des del 17 de maig de 2023"
"http://dbpedia.org/ontology/description","American archivist, author and academic"
"http://dbpedia.org/ontology/description","archiviste américaine, autrice et universitaire"
"http://dbpedia.org/ontology/description","سياسي ميريكاني"
"http://dbpedia.org/ontology/description","políticu d'Estaos Xuníos (1931–2009)"
"http://dbpedia.org/ontology/description","American politician (1841–1915)"
"http://dbpedia.org/ontology/description","美國政治人物 (1841–1915)"
"http://dbpedia.org/ontology/description","nebraskan state senator"
"http://dbpedia.org/ontology/description","American politician (1841–1919)"
"http://dbpedia.org/ontology/description","美國政治人物 (1841–1919)"
"http://dbpedia.org/ontology/description","American politician from Georgia"
"http://dbpedia.org/ontology/description","Norfolk Islander politician"
"http://dbpedia.org/ontology/description","Cambodian hotelier"
"http://dbpedia.org/property/name","Clinton E. Deveaux"
"http://dbpedia.org/property/name","Clyde Galloway"
"http://dbpedia.org/property/name","Colleen Shogan"
"http://dbpedia.org/property/name","Concilie Nibigira"
"http://dbpedia.org/property/name","Cornell N. Dypski"
"http://dbpedia.org/property/name","Cynthia Robinson Alexander"
"http://dbpedia.org/property/name","Cyril Aures"
"http://dbpedia.org/property/name","Divakonda Damodar Rao"
"http://dbpedia.org/property/name","D. Smith Talbot"
"http://dbpedia.org/property/name","Dale-Elizabeth Pehrsson"
"http://dbpedia.org/property/name","Dan McKeon"
"http://dbpedia.org/property/name","Daniel Bell"
"http://dbpedia.org/property/name","Daniel Foulke Moore"
"http://dbpedia.org/property/name","Daniel Veilleux"
"http://dbpedia.org/property/name","Danny Bentley"
"http://dbpedia.org/property/name","Danny Rampey"
"http://dbpedia.org/property/name","Dave Boliek"
"http://dbpedia.org/property/name","Dave Porter"
"http://dbpedia.org/property/name","David-Jaya Piot"
"http://dbpedia.org/property/name","David Bickford"
"http://xmlns.com/foaf/0.1/depiction","http://commons.wikimedia.org/wiki/Special:FilePath/Clyde_Galloway.jpg"
"http://xmlns.com/foaf/0.1/depiction","http://commons.wikimedia.org/wiki/Special:FilePath/Colleen_Shogan,_Archivist_of_the_United_States.jpg"
"http://xmlns.com/foaf/0.1/depiction","http://commons.wikimedia.org/wiki/Special:FilePath/Cyril_Aures_by_Gage_Skidmore_2.jpg"
"http://xmlns.com/foaf/0.1/depiction","http://commons.wikimedia.org/wiki/Special:FilePath/D._Smith_Talbot_(1893)_(cropped).png"
"http://xmlns.com/foaf/0.1/depiction","http://commons.wikimedia.org/wiki/Special:FilePath/Daniel_Foulke_Moore_(1893)_(cropped).png"
"http://xmlns.com/foaf/0.1/depiction","http://commons.wikimedia.org/wiki/Special:FilePath/Rep._Danny_Bentley.jpg"
"http://xmlns.com/foaf/0.1/depiction","http://commons.wikimedia.org/wiki/Special:FilePath/DKoehl_2019_David_Piot_Philippe-Alexandre_Chevallier.jpg"
"http://dbpedia.org/property/almaMater","http://dbpedia.org/resource/Emory_University_School_of_Law"
"http://dbpedia.org/property/almaMater","http://dbpedia.org/resource/University_at_Buffalo"
"http://dbpedia.org/property/almaMater","University of Maine"
"http://dbpedia.org/property/almaMater","http://dbpedia.org/resource/Bentley_University"
"http://dbpedia.org/property/knownFor","Owner of Angkor Village Resort & Hotels and Elephant retirement park Kulen Elephant Forest"
"http://dbpedia.org/ontology/almaMater","http://dbpedia.org/resource/Emory_University_School_of_Law"
"http://dbpedia.org/ontology/almaMater","http://dbpedia.org/resource/University_at_Buffalo"
"http://dbpedia.org/ontology/almaMater","http://dbpedia.org/resource/University_of_Maine"
"http://dbpedia.org/ontology/almaMater","http://dbpedia.org/resource/Bentley_University"
"http://dbpedia.org/ontology/birthName","David Smith Talbot"
"http://dbpedia.org/ontology/education","http://dbpedia.org/resource/Yale_University"
"http://dbpedia.org/ontology/education","http://dbpedia.org/resource/Boston_College"
"http://dbpedia.org/ontology/education","http://dbpedia.org/resource/Boston_University"
"http://dbpedia.org/ontology/education","http://dbpedia.org/resource/Harvard_University"
"http://dbpedia.org/ontology/education","http://dbpedia.org/resource/Brown_University"
"http://dbpedia.org/ontology/education","http://dbpedia.org/resource/University_at_Albany,_SUNY"
"http://dbpedia.org/ontology/education","http://dbpedia.org/resource/Idaho_State_University"
"http://dbpedia.org/ontology/education","http://dbpedia.org/resource/University_of_Kentucky"
"http://dbpedia.org/ontology/education","http://dbpedia.org/resource/Doctor_of_Pharmacy"
"http://dbpedia.org/ontology/occupation","http://dbpedia.org/resource/Pharmacist"
"http://dbpedia.org/ontology/parent","http://dbpedia.org/resource/Tep_Vattho"
"http://dbpedia.org/ontology/party","http://dbpedia.org/resource/North_Dakota_Democratic–Nonpartisan_League_Party"
"http://dbpedia.org/ontology/party","http://dbpedia.org/resource/Bharat_Rashtra_Samithi"
"http://dbpedia.org/ontology/party","http://dbpedia.org/resource/Norfolk_Liberals"
"http://dbpedia.org/ontology/relation","http://dbpedia.org/resource/Raymond_A._Dypski"
"http://dbpedia.org/ontology/relation","http://dbpedia.org/resource/Vernon_E._Peeples"
"http://dbpedia.org/ontology/residence","http://dbpedia.org/resource/Amherst,_Nebraska"
"http://dbpedia.org/ontology/residence","http://dbpedia.org/resource/Russell,_Kentucky"
"http://dbpedia.org/ontology/restingPlace","http://dbpedia.org/resource/Wayne,_Pennsylvania"
"http://dbpedia.org/ontology/termPeriod","http://dbpedia.org/resource/Clinton_E._Deveaux__Tenure__1"
"http://dbpedia.org/ontology/termPeriod","http://dbpedia.org/resource/Clyde_Galloway__Tenure__1"
"http://dbpedia.org/ontology/termPeriod","http://dbpedia.org/resource/Colleen_Joy_Shogan__Tenure__1"
"http://dbpedia.org/ontology/termPeriod","http://dbpedia.org/resource/Collette_Brown_(politician)__Tenure__1"
"http://dbpedia.org/ontology/termPeriod","http://dbpedia.org/resource/Concilie_Nibigira__Tenure__1"
"http://dbpedia.org/ontology/termPeriod","http://dbpedia.org/resource/Cornell_N._Dypski__Tenure__1"
"http://dbpedia.org/ontology/termPeriod","http://dbpedia.org/resource/Cornell_N._Dypski__Tenure__2"
"http://dbpedia.org/ontology/termPeriod","http://dbpedia.org/resource/Cynthia_Robinson_Alexander__Tenure__1"
"http://dbpedia.org/ontology/termPeriod","http://dbpedia.org/resource/Cyril_Aures__Tenure__1"
"http://dbpedia.org/ontology/termPeriod","http://dbpedia.org/resource/D._Damodar_Rao__Tenure__1"
"http://dbpedia.org/ontology/termPeriod","http://dbpedia.org/resource/D._Smith_Talbot__Tenure__1"
"http://dbpedia.org/ontology/termPeriod","http://dbpedia.org/resource/Dale-Elizabeth_Pehrsson__Tenure__1"
"http://dbpedia.org/ontology/termPeriod","http://dbpedia.org/resource/Dan_McKeon__Tenure__1"
"http://dbpedia.org/ontology/termPeriod","http://dbpedia.org/resource/Daniel_Bell_(politician)__Tenure__1"
"http://dbpedia.org/ontology/termPeriod","http://dbpedia.org/resource/Daniel_Foulke_Moore__Tenure__1"
"http://dbpedia.org/ontology/termPeriod","http://dbpedia.org/resource/Daniel_Veilleux__Tenure__1"
"http://dbpedia.org/ontology/termPeriod","http://dbpedia.org/resource/Daniel_Veilleux__Tenure__2"
"http://dbpedia.org/ontology/termPeriod","http://dbpedia.org/resource/Danny_Bentley__Tenure__1"
"http://dbpedia.org/ontology/termPeriod","http://dbpedia.org/resource/Danny_Rampey__Tenure__1"
"http://dbpedia.org/ontology/termPeriod","http://dbpedia.org/resource/Dave_Boliek__Tenure__1"
"http://dbpedia.org/ontology/termPeriod","http://dbpedia.org/resource/Dave_Porter_(Norfolk_Islander_politician)__Tenure__1"
"http://dbpedia.org/ontology/termPeriod","http://dbpedia.org/resource/Dave_Porter_(Norfolk_Islander_politician)__Tenure__2"
"http://dbpedia.org/ontology/termPeriod","http://dbpedia.org/resource/David-Jaya_Piot__Tenure__1"
"http://dbpedia.org/ontology/termPeriod","http://dbpedia.org/resource/David_Bickford__Tenure__1"
"http://dbpedia.org/ontology/termPeriod","http://dbpedia.org/resource/David_Bickford__Tenure__2"
"http://dbpedia.org/ontology/termPeriod","http://dbpedia.org/resource/David_Bickford__Tenure__3"
"http://dbpedia.org/ontology/termPeriod","http://dbpedia.org/resource/David_Bickford__Tenure__6"
"http://dbpedia.org/ontology/thumbnail","http://commons.wikimedia.org/wiki/Special:FilePath/Clyde_Galloway.jpg?width=300"
"http://dbpedia.org/ontology/thumbnail","http://commons.wikimedia.org/wiki/Special:FilePath/Colleen_Shogan,_Archivist_of_the_United_States.jpg?width=300"
"http://dbpedia.org/ontology/thumbnail","http://commons.wikimedia.org/wiki/Special:FilePath/Cyril_Aures_by_Gage_Skidmore_2.jpg?width=300"
"http://dbpedia.org/ontology/thumbnail","http://commons.wikimedia.org/wiki/Special:FilePath/D._Smith_Talbot_(1893)_(cropped).png?width=300"
"http://dbpedia.org/ontology/thumbnail","http://commons.wikimedia.org/wiki/Special:FilePath/Daniel_Foulke_Moore_(1893)_(cropped).png?width=300"
"http://dbpedia.org/ontology/thumbnail","http://commons.wikimedia.org/wiki/Special:FilePath/Rep._Danny_Bentley.jpg?width=300"
"http://dbpedia.org/ontology/thumbnail","http://commons.wikimedia.org/wiki/Special:FilePath/DKoehl_2019_David_Piot_Philippe-Alexandre_Chevallier.jpg?width=300"
"http://dbpedia.org/property/alongside","http://dbpedia.org/resource/Daniel_Foulke_Moore"
"http://dbpedia.org/property/alongside","http://dbpedia.org/resource/David_H._Branson"
"http://dbpedia.org/property/alongside","http://dbpedia.org/resource/John_H._Marshall_(politician)"
"http://dbpedia.org/property/alongside","http://dbpedia.org/resource/John_W._Hickman_(Pennsylvania_politician)"
"http://dbpedia.org/property/alongside","http://dbpedia.org/resource/Joseph_G._West"
"http://dbpedia.org/property/alongside","http://dbpedia.org/resource/Lewis_H._Evans"
"http://dbpedia.org/property/alongside","http://dbpedia.org/resource/Thomas_J._Philips"
"http://dbpedia.org/property/alongside","http://dbpedia.org/resource/William_Evans_(Pennsylvania_politician)"
"http://dbpedia.org/property/alongside","http://dbpedia.org/resource/William_Preston_Snyder"
"http://dbpedia.org/property/alongside","http://dbpedia.org/resource/William_W._McConnell"
"http://dbpedia.org/property/alongside","http://dbpedia.org/resource/D._Smith_Talbot"
"http://dbpedia.org/property/alongside","http://dbpedia.org/resource/Plummer_E._Jefferis"
"http://dbpedia.org/ontology/committee","Local Government"
"http://dbpedia.org/ontology/committee","Health Services"
"http://dbpedia.org/ontology/committee","Appropriations & Revenue"
"http://dbpedia.org/ontology/committee","BR Sub. on Health & Family Services (Chair)"
"http://dbpedia.org/ontology/committee","Banking & Insurance"
"http://dbpedia.org/property/wikiPageUsesTemplate","http://dbpedia.org/resource/Template:Florida-FLSenate-stub"
"http://dbpedia.org/property/wikiPageUsesTemplate","http://dbpedia.org/resource/Template:NorthDakota-politician-stub"
"http://dbpedia.org/property/wikiPageUsesTemplate","http://dbpedia.org/resource/Template:Maryland-politician-stub"
"http://dbpedia.org/property/wikiPageUsesTemplate","http://dbpedia.org/resource/Template:Telangana-TRS-politician-stub"
"http://dbpedia.org/property/wikiPageUsesTemplate","http://dbpedia.org/resource/Template:Pennsylvania_Western_University"
"http://dbpedia.org/property/wikiPageUsesTemplate","http://dbpedia.org/resource/Template:Nebraska-politician-stub"
"http://dbpedia.org/property/wikiPageUsesTemplate","http://dbpedia.org/resource/Template:Nebraska_Legislature"
"http://dbpedia.org/property/wikiPageUsesTemplate","http://dbpedia.org/resource/Template:Current_North_Carolina_statewide_political_officials"
"http://dbpedia.org/property/wikiPageUsesTemplate","http://dbpedia.org/resource/Template:U.S._State_Auditors"
"http://dbpedia.org/property/wikiPageUsesTemplate","http://dbpedia.org/resource/Template:Other_people"
"http://dbpedia.org/property/birthDate",1946-05-31
"http://dbpedia.org/property/birthDate",1925-08-01
"http://dbpedia.org/property/birthDate",1931-09-23
"http://dbpedia.org/property/birthDate",1841-11-19
"http://dbpedia.org/property/birthDate",1841-07-24
"http://dbpedia.org/property/birthDate",1954-10-02
"http://dbpedia.org/property/birthDate",1996-08-23
"http://dbpedia.org/property/citizenship","Cambodian"
"http://dbpedia.org/property/constituency","http://dbpedia.org/resource/Telangana"
"http://dbpedia.org/property/deathDate",2009-12-30
"http://dbpedia.org/property/deathDate",2009-01-20
"http://dbpedia.org/property/deathDate",1915-03-05
"http://dbpedia.org/property/deathDate",1919-01-01
"http://dbpedia.org/property/education","http://dbpedia.org/resource/Boston_College"
"http://dbpedia.org/property/education","Yale University"
"http://dbpedia.org/property/education","http://dbpedia.org/resource/Boston_University"
"http://dbpedia.org/property/education","http://dbpedia.org/resource/Harvard_University"
"http://dbpedia.org/property/education","http://dbpedia.org/resource/Brown_University"
"http://dbpedia.org/property/education","http://dbpedia.org/resource/University_at_Albany,_SUNY"
"http://dbpedia.org/property/education","http://dbpedia.org/resource/Idaho_State_University"
"http://dbpedia.org/property/education","University of Kentucky"
"http://dbpedia.org/property/education","Economics and Finance"
"http://dbpedia.org/property/governor","http://dbpedia.org/resource/Josh_Stein"
"http://dbpedia.org/property/occupation","educator"
"http://dbpedia.org/property/occupation","lawyer"
"http://dbpedia.org/property/occupation","telegrapher"
"http://dbpedia.org/property/occupation","http://dbpedia.org/resource/Pharmacist"
"http://dbpedia.org/property/occupation","Hotelier"
"http://dbpedia.org/property/office","Member of the Florida Senate from the 3rd district"
"http://dbpedia.org/property/office",11
"http://dbpedia.org/property/office","Minister of Information, Communication, Relations with Parliament of Burundi"
"http://dbpedia.org/property/office","http://dbpedia.org/resource/President_of_Savannah_State_University"
"http://dbpedia.org/property/office","http://dbpedia.org/resource/Rajya_Sabha"
"http://dbpedia.org/property/office","http://dbpedia.org/resource/Member_of_parliament"
"http://dbpedia.org/property/office","Member of the Legislative Council of the Territory of Florida"
"http://dbpedia.org/property/office","Member of the Florida Senate from the 10th district"
"http://dbpedia.org/property/office","Member of the Georgia House of Representatives from the 119th district"
"http://dbpedia.org/property/office",21
"http://dbpedia.org/property/office","Member of the Norfolk Island Legislative Assembly"
"http://dbpedia.org/property/office","Member of the Norfolk Island Regional Council"
"http://dbpedia.org/property/office","President of Siem Reap Chapter of Cambodia Hotel Association"
"http://dbpedia.org/property/party","http://dbpedia.org/resource/North_Dakota_Democratic–Nonpartisan_League_Party"
"http://dbpedia.org/property/party","http://dbpedia.org/resource/Bharat_Rashtra_Samithi"
"http://dbpedia.org/property/party","http://dbpedia.org/resource/Norfolk_Liberals"
"http://dbpedia.org/property/predecessor","http://dbpedia.org/resource/Debra_Steidel_Wall"
"http://dbpedia.org/property/predecessor","http://dbpedia.org/resource/Kimberly_Ballard-Washington"
"http://dbpedia.org/property/predecessor","http://dbpedia.org/resource/Levi_B._Kaler"
"http://dbpedia.org/property/predecessor","http://dbpedia.org/resource/William_Wayne_(1828–1901)"
"http://dbpedia.org/property/predecessor","http://dbpedia.org/resource/Levi_Fetters"
"http://dbpedia.org/property/predecessor","http://dbpedia.org/resource/Theodore_K._Stubbs"
"http://dbpedia.org/property/predecessor","http://dbpedia.org/resource/Fred_Meyer_(politician)"
"http://dbpedia.org/property/predecessor","http://dbpedia.org/resource/David_H._Branson"
"http://dbpedia.org/property/predecessor","http://dbpedia.org/resource/Joseph_G._West"
"http://dbpedia.org/property/predecessor","http://dbpedia.org/resource/William_Preston_Snyder"
"http://dbpedia.org/property/predecessor","http://dbpedia.org/resource/Lew_Nicholls"
"http://dbpedia.org/property/predecessor","http://dbpedia.org/resource/Jessica_Holmes_(politician)"
"http://dbpedia.org/property/president","http://dbpedia.org/resource/Donald_Trump"
"http://dbpedia.org/property/president","http://dbpedia.org/resource/Joe_Biden"
"http://dbpedia.org/property/relatives","http://dbpedia.org/resource/Raymond_A._Dypski"
"http://dbpedia.org/property/relatives","http://dbpedia.org/resource/Vernon_E._Peeples"
"http://dbpedia.org/property/restingPlace","Honey Brook, Pennsylvania, U.S."
"http://dbpedia.org/property/restingPlace","Saint Mark's Episcopal Church Cemetery"
"http://dbpedia.org/property/restingPlace","Wayne, Pennsylvania, U.S."
"http://dbpedia.org/property/restingPlace","Valley Friends Burial Ground"
"http://dbpedia.org/property/spouse","Dorothy Davis Galloway"
"http://dbpedia.org/property/spouse","Joyce Houtz"
"http://dbpedia.org/property/spouse",1876
"http://dbpedia.org/property/spouse","Rebecca Wills"
"http://dbpedia.org/property/spouse",1867
"http://dbpedia.org/property/spouse",1869
"http://dbpedia.org/property/spouse",1877
"http://dbpedia.org/property/spouse","died"
"http://dbpedia.org/property/spouse","Emily M. Ashenfelter"
"http://dbpedia.org/property/spouse","Melissa Conard"
"http://dbpedia.org/property/successor","http://dbpedia.org/resource/William_J._Bosanko"
"http://dbpedia.org/property/successor","http://dbpedia.org/resource/Brian_K._McHale"
"http://dbpedia.org/property/successor","redistricted into District 46"
"http://dbpedia.org/property/successor","J. H. Marshall, Thomas J. Philips, Daniel Foulke Moore, Plummer E. Jefferis"
"http://dbpedia.org/property/successor","http://dbpedia.org/resource/Laurie_Bernotsky"
"http://dbpedia.org/property/successor","http://dbpedia.org/resource/Aaron_Thompson_(politician)"
"http://dbpedia.org/property/termEnd",1963
"http://dbpedia.org/property/termEnd",2025-02-07
"http://dbpedia.org/property/termEnd",2003-01-08
"http://dbpedia.org/property/termEnd",1896
"http://dbpedia.org/property/termEnd",2023-07-01
"http://dbpedia.org/property/termEnd",1841
"http://dbpedia.org/property/termEnd",1898
"http://dbpedia.org/property/termEnd",2025-01-01
"http://dbpedia.org/property/termEnd",2015-06-17
"http://dbpedia.org/property/termEnd",2021-12-06
"http://dbpedia.org/property/termEnd",2006
"http://dbpedia.org/property/termEnd",2010
"http://dbpedia.org/property/termEnd",2016
"http://dbpedia.org/property/termStart",1977
"http://dbpedia.org/property/termStart",1961
"http://dbpedia.org/property/termStart",2023-05-17
"http://dbpedia.org/property/termStart",1975
"http://dbpedia.org/property/termStart",1987-01-14
"http://dbpedia.org/property/termStart",2023-07-01
"http://dbpedia.org/property/termStart",2022-06-22
"http://dbpedia.org/property/termStart",1889
"http://dbpedia.org/property/termStart",2022-07-01
"http://dbpedia.org/property/termStart",2025-01-08
"http://dbpedia.org/property/termStart",1840
"http://dbpedia.org/property/termStart",1893
"http://dbpedia.org/property/termStart",2020
"http://dbpedia.org/property/termStart",2017-01-01
"http://dbpedia.org/property/termStart",2013-03-13
"http://dbpedia.org/property/termStart",2016-05-28
"http://dbpedia.org/property/termStart",1996
"http://dbpedia.org/property/title","http://dbpedia.org/resource/Minister_of_Information,_Communication,_Relations_with_Parliament_of_Burundi"
"http://dbpedia.org/property/title","http://dbpedia.org/resource/North_Carolina_State_Auditor"
"http://dbpedia.org/property/1namedata","Declined to be seated"
"http://dbpedia.org/property/votes",723
"http://dbpedia.org/property/votes",805
"http://dbpedia.org/property/votes",851
"http://dbpedia.org/property/votes",919
"http://dbpedia.org/property/votes",932
"http://dbpedia.org/property/votes",1030
"http://dbpedia.org/property/votes",1268
"http://dbpedia.org/property/votes",2521
"http://dbpedia.org/property/votes",2726
"http://dbpedia.org/property/votes",2813
"http://dbpedia.org/property/votes",2859
"http://dbpedia.org/property/votes",2872
"http://dbpedia.org/property/votes",2999
"http://dbpedia.org/property/votes",3243
"http://dbpedia.org/property/votes",3339
"http://dbpedia.org/property/votes",3395
"http://dbpedia.org/property/votes",3567
"http://dbpedia.org/property/votes",3641
"http://dbpedia.org/property/votes",3658
"http://dbpedia.org/property/votes",3722
"http://dbpedia.org/property/votes",4012
"http://dbpedia.org/property/votes",17220
"http://dbpedia.org/property/votes",21618
"http://dbpedia.org/property/stateDelegate","Maryland"
"http://dbpedia.org/property/candidate","http://dbpedia.org/resource/Megan_Murray_(politician)"
"http://dbpedia.org/property/candidate","http://dbpedia.org/resource/Peter_Hansen_(politician)"
"http://dbpedia.org/property/candidate","http://dbpedia.org/resource/Reed_Panasiti"
"http://dbpedia.org/property/candidate","http://dbpedia.org/resource/Julie_Radhakrishnan"
"http://dbpedia.org/property/candidate","http://dbpedia.org/resource/Pamela_Coughlin"
"http://dbpedia.org/property/candidate","http://dbpedia.org/resource/Tony_Labranche"
"http://dbpedia.org/property/candidate","http://dbpedia.org/resource/Danielle_Pray"
"http://dbpedia.org/property/candidate","Daniel Veilleux"
"http://dbpedia.org/property/candidate","Scott Courtemanche"
"http://dbpedia.org/property/candidate","Theresa Cheslock"
"http://dbpedia.org/property/percentage",14.6
"http://dbpedia.org/property/percentage",15.4
"http://dbpedia.org/property/percentage",15.7
"http://dbpedia.org/property/percentage",15.8
"http://dbpedia.org/property/percentage",16.5
"http://dbpedia.org/property/percentage",16.6
"http://dbpedia.org/property/percentage",16.7
"http://dbpedia.org/property/percentage",16.8
"http://dbpedia.org/property/percentage",16.9
"http://dbpedia.org/property/percentage",17.4
"http://dbpedia.org/property/percentage",18.6
"http://dbpedia.org/property/percentage",18.8
"http://dbpedia.org/property/percentage",19.4
"http://dbpedia.org/property/percentage",21.6
"http://dbpedia.org/property/percentage",24.7
"http://dbpedia.org/property/percentage",30.3
"http://dbpedia.org/property/percentage",33.1
"http://dbpedia.org/property/percentage",34.1
"http://dbpedia.org/property/percentage",36.6
"http://dbpedia.org/property/birthName","David Smith Talbot"
"http://www.w3.org/ns/prov#wasDerivedFrom","http://en.wikipedia.org/wiki/Clinton_E._Deveaux?oldid=1310452693&ns=0"
"http://www.w3.org/ns/prov#wasDerivedFrom","http://en.wikipedia.org/wiki/Clyde_Galloway?oldid=1284347691&ns=0"
"http://www.w3.org/ns/prov#wasDerivedFrom","http://en.wikipedia.org/wiki/Colleen_Joy_Shogan?oldid=1309111804&ns=0"
"http://www.w3.org/ns/prov#wasDerivedFrom","http://en.wikipedia.org/wiki/Collette_Brown_(politician)?oldid=1303094906&ns=0"
"http://www.w3.org/ns/prov#wasDerivedFrom","http://en.wikipedia.org/wiki/Concilie_Nibigira?oldid=1268780400&ns=0"
"http://www.w3.org/ns/prov#wasDerivedFrom","http://en.wikipedia.org/wiki/Cornell_N._Dypski?oldid=1261236000&ns=0"
"http://www.w3.org/ns/prov#wasDerivedFrom","http://en.wikipedia.org/wiki/Cynthia_Robinson_Alexander?oldid=1304058908&ns=0"
"http://www.w3.org/ns/prov#wasDerivedFrom","http://en.wikipedia.org/wiki/Cyril_Aures?oldid=1292426195&ns=0"
"http://www.w3.org/ns/prov#wasDerivedFrom","http://en.wikipedia.org/wiki/D._Damodar_Rao?oldid=1241101913&ns=0"
"http://www.w3.org/ns/prov#wasDerivedFrom","http://en.wikipedia.org/wiki/D._Smith_Talbot?oldid=1261745646&ns=0"
"http://www.w3.org/ns/prov#wasDerivedFrom","http://en.wikipedia.org/wiki/Dale-Elizabeth_Pehrsson?oldid=1268220220&ns=0"
"http://www.w3.org/ns/prov#wasDerivedFrom","http://en.wikipedia.org/wiki/Dan_McKeon?oldid=1299825590&ns=0"
"http://www.w3.org/ns/prov#wasDerivedFrom","http://en.wikipedia.org/wiki/Daniel_Bell_(politician)?oldid=1284522573&ns=0"
"http://www.w3.org/ns/prov#wasDerivedFrom","http://en.wikipedia.org/wiki/Daniel_Foulke_Moore?oldid=1261745624&ns=0"
"http://www.w3.org/ns/prov#wasDerivedFrom","http://en.wikipedia.org/wiki/Daniel_Veilleux?oldid=1310829202&ns=0"
"http://www.w3.org/ns/prov#wasDerivedFrom","http://en.wikipedia.org/wiki/Danny_Bentley?oldid=1266585775&ns=0"
"http://www.w3.org/ns/prov#wasDerivedFrom","http://en.wikipedia.org/wiki/Danny_Rampey?oldid=1310452745&ns=0"
"http://www.w3.org/ns/prov#wasDerivedFrom","http://en.wikipedia.org/wiki/Dave_Boliek?oldid=1310701291&ns=0"
"http://www.w3.org/ns/prov#wasDerivedFrom","http://en.wikipedia.org/wiki/Dave_Porter_(Norfolk_Islander_politician)?oldid=1236692185&ns=0"
"http://www.w3.org/ns/prov#wasDerivedFrom","http://en.wikipedia.org/wiki/David-Jaya_Piot?oldid=1299262035&ns=0"
"http://www.w3.org/ns/prov#wasDerivedFrom","http://en.wikipedia.org/wiki/David_Bickford?oldid=1292427088&ns=0"
"http://dbpedia.org/property/stateSenate","Maryland"
"http://dbpedia.org/property/honorificPrefix","http://dbpedia.org/resource/Norfolk_Island_Regional_Council"
"http://dbpedia.org/property/residence","http://dbpedia.org/resource/Amherst,_Nebraska"
"http://dbpedia.org/property/residence","http://dbpedia.org/resource/Russell,_Kentucky"
"http://dbpedia.org/property/caption","Galloway in 1961"
"http://dbpedia.org/property/caption","Aures at the 2024 Hazlitt Summit hosted by Young Americans for Liberty Foundation"
"http://dbpedia.org/property/caption","Talbot in a 1893 publication"
"http://dbpedia.org/property/caption","Moore in a 1893 publication"
"http://dbpedia.org/property/parents","Olivier Piot and Tep Vattho"
"http://dbpedia.org/property/stateLegislature","Nebraska"
"http://dbpedia.org/property/committees","Local Government"
"http://dbpedia.org/property/committees","Health Services"
"http://dbpedia.org/property/committees","Appropriations & Revenue"
"http://dbpedia.org/property/committees","Banking & Insurance"
"http://dbpedia.org/property/committees","BR Sub. on Health & Family Services"
"http://dbpedia.org/property/term",1845
"http://dbpedia.org/property/district",46
"http://dbpedia.org/property/district","Merrimack 13th"
"http://dbpedia.org/property/district","41.0"
"http://dbpedia.org/property/district","Hillsborough 22nd"
"http://dbpedia.org/property/district","Hillsborough 34th"
"http://dbpedia.org/property/district","Strafford 3rd"
"http://dbpedia.org/property/district","Strafford 1st"
"http://dbpedia.org/property/district","Strafford 68th"
"http://dbpedia.org/property/preceded","http://dbpedia.org/resource/Terry_England"
"http://dbpedia.org/property/succeeded","http://dbpedia.org/resource/Holt_Persinger"
"http://dbpedia.org/property/succeeded","http://dbpedia.org/resource/Susan_DeRoy"
"http://dbpedia.org/property/termstart",2024-12-01
"http://xmlns.com/foaf/0.1/isPrimaryTopicOf","http://en.wikipedia.org/wiki/Clinton_E._Deveaux"
"http://xmlns.com/foaf/0.1/isPrimaryTopicOf","http://en.wikipedia.org/wiki/Clyde_Galloway"
"http://xmlns.com/foaf/0.1/isPrimaryTopicOf","http://en.wikipedia.org/wiki/Colleen_Joy_Shogan"
"http://xmlns.com/foaf/0.1/isPrimaryTopicOf","http://en.wikipedia.org/wiki/Collette_Brown_(politician)"
"http://xmlns.com/foaf/0.1/isPrimaryTopicOf","http://en.wikipedia.org/wiki/Concilie_Nibigira"
"http://xmlns.com/foaf/0.1/isPrimaryTopicOf","http://en.wikipedia.org/wiki/Cornell_N._Dypski"
"http://xmlns.com/foaf/0.1/isPrimaryTopicOf","http://en.wikipedia.org/wiki/Cynthia_Robinson_Alexander"
"http://xmlns.com/foaf/0.1/isPrimaryTopicOf","http://en.wikipedia.org/wiki/Cyril_Aures"
"http://xmlns.com/foaf/0.1/isPrimaryTopicOf","http://en.wikipedia.org/wiki/D._Damodar_Rao"
"http://xmlns.com/foaf/0.1/isPrimaryTopicOf","http://en.wikipedia.org/wiki/D._Smith_Talbot"
"http://xmlns.com/foaf/0.1/isPrimaryTopicOf","http://en.wikipedia.org/wiki/Dale-Elizabeth_Pehrsson"
"http://xmlns.com/foaf/0.1/isPrimaryTopicOf","http://en.wikipedia.org/wiki/Dan_McKeon"
"http://xmlns.com/foaf/0.1/isPrimaryTopicOf","http://en.wikipedia.org/wiki/Daniel_Bell_(politician)"
"http://xmlns.com/foaf/0.1/isPrimaryTopicOf","http://en.wikipedia.org/wiki/Daniel_Foulke_Moore"
"http://xmlns.com/foaf/0.1/isPrimaryTopicOf","http://en.wikipedia.org/wiki/Daniel_Veilleux"
"http://xmlns.com/foaf/0.1/isPrimaryTopicOf","http://en.wikipedia.org/wiki/Danny_Bentley"
"http://xmlns.com/foaf/0.1/isPrimaryTopicOf","http://en.wikipedia.org/wiki/Danny_Rampey"
"http://xmlns.com/foaf/0.1/isPrimaryTopicOf","http://en.wikipedia.org/wiki/Dave_Boliek"
"http://xmlns.com/foaf/0.1/isPrimaryTopicOf","http://en.wikipedia.org/wiki/Dave_Porter_(Norfolk_Islander_politician)"
"http://xmlns.com/foaf/0.1/isPrimaryTopicOf","http://en.wikipedia.org/wiki/David-Jaya_Piot"
"http://xmlns.com/foaf/0.1/isPrimaryTopicOf","http://en.wikipedia.org/wiki/David_Bickford"
"http://xmlns.com/foaf/0.1/name","David C. Eldredge"
"http://xmlns.com/foaf/0.1/name","David Faiti"
"http://xmlns.com/foaf/0.1/name","David H. Branson"
"http://xmlns.com/foaf/0.1/name","David Hall"
"http://xmlns.com/foaf/0.1/name","David L. Smith"
"http://xmlns.com/foaf/0.1/name","David Mphande"
"http://xmlns.com/foaf/0.1/name","David Nagel"
"http://xmlns.com/foaf/0.1/name","David Paige"
"http://xmlns.com/foaf/0.1/name","David Passi"
"http://xmlns.com/foaf/0.1/name","David Rochefort"
"http://xmlns.com/foaf/0.1/name","David Terrazas"
"http://xmlns.com/foaf/0.1/name","Davies Katsonga"
"http://xmlns.com/foaf/0.1/name","Dayangku Mazlizah"
"http://xmlns.com/foaf/0.1/name","De Vere Watson"
"http://xmlns.com/foaf/0.1/name","Delroy Williams"
"http://xmlns.com/foaf/0.1/name","Denis Márquez Lebrón"
"http://xmlns.com/foaf/0.1/name","Denise Mentzer"
"http://xmlns.com/foaf/0.1/name","Dennis Edward Aboagye"
"http://xmlns.com/foaf/0.1/name","Dennis Nehring"
"http://xmlns.com/foaf/0.1/name","Derick op den Graeff"
"http://xmlns.com/foaf/0.1/name","Desiree Becker"
"http://xmlns.com/foaf/0.1/name","Desmond Makaza"
"http://www.w3.org/2000/01/rdf-schema#label","David C. Eldredge"
"http://www.w3.org/2000/01/rdf-schema#label","David Faiti"
"http://www.w3.org/2000/01/rdf-schema#label","David H. Branson"
"http://www.w3.org/2000/01/rdf-schema#label","David Hall (university administrator)"
"http://www.w3.org/2000/01/rdf-schema#label","David L. Smith (politician)"
"http://www.w3.org/2000/01/rdf-schema#label","David Mphande"
"http://www.w3.org/2000/01/rdf-schema#label","David Nagel (politician)"
"http://www.w3.org/2000/01/rdf-schema#label","David Paige (New Hampshire politician)"
"http://www.w3.org/2000/01/rdf-schema#label","David Passi"
"http://www.w3.org/2000/01/rdf-schema#label","David Rochefort"
"http://www.w3.org/2000/01/rdf-schema#label","David Terrazas Villegas"
"http://www.w3.org/2000/01/rdf-schema#label","Davies Katsonga"
"http://www.w3.org/2000/01/rdf-schema#label","Dayangku Mazlizah"
"http://www.w3.org/2000/01/rdf-schema#label","De Vere Watson"
"http://www.w3.org/2000/01/rdf-schema#label","Delroy Williams"
"http://www.w3.org/2000/01/rdf-schema#label","Denis Márquez Lebrón"
"http://www.w3.org/2000/01/rdf-schema#label","Denise Mentzer"
"http://www.w3.org/2000/01/rdf-schema#label","Denise Sinankwa"
"http://www.w3.org/2000/01/rdf-schema#label","Dennis Edward Aboagye"
"http://www.w3.org/2000/01/rdf-schema#label","Dennis Nehring"
"http://www.w3.org/2000/01/rdf-schema#label","Derick op den Graeff"
"http://www.w3.org/2000/01/rdf-schema#label","Desiree Becker"
"http://www.w3.org/2000/01/rdf-schema#label","Desmond Makaza"
"http://dbpedia.org/property/honorificSuffix","Pasha"
"http://dbpedia.org/property/honorificSuffix","Kaptan-ı Derya"
"http://dbpedia.org/property/honorificSuffix","http://dbpedia.org/resource/Member_of_parliament"
"http://dbpedia.org/ontology/deathPlace","http://dbpedia.org/resource/Atglen,_Pennsylvania"
"http://dbpedia.org/ontology/deathPlace","http://dbpedia.org/resource/Chester_County,_Pennsylvania"
"http://dbpedia.org/ontology/deathPlace","http://dbpedia.org/resource/Malawi"
"http://dbpedia.org/ontology/deathPlace","http://dbpedia.org/resource/Lilongwe"
"http://dbpedia.org/ontology/deathPlace","http://dbpedia.org/resource/Istanbul"
"http://dbpedia.org/ontology/deathPlace","http://dbpedia.org/resource/Ottoman_Empire"
"http://dbpedia.org/ontology/deathPlace","http://dbpedia.org/resource/Salta"
"http://dbpedia.org/ontology/deathPlace","http://dbpedia.org/resource/Missouri_Valley,_Iowa"
"http://dbpedia.org/ontology/deathPlace","http://dbpedia.org/resource/Germantown,_Philadelphia"
"http://dbpedia.org/property/deathPlace","Atglen, Pennsylvania, U.S."
"http://dbpedia.org/property/deathPlace","Chester County, Pennsylvania, U.S."
"http://dbpedia.org/property/deathPlace","Lilongwe, Malawi"
"http://dbpedia.org/property/deathPlace","http://dbpedia.org/resource/Istanbul"
"http://dbpedia.org/property/deathPlace","http://dbpedia.org/resource/Ottoman_Empire"
"http://dbpedia.org/property/deathPlace","Salta, Argentina"
"http://dbpedia.org/property/deathPlace","http://dbpedia.org/resource/Missouri_Valley,_Iowa"
"http://dbpedia.org/property/deathPlace","Germantown, Philadelphia, Pennsylvania"
"http://dbpedia.org/ontology/deathDate",1984-01-01
"http://dbpedia.org/ontology/deathDate",1896-10-19
"http://dbpedia.org/ontology/deathDate",2018-09-14
"http://dbpedia.org/ontology/deathDate",1955-08-22
"http://dbpedia.org/ontology/deathDate",1982-11-14
"http://dbpedia.org/ontology/birthPlace","http://dbpedia.org/resource/Miami"
"http://dbpedia.org/ontology/birthPlace","http://dbpedia.org/resource/East_Goshen_Township,_Pennsylvania"
"http://dbpedia.org/ontology/birthPlace","http://dbpedia.org/resource/Savannah,_Georgia"
"http://dbpedia.org/ontology/birthPlace","http://dbpedia.org/resource/Carlisle,_Pennsylvania"
"http://dbpedia.org/ontology/birthPlace","http://dbpedia.org/resource/Spanish_Empire"
"http://dbpedia.org/ontology/birthPlace","http://dbpedia.org/resource/Portuguese_Empire"
"http://dbpedia.org/ontology/birthPlace","http://dbpedia.org/resource/Vallegrande"
"http://dbpedia.org/ontology/birthPlace","http://dbpedia.org/resource/Searsboro,_Iowa"
"http://dbpedia.org/ontology/birthPlace","http://dbpedia.org/resource/Gurabo,_Puerto_Rico"
"http://dbpedia.org/ontology/birthPlace","http://dbpedia.org/resource/Mount_Clemens,_Michigan"
"http://dbpedia.org/ontology/birthPlace","http://dbpedia.org/resource/Krefeld"
"http://dbpedia.org/ontology/birthPlace","http://dbpedia.org/resource/Sankt_Wendel"
"http://dbpedia.org/property/birthPlace","Miami, Florida, U.S."
"http://dbpedia.org/property/birthPlace","Milltown, East Goshen Township, Pennsylvania, U.S."
"http://dbpedia.org/property/birthPlace","http://dbpedia.org/resource/Savannah,_Georgia"
"http://dbpedia.org/property/birthPlace","Carlisle, Pennsylvania, U.S."
"http://dbpedia.org/property/birthPlace","Portugal or Spain"
"http://dbpedia.org/property/birthPlace","Vallegrande, Bolivia"
"http://dbpedia.org/property/birthPlace","near Searsboro, Iowa"
"http://dbpedia.org/property/birthPlace","http://dbpedia.org/resource/Gurabo,_Puerto_Rico"
"http://dbpedia.org/property/birthPlace","Mount Clemens, Michigan U.S."
"http://dbpedia.org/property/birthPlace","http://dbpedia.org/resource/Krefeld"
"http://dbpedia.org/property/birthPlace","St. Wendel, Germany"
"http://dbpedia.org/ontology/birthDate",1921-08-06
"http://dbpedia.org/ontology/birthDate",1827-08-31
"http://dbpedia.org/ontology/birthDate",1827-02-04
"http://dbpedia.org/ontology/birthDate",1908-12-14
"http://dbpedia.org/ontology/birthDate",1893-04-01
"http://dbpedia.org/ontology/birthDate",1963-10-05
"http://dbpedia.org/ontology/birthDate",1994-01-27
"http://purl.org/dc/terms/subject","http://dbpedia.org/resource/Category:1984_deaths"
"http://purl.org/dc/terms/subject","http://dbpedia.org/resource/Category:1921_births"
"http://purl.org/dc/terms/subject","http://dbpedia.org/resource/Category:University_of_Miami_alumni"
"http://purl.org/dc/terms/subject","http://dbpedia.org/resource/Category:Georgia_Tech_alumni"
"http://purl.org/dc/terms/subject","http://dbpedia.org/resource/Category:Politicians_from_Miami"
"http://purl.org/dc/terms/subject","http://dbpedia.org/resource/Category:1896_deaths"
"http://purl.org/dc/terms/subject","http://dbpedia.org/resource/Category:1827_births"
"http://purl.org/dc/terms/subject","http://dbpedia.org/resource/Category:American_statisticians"
"http://purl.org/dc/terms/subject","http://dbpedia.org/resource/Category:University_of_Oklahoma_College_of_Law_alumni"
"http://purl.org/dc/terms/subject","http://dbpedia.org/resource/Category:University_of_Oklahoma_faculty"
"http://purl.org/dc/terms/subject","http://dbpedia.org/resource/Category:Kansas_State_Wildcats_men's_basketball_players"
"http://purl.org/dc/terms/subject","http://dbpedia.org/resource/Category:University_of_Mississippi_faculty"
"http://purl.org/dc/terms/subject","http://dbpedia.org/resource/Category:University_of_the_Virgin_Islands_faculty"
"http://purl.org/dc/terms/subject","http://dbpedia.org/resource/Category:Northeastern_University_School_of_Law_faculty"
"http://purl.org/dc/terms/subject","http://dbpedia.org/resource/Category:Educators_from_Savannah,_Georgia"
"http://purl.org/dc/terms/subject","http://dbpedia.org/resource/Category:Union_army_officers"
"http://purl.org/dc/terms/subject","http://dbpedia.org/resource/Category:1902_deaths"
"http://purl.org/dc/terms/subject","http://dbpedia.org/resource/Category:Pennsylvania_Know_Nothings"
"http://purl.org/dc/terms/subject","http://dbpedia.org/resource/Category:People_from_Carlisle,_Pennsylvania"
"http://purl.org/dc/terms/subject","http://dbpedia.org/resource/Category:Politicians_from_Allegheny_County,_Pennsylvania"
"http://purl.org/dc/terms/subject","http://dbpedia.org/resource/Category:Health_ministers_of_Malawi"
"http://purl.org/dc/terms/subject","http://dbpedia.org/resource/Category:21st-century_Malawian_politicians"
"http://purl.org/dc/terms/subject","http://dbpedia.org/resource/Category:Jews_from_the_Ottoman_Empire"
"http://purl.org/dc/terms/subject","http://dbpedia.org/resource/Category:Kapudan_Pashas"
"http://purl.org/dc/terms/subject","http://dbpedia.org/resource/Category:Diplomats_of_the_Ottoman_Empire"
"http://purl.org/dc/terms/subject","http://dbpedia.org/resource/Category:People_from_Santa_Cruz_Department_(Bolivia)"
"http://purl.org/dc/terms/subject","http://dbpedia.org/resource/Category:1955_deaths"
"http://purl.org/dc/terms/subject","http://dbpedia.org/resource/Category:Bolivian_military_personnel"
"http://purl.org/dc/terms/subject","http://dbpedia.org/resource/Category:Democratic_Progressive_Party_(Malawi)_politicians"
"http://purl.org/dc/terms/subject","http://dbpedia.org/resource/Category:Bruneian_women"
"http://purl.org/dc/terms/subject","http://dbpedia.org/resource/Category:Bruneian_royalty"
"http://purl.org/dc/terms/subject","http://dbpedia.org/resource/Category:Bruneian_women_diplomats"
"http://purl.org/dc/terms/subject","http://dbpedia.org/resource/Category:Permanent_representatives_of_Brunei_to_the_United_Nations_in_Geneva"
"http://purl.org/dc/terms/subject","http://dbpedia.org/resource/Category:Bruneian_women_ambassadors"
"http://purl.org/dc/terms/subject","http://dbpedia.org/resource/Category:Bruneian_women_civil_servants"
"http://purl.org/dc/terms/subject","http://dbpedia.org/resource/Category:People_from_Poweshiek_County,_Iowa"
"http://purl.org/dc/terms/subject","http://dbpedia.org/resource/Category:University_of_Iowa_College_of_Law_alumni"
"http://purl.org/dc/terms/subject","http://dbpedia.org/resource/Category:1982_deaths"
"http://purl.org/dc/terms/subject","http://dbpedia.org/resource/Category:1893_births"
"http://purl.org/dc/terms/subject","http://dbpedia.org/resource/Category:Politicians_from_Council_Bluffs,_Iowa"
"http://purl.org/dc/terms/subject","http://dbpedia.org/resource/Category:Politicians_from_Marshalltown,_Iowa"
"http://purl.org/dc/terms/subject","http://dbpedia.org/resource/Category:Republican_Party_Iowa_state_senators"
"http://purl.org/dc/terms/subject","http://dbpedia.org/resource/Category:Iowa_city_attorneys"
"http://purl.org/dc/terms/subject","http://dbpedia.org/resource/Category:20th-century_members_of_the_Iowa_General_Assembly"
"http://purl.org/dc/terms/subject","http://dbpedia.org/resource/Category:Members_of_the_Senate_of_Jamaica"
"http://purl.org/dc/terms/subject","http://dbpedia.org/resource/Category:Jamaica_Labour_Party_politicians"
"http://purl.org/dc/terms/subject","http://dbpedia.org/resource/Category:21st-century_Jamaican_politicians"
"http://purl.org/dc/terms/subject","http://dbpedia.org/resource/Category:Members_of_the_15th_Parliament_of_Jamaica"
"http://purl.org/dc/terms/subject","http://dbpedia.org/resource/Category:Mayors_of_Kingston,_Jamaica"
"http://purl.org/dc/terms/subject","http://dbpedia.org/resource/Category:Members_of_the_House_of_Representatives_of_Puerto_Rico"
"http://purl.org/dc/terms/subject","http://dbpedia.org/resource/Category:Puerto_Rico_Independence_Party_politicians"
"http://purl.org/dc/terms/subject","http://dbpedia.org/resource/Category:People_from_Gurabo,_Puerto_Rico"
"http://purl.org/dc/terms/subject","http://dbpedia.org/resource/Category:21st-century_members_of_the_Legislative_Assembly_of_Puerto_Rico"
"http://purl.org/dc/terms/subject","http://dbpedia.org/resource/Category:People_from_Mount_Clemens,_Michigan"
"http://purl.org/dc/terms/subject","http://dbpedia.org/resource/Category:Female_finance_ministers"
"http://purl.org/dc/terms/subject","http://dbpedia.org/resource/Category:Burundian_women_in_politics"
"http://purl.org/dc/terms/subject","http://dbpedia.org/resource/Category:Women_government_ministers_of_Burundi"
"http://purl.org/dc/terms/subject","http://dbpedia.org/resource/Category:21st-century_Ghanaian_politicians"
"http://purl.org/dc/terms/subject","http://dbpedia.org/resource/Category:Ghanaian_Christians"
"http://purl.org/dc/terms/subject","http://dbpedia.org/resource/Category:Central_University_(Ghana)_alumni"
"http://purl.org/dc/terms/subject","http://dbpedia.org/resource/Category:New_Patriotic_Party_politicians"
"http://purl.org/dc/terms/subject","http://dbpedia.org/resource/Category:Politicians_from_Eastern_Region_(Ghana)"
"http://purl.org/dc/terms/subject","http://dbpedia.org/resource/Category:North_Dakota_politician_stubs"
"http://purl.org/dc/terms/subject","http://dbpedia.org/resource/Category:North_Dakota_State_University_alumni"
"http://purl.org/dc/terms/subject","http://dbpedia.org/resource/Category:People_from_Krefeld"
"http://purl.org/dc/terms/subject","http://dbpedia.org/resource/Category:1646_births"
"http://purl.org/dc/terms/subject","http://dbpedia.org/resource/Category:1697_deaths"
"http://purl.org/dc/terms/subject","http://dbpedia.org/resource/Category:German-American_culture_in_Pennsylvania"
"http://purl.org/dc/terms/subject","http://dbpedia.org/resource/Category:German_emigrants_to_the_Thirteen_Colonies"
"http://purl.org/dc/terms/subject","http://dbpedia.org/resource/Category:People_from_colonial_Pennsylvania"
"http://purl.org/dc/terms/subject","http://dbpedia.org/resource/Category:Abolitionists_from_Pennsylvania"
"http://purl.org/dc/terms/subject","http://dbpedia.org/resource/Category:1994_births"
"http://purl.org/dc/terms/subject","http://dbpedia.org/resource/Category:People_from_Giessen"
"http://purl.org/dc/terms/subject","http://dbpedia.org/resource/Category:Female_members_of_the_Bundestag"
"http://purl.org/dc/terms/subject","http://dbpedia.org/resource/Category:Members_of_the_Bundestag_for_Hesse"
"http://purl.org/dc/terms/subject","http://dbpedia.org/resource/Category:Members_of_the_Bundestag_2025–2029"
"http://purl.org/dc/terms/subject","http://dbpedia.org/resource/Category:Members_of_the_Bundestag_for_The_Left"
"http://purl.org/dc/terms/subject","http://dbpedia.org/resource/Category:21st-century_German_women_politicians"
"http://purl.org/dc/terms/subject","http://dbpedia.org/resource/Category:Members_of_the_10th_Parliament_of_Zimbabwe"
"http://dbpedia.org/ontology/description","American politician (1827–1896)"
"http://dbpedia.org/ontology/description","美國政治人物 (1827–1896)"
"http://dbpedia.org/ontology/description","basketbalspeler"
"http://dbpedia.org/ontology/description","баскетболіст команди коледжу (1970–1972)"
"http://dbpedia.org/ontology/description","American law professor and university administrator"
"http://dbpedia.org/ontology/description","American politician (1827–1902)"
"http://dbpedia.org/ontology/description","美國政治人物 (1827–1902)"
"http://dbpedia.org/ontology/description","militar boliviano (1908-1955)"
"http://dbpedia.org/ontology/description","diplomática bruneyana"
"http://dbpedia.org/ontology/description","Permanent Representative of Brunei Darussalam"
"http://dbpedia.org/ontology/description","onye nnọchi anya Brunei Darussalam"
"http://dbpedia.org/ontology/description","homme politique jamaïcain"
"http://dbpedia.org/ontology/description","polític jamaicà"
"http://dbpedia.org/ontology/description","político jamaicano"
"http://dbpedia.org/ontology/description","político xamaicano"
"http://dbpedia.org/ontology/description","জামাইকীয় রাজনীতিবিদ"
"http://dbpedia.org/ontology/description","Jamaica poliitik"
"http://dbpedia.org/ontology/description","politician jamaican"
"http://dbpedia.org/ontology/description","פוליטיקאי ג'מייקני"
"http://dbpedia.org/ontology/description","سياسي جمايكي"
"http://dbpedia.org/ontology/description","Jamaican politician"
"http://dbpedia.org/ontology/description","polític porto-riqueny"
"http://dbpedia.org/ontology/description","político puertorriqueño"
"http://dbpedia.org/ontology/description","Puerto Rican politician"
"http://dbpedia.org/ontology/description","Puerto Rico poliitik"
"http://dbpedia.org/ontology/description","homme politique portoricain"
"http://dbpedia.org/ontology/description","politician portorican"
"http://dbpedia.org/ontology/description","politikan portorikan"
"http://dbpedia.org/ontology/description","político portorriqueño"
"http://dbpedia.org/ontology/description","পুয়ের্তো রিকান রাজনীতিবিদ"
"http://dbpedia.org/ontology/description","פוליטיקאי פוארטו ריקני"
"http://dbpedia.org/ontology/description","سياسي بورتوريكي"
"http://dbpedia.org/ontology/description","onye ndọrọ ndọrọ ọchịchị Ghana ma bụrụ onye a họpụtara ugbu a ka onye ọrụ onyeisi oche."
"http://dbpedia.org/ontology/description","Ghanaian Politician and currently appointed as a presidential staffer."
"http://dbpedia.org/ontology/description","American abolitionist"
"http://dbpedia.org/ontology/description","polític alemany"
"http://dbpedia.org/ontology/description","Duits politica"
"http://dbpedia.org/ontology/description","germana politikistino"
"http://dbpedia.org/ontology/description","politica tedesca"
"http://dbpedia.org/ontology/description","política alemana"
"http://dbpedia.org/ontology/description","política alemã"
"http://dbpedia.org/ontology/description","politicienne allemande"
"http://dbpedia.org/ontology/description","deutsche Politikerin (Die Linke)"
"http://dbpedia.org/ontology/description","German politician (born 1994)"
"http://dbpedia.org/property/name","David C. Eldredge"
"http://dbpedia.org/property/name","David Faiti"
"http://dbpedia.org/property/name","David H. Branson"
"http://dbpedia.org/property/name","David Hall"
"http://dbpedia.org/property/name","David L. Smith"
"http://dbpedia.org/property/name","David Mphande"
"http://dbpedia.org/property/name","David Nagel"
"http://dbpedia.org/property/name","David Paige"
"http://dbpedia.org/property/name","David Passi"
"http://dbpedia.org/property/name","David Rochefort"
"http://dbpedia.org/property/name","David Terrazas"
"http://dbpedia.org/property/name","Davies Katsonga"
"http://dbpedia.org/property/name","Dayangku Mazlizah"
"http://dbpedia.org/property/name","De Vere Watson"
"http://dbpedia.org/property/name","Delroy Williams"
"http://dbpedia.org/property/name","Denis Márquez Lebrón"
"http://dbpedia.org/property/name","Denise Mentzer"
"http://dbpedia.org/property/name","Dennis Edward Aboagye"
"http://dbpedia.org/property/name","Dennis Nehring"
"http://dbpedia.org/property/name","Derick op den Graeff"
"http://dbpedia.org/property/name","Desiree Becker"
"http://dbpedia.org/property/name","Desmond Makaza"
"http://xmlns.com/foaf/0.1/depiction","http://commons.wikimedia.org/wiki/Special:FilePath/David_C._Eldredge.jpg"
"http://xmlns.com/foaf/0.1/depiction","http://commons.wikimedia.org/wiki/Special:FilePath/Legislators_discussing_laws_to_empower_counties_with_regards_to_funds_for_road_construction.jpg"
"http://xmlns.com/foaf/0.1/depiction","http://commons.wikimedia.org/wiki/Special:FilePath/David_Hoopes_Branson_(1893)_(cropped).png"
"http://xmlns.com/foaf/0.1/depiction","http://commons.wikimedia.org/wiki/Special:FilePath/ARG_Order_of_the_Liberator_San_Martin_-_Grand_Cross_BAR.svg"
"http://xmlns.com/foaf/0.1/depiction","http://commons.wikimedia.org/wiki/Special:FilePath/Legion_Honneur_GO_ribbon.svg"
"http://xmlns.com/foaf/0.1/depiction","http://commons.wikimedia.org/wiki/Special:FilePath/BOL_Order_of_Condor_of_the_Andes_-_Grand_Cross_BAR.png"
"http://xmlns.com/foaf/0.1/depiction","http://commons.wikimedia.org/wiki/Special:FilePath/Logo_del_Ejército_de_Bolivia..jpg"
"http://xmlns.com/foaf/0.1/depiction","http://commons.wikimedia.org/wiki/Special:FilePath/BRA_Ordem_do_Merito_Militar_Grande_Oficial.png"
"http://xmlns.com/foaf/0.1/depiction","http://commons.wikimedia.org/wiki/Special:FilePath/Us_legion_of_merit_officer_rib.png"
"http://xmlns.com/foaf/0.1/depiction","http://commons.wikimedia.org/wiki/Special:FilePath/GenDivEBTraje.svg"
"http://xmlns.com/foaf/0.1/depiction","http://commons.wikimedia.org/wiki/Special:FilePath/General_David_Terrazas_Villegas.jpg"
"http://xmlns.com/foaf/0.1/depiction","http://commons.wikimedia.org/wiki/Special:FilePath/DK_Mazilah_Pg_Mahalee.jpg"
"http://xmlns.com/foaf/0.1/depiction","http://commons.wikimedia.org/wiki/Special:FilePath/Member_of_the_Puerto_Rico_House_of_Representatives_Denis_Márquez_Lebrón.jpg"
"http://xmlns.com/foaf/0.1/depiction","http://commons.wikimedia.org/wiki/Special:FilePath/Derick_op_den_Graeff_(1646-1697)_and_Abraham_op_den_Graeff_(1649–1731),_signers_of_the_first_organized_religious_protest_against_slavery_in_1688.jpg"
"http://xmlns.com/foaf/0.1/depiction","http://commons.wikimedia.org/wiki/Special:FilePath/Coat_of_arms_Op_den_Graeff.jpg"
"http://xmlns.com/foaf/0.1/depiction","http://commons.wikimedia.org/wiki/Special:FilePath/Germantown_map_1689.png"
"http://xmlns.com/foaf/0.1/depiction","http://commons.wikimedia.org/wiki/Special:FilePath/Inscription_Pastorius_Monument.jpg"
"http://xmlns.com/foaf/0.1/depiction","http://commons.wikimedia.org/wiki/Special:FilePath/Pastorius_Monument.jpg"
"http://xmlns.com/foaf/0.1/depiction","http://commons.wikimedia.org/wiki/Special:FilePath/The_1688_Germantown_Quaker_petition_against_slavery.jpg"
"http://xmlns.com/foaf/0.1/depiction","http://commons.wikimedia.org/wiki/Special:FilePath/Signature_of_Derick_op_den_Graeff_at_the_1688_Germantown_Quaker_petition_against_slavery.jpg"
"http://xmlns.com/foaf/0.1/depiction","http://commons.wikimedia.org/wiki/Special:FilePath/William_Penn_talks_to_the_founders_of_Germantown,_Pennsylvania.jpg"
"http://dbpedia.org/property/almaMater","http://dbpedia.org/resource/Georgia_Tech"
"http://dbpedia.org/property/almaMater","http://dbpedia.org/resource/University_of_Miami"
"http://dbpedia.org/property/almaMater","Military College of La Paz"
"http://dbpedia.org/property/almaMater","http://dbpedia.org/resource/University_of_Puerto_Rico"
"http://dbpedia.org/property/almaMater","Interamerican University of Puerto Rico School of Law"
"http://dbpedia.org/property/almaMater","http://dbpedia.org/resource/University_of_Ghana"
"http://dbpedia.org/property/almaMater","http://dbpedia.org/resource/The_Chartered_Institute_of_Marketing"
"http://dbpedia.org/property/almaMater","http://dbpedia.org/resource/Central_University_(Ghana)"
"http://dbpedia.org/property/awards",18
"http://dbpedia.org/property/awards","http://dbpedia.org/resource/Order_of_Military_Merit_(Brazil)"
"http://dbpedia.org/property/awards","http://dbpedia.org/resource/File:BRA_Ordem_do_Merito_Militar_Grande_Oficial.png"
"http://dbpedia.org/ontology/almaMater","http://dbpedia.org/resource/Georgia_Tech"
"http://dbpedia.org/ontology/almaMater","http://dbpedia.org/resource/University_of_Miami"
"http://dbpedia.org/ontology/almaMater","http://dbpedia.org/resource/Interamerican_University_of_Puerto_Rico_School_of_Law"
"http://dbpedia.org/ontology/almaMater","http://dbpedia.org/resource/University_of_Puerto_Rico"
"http://dbpedia.org/ontology/almaMater","http://dbpedia.org/resource/University_of_Ghana"
"http://dbpedia.org/ontology/almaMater","http://dbpedia.org/resource/The_Chartered_Institute_of_Marketing"
"http://dbpedia.org/ontology/almaMater","http://dbpedia.org/resource/Central_University_(Ghana)"
"http://dbpedia.org/ontology/award","http://dbpedia.org/resource/Order_of_the_Condor_of_the_Andes"
"http://dbpedia.org/ontology/award","http://dbpedia.org/resource/Order_of_the_Liberator_General_San_Martín"
"http://dbpedia.org/ontology/award","http://dbpedia.org/resource/Legion_of_Honour"
"http://dbpedia.org/ontology/award","http://dbpedia.org/resource/Legion_of_Merit"
"http://dbpedia.org/ontology/award","http://dbpedia.org/resource/Order_of_Military_Merit_(Brazil)"
"http://dbpedia.org/ontology/birthName","David Hoopes Branson"
"http://dbpedia.org/ontology/country","http://dbpedia.org/resource/Germany"
"http://dbpedia.org/ontology/education","http://dbpedia.org/resource/Harvard_Law_School"
"http://dbpedia.org/ontology/education","http://dbpedia.org/resource/Kansas_State_University"
"http://dbpedia.org/ontology/education","http://dbpedia.org/resource/University_of_Oklahoma"
"http://dbpedia.org/ontology/education","http://dbpedia.org/resource/Baker_College"
"http://dbpedia.org/ontology/militaryService","http://dbpedia.org/resource/David_Terrazas_Villegas__MilitaryService__1"
"http://dbpedia.org/ontology/nationality","http://dbpedia.org/resource/Ghanaian_nationality_law"
"http://dbpedia.org/ontology/occupation","http://dbpedia.org/resource/Entrepreneurship"
"http://dbpedia.org/ontology/party","http://dbpedia.org/resource/Know_Nothing"
"http://dbpedia.org/ontology/party","http://dbpedia.org/resource/Jamaica_Labour_Party"
"http://dbpedia.org/ontology/party","http://dbpedia.org/resource/Puerto_Rican_Independence_Party"
"http://dbpedia.org/ontology/party","http://dbpedia.org/resource/New_Patriotic_Party"
"http://dbpedia.org/ontology/party","http://dbpedia.org/resource/Die_Linke"
"http://dbpedia.org/ontology/profession","http://dbpedia.org/resource/Chartered_Marketer"
"http://dbpedia.org/ontology/relation","http://dbpedia.org/resource/Joseph_de_Segura"
"http://dbpedia.org/ontology/relation","http://dbpedia.org/resource/Moses_Hamon"
"http://dbpedia.org/ontology/relation","http://dbpedia.org/resource/Carlos_Manuel_de_Villegas"
"http://dbpedia.org/ontology/relation","http://dbpedia.org/resource/Hernán_Terrazas_Céspedes"
"http://dbpedia.org/ontology/relation","http://dbpedia.org/resource/Manuel_Terrazas"
"http://dbpedia.org/ontology/relation","http://dbpedia.org/resource/Julio_Terrazas_Sandoval"
"http://dbpedia.org/ontology/relation","http://dbpedia.org/resource/Melchor_Terrazas"
"http://dbpedia.org/ontology/restingPlace","http://dbpedia.org/resource/Parkesburg,_Pennsylvania"
"http://dbpedia.org/ontology/termPeriod","http://dbpedia.org/resource/David_C._Eldredge__Tenure__1"
"http://dbpedia.org/ontology/termPeriod","http://dbpedia.org/resource/David_Faiti__Tenure__1"
"http://dbpedia.org/ontology/termPeriod","http://dbpedia.org/resource/David_H._Branson__Tenure__1"
"http://dbpedia.org/ontology/termPeriod","http://dbpedia.org/resource/David_Hall_(university_administrator)__Tenure__1"
"http://dbpedia.org/ontology/termPeriod","http://dbpedia.org/resource/David_Hall_(university_administrator)__Tenure__2"
"http://dbpedia.org/ontology/termPeriod","http://dbpedia.org/resource/David_Hall_(university_administrator)__Tenure__3"
"http://dbpedia.org/ontology/termPeriod","http://dbpedia.org/resource/David_L._Smith_(politician)__Tenure__1"
"http://dbpedia.org/ontology/termPeriod","http://dbpedia.org/resource/David_Mphande__Tenure__1"
"http://dbpedia.org/ontology/termPeriod","http://dbpedia.org/resource/David_Nagel_(politician)__Tenure__1"
"http://dbpedia.org/ontology/termPeriod","http://dbpedia.org/resource/David_Paige_(New_Hampshire_politician)__Tenure__1"
"http://dbpedia.org/ontology/termPeriod","http://dbpedia.org/resource/David_Passi__Tenure__1"
"http://dbpedia.org/ontology/termPeriod","http://dbpedia.org/resource/David_Rochefort__Tenure__1"
"http://dbpedia.org/ontology/termPeriod","http://dbpedia.org/resource/David_Rochefort__Tenure__2"
"http://dbpedia.org/ontology/termPeriod","http://dbpedia.org/resource/David_Terrazas_Villegas__Tenure__1"
"http://dbpedia.org/ontology/termPeriod","http://dbpedia.org/resource/Davies_Katsonga__Tenure__1"
"http://dbpedia.org/ontology/termPeriod","http://dbpedia.org/resource/Dayangku_Mazlizah__Tenure__1"
"http://dbpedia.org/ontology/termPeriod","http://dbpedia.org/resource/De_Vere_Watson__Tenure__1"
"http://dbpedia.org/ontology/termPeriod","http://dbpedia.org/resource/Delroy_Williams__Tenure__1"
"http://dbpedia.org/ontology/termPeriod","http://dbpedia.org/resource/Delroy_Williams__Tenure__2"
"http://dbpedia.org/ontology/termPeriod","http://dbpedia.org/resource/Denis_Márquez_Lebrón__Tenure__1"
"http://dbpedia.org/ontology/termPeriod","http://dbpedia.org/resource/Denise_Mentzer__Tenure__1"
"http://dbpedia.org/ontology/termPeriod","http://dbpedia.org/resource/Denise_Sinankwa__Tenure__1"
"http://dbpedia.org/ontology/termPeriod","http://dbpedia.org/resource/Dennis_Nehring__Tenure__1"
"http://dbpedia.org/ontology/termPeriod","http://dbpedia.org/resource/Derick_op_den_Graeff__Tenure__1"
"http://dbpedia.org/ontology/termPeriod","http://dbpedia.org/resource/Desiree_Becker__Tenure__1"
"http://dbpedia.org/ontology/termPeriod","http://dbpedia.org/resource/Desmond_Makaza__Tenure__1"
"http://dbpedia.org/ontology/thumbnail","http://commons.wikimedia.org/wiki/Special:FilePath/David_C._Eldredge.jpg?width=300"
"http://dbpedia.org/ontology/thumbnail","http://commons.wikimedia.org/wiki/Special:FilePath/David_Hoopes_Branson_(1893)_(cropped).png?width=300"
"http://dbpedia.org/ontology/thumbnail","http://commons.wikimedia.org/wiki/Special:FilePath/General_David_Terrazas_Villegas.jpg?width=300"
"http://dbpedia.org/ontology/thumbnail","http://commons.wikimedia.org/wiki/Special:FilePath/DK_Mazilah_Pg_Mahalee.jpg?width=300"
"http://dbpedia.org/ontology/thumbnail","http://commons.wikimedia.org/wiki/Special:FilePath/Member_of_the_Puerto_Rico_House_of_Representatives_Denis_Márquez_Lebrón.jpg?width=300"
"http://dbpedia.org/ontology/thumbnail","http://commons.wikimedia.org/wiki/Special:FilePath/Derick_op_den_Graeff_(1646-1697)_and_Abraham_op_den_Graeff_(1649–1731),_signers_of_the_first_organized_religious_protest_against_slavery_in_1688.jpg?width=300"
"http://dbpedia.org/property/alongside","Joseph G. West and William Preston Snyder"
"http://dbpedia.org/property/alongside","http://dbpedia.org/resource/Linda_Massimilla"
"http://dbpedia.org/property/alongside","http://dbpedia.org/resource/Matthew_Simon_(politician)"
"http://dbpedia.org/property/alongside","http://dbpedia.org/resource/Nico_Rios"
"http://dbpedia.org/property/wikiPageUsesTemplate","http://dbpedia.org/resource/Template:Blockquote"
"http://dbpedia.org/property/wikiPageUsesTemplate","http://dbpedia.org/resource/Template:Cite_archive"
"http://dbpedia.org/property/wikiPageUsesTemplate","http://dbpedia.org/resource/Template:ProQuest"
"http://dbpedia.org/property/wikiPageUsesTemplate","http://dbpedia.org/resource/Template:One_source"
"http://dbpedia.org/property/wikiPageUsesTemplate","http://dbpedia.org/resource/Template:Jamaica-politician-stub"
"http://dbpedia.org/property/wikiPageUsesTemplate","http://dbpedia.org/resource/Template:PuertoRico-politician-stub"
"http://dbpedia.org/property/wikiPageUsesTemplate","http://dbpedia.org/resource/Template:Current_members_of_the_House_of_Representatives_of_Puerto_Rico"
"http://dbpedia.org/property/wikiPageUsesTemplate","http://dbpedia.org/resource/Template:Montana-politician-stub"
"http://dbpedia.org/property/wikiPageUsesTemplate","http://dbpedia.org/resource/Template:Unreliable_source"
"http://dbpedia.org/property/wikiPageUsesTemplate","http://dbpedia.org/resource/Template:Germany-politician-stub"
"http://dbpedia.org/property/wikiPageUsesTemplate","http://dbpedia.org/resource/Template:Members_of_the_21st_Bundestag"
"http://dbpedia.org/property/battles","*Chaco War
*Korean War"
"http://dbpedia.org/property/birthDate",1921-08-06
"http://dbpedia.org/property/birthDate",1827-08-31
"http://dbpedia.org/property/birthDate",1827-02-04
"http://dbpedia.org/property/birthDate",1938
"http://dbpedia.org/property/birthDate","1560.0"
"http://dbpedia.org/property/birthDate",1908-12-14
"http://dbpedia.org/property/birthDate",1893-04-01
"http://dbpedia.org/property/birthDate",1963-10-05
"http://dbpedia.org/property/birthDate",1646
"http://dbpedia.org/property/birthDate",1994-01-27
"http://dbpedia.org/property/branch",18
"http://dbpedia.org/property/constituency","Hesse"
"http://dbpedia.org/property/deathDate",1984-01-01
"http://dbpedia.org/property/deathDate",1896-10-19
"http://dbpedia.org/property/deathDate",2018-09-14
"http://dbpedia.org/property/deathDate","fl. 1599"
"http://dbpedia.org/property/deathDate",1955-08-22
"http://dbpedia.org/property/deathDate",1982-11-14
"http://dbpedia.org/property/deathDate",1697
"http://dbpedia.org/property/education","http://dbpedia.org/resource/Kansas_State_University"
"http://dbpedia.org/property/education","Baker College"
"http://dbpedia.org/property/occupation","Spy, businessman"
"http://dbpedia.org/property/occupation","Military officer, diplomat"
"http://dbpedia.org/property/occupation","Entrepreneur , Politician"
"http://dbpedia.org/property/office","Florida House of Representatives"
"http://dbpedia.org/property/office","from Dade County"
"http://dbpedia.org/property/office","Minister of Economic Planning and Development of Malawi"
"http://dbpedia.org/property/office","Minister of Health of Malawi"
"http://dbpedia.org/property/office","http://dbpedia.org/resource/Commander-in-chief"
"http://dbpedia.org/property/office","Minister of Presidential and parliamentary affairs of Malawi"
"http://dbpedia.org/property/office","http://dbpedia.org/resource/List_of_permanent_representatives_of_Brunei_to_the_United_Nations_in_Geneva"
"http://dbpedia.org/property/office","Government Senator"
"http://dbpedia.org/property/office","Mayor of Kingston"
"http://dbpedia.org/property/office","Member of the Puerto Rico House of Representatives from the at-large district"
"http://dbpedia.org/property/office","http://dbpedia.org/resource/Minister_of_Finance,_Budget_and_Economic_Planning_(Burundi)"
"http://dbpedia.org/property/office","bailiff or chief executive  of Germantown"
"http://dbpedia.org/property/office","Member of the Bundestag"
"http://dbpedia.org/property/office","Member of the National Assembly of Zimbabwe for Mpopoma–Mzilikazi"
"http://dbpedia.org/property/party","http://dbpedia.org/resource/Know_Nothing"
"http://dbpedia.org/property/party","Jamaica Labour Party"
"http://dbpedia.org/property/party","http://dbpedia.org/resource/Puerto_Rican_Independence_Party"
"http://dbpedia.org/property/party","http://dbpedia.org/resource/New_Patriotic_Party"
"http://dbpedia.org/property/party","http://dbpedia.org/resource/Die_Linke"
"http://dbpedia.org/property/predecessor","http://dbpedia.org/resource/D._Smith_Talbot"
"http://dbpedia.org/property/predecessor","http://dbpedia.org/resource/Lewis_H._Evans"
"http://dbpedia.org/property/predecessor","http://dbpedia.org/resource/William_W._McConnell"
"http://dbpedia.org/property/predecessor","http://dbpedia.org/resource/John_Hickman_(Pennsylvania_politician)"
"http://dbpedia.org/property/predecessor","http://dbpedia.org/resource/LaVerne_E._Ragster"
"http://dbpedia.org/property/predecessor","http://dbpedia.org/resource/Cığalazade_Yusuf_Sinan_Pasha"
"http://dbpedia.org/property/predecessor","http://dbpedia.org/resource/Carrie_Gendreau"
"http://dbpedia.org/property/predecessor","Linda Massimilla"
"http://dbpedia.org/property/predecessor","Joseph DePalma IV"
"http://dbpedia.org/property/predecessor","http://dbpedia.org/resource/Masurai_Masri"
"http://dbpedia.org/property/predecessor","http://dbpedia.org/resource/Morris_Moore"
"http://dbpedia.org/property/predecessor","http://dbpedia.org/resource/Christine_Morse"
"http://dbpedia.org/property/predecessor","http://dbpedia.org/resource/Dieudonne_Ngowembona"
"http://dbpedia.org/property/predecessor","http://dbpedia.org/resource/Scott_Dyk"
"http://dbpedia.org/property/quote","""Talking of old home scenes, op den Graaff. Teased the low backlog with his shodden staff, till the red embers broke into a laugh and dance of flame, as if they fain would cheer. The rugged face, half tender, half äußere, touched with the pathos of a homesick tear!"""
"http://dbpedia.org/property/rank",18
"http://dbpedia.org/property/relatives","http://dbpedia.org/resource/Moses_Hamon"
"http://dbpedia.org/property/relatives","Joseph de Segura ?"
"http://dbpedia.org/property/restingPlace","East Brandywine Baptist Church Cemetery"
"http://dbpedia.org/property/restingPlace","Guthriesville, Pennsylvania, U.S."
"http://dbpedia.org/property/restingPlace","Parkesburg, Pennsylvania, U.S."
"http://dbpedia.org/property/restingPlace","Upper Octorara Church Cemetery"
"http://dbpedia.org/property/serviceyears",1929
"http://dbpedia.org/property/source","— John Greenleaf Whittier."
"http://dbpedia.org/property/spouse",1852
"http://dbpedia.org/property/spouse",1880
"http://dbpedia.org/property/spouse","Elizabeth Gordon"
"http://dbpedia.org/property/spouse","Helen M. Armstrong"
"http://dbpedia.org/property/spouse","CeDale"
"http://dbpedia.org/property/successor","D. Smith Talbot, John H. Marshall, Thomas J. Philips, Daniel Foulke Moore"
"http://dbpedia.org/property/successor","http://dbpedia.org/resource/Safiya_George"
"http://dbpedia.org/property/successor","http://dbpedia.org/resource/Cığalazade_Yusuf_Sinan_Pasha"
"http://dbpedia.org/property/successor","Joseph Barton"
"http://dbpedia.org/property/successor","Calvin Beaulier"
"http://dbpedia.org/property/successor","Darrell A. Louis"
"http://dbpedia.org/property/successor","http://dbpedia.org/resource/Jim_Henry_(Iowa_politician)"
"http://dbpedia.org/property/successor","http://dbpedia.org/resource/Clotilde_Nizigama"
"http://dbpedia.org/property/successor","http://dbpedia.org/resource/Charles_Moyo"
"http://dbpedia.org/property/termEnd",2009-03-08
"http://dbpedia.org/property/termEnd",1894
"http://dbpedia.org/property/termEnd",1868
"http://dbpedia.org/property/termEnd",2012-06-14
"http://dbpedia.org/property/termEnd",1957-01-13
"http://dbpedia.org/property/termEnd",2007-07-13
"http://dbpedia.org/property/termEnd",1694
"http://dbpedia.org/property/termStart",1959
"http://dbpedia.org/property/termStart",2004-06-06
"http://dbpedia.org/property/termStart",1891
"http://dbpedia.org/property/termStart",1993
"http://dbpedia.org/property/termStart",2009-08-01
"http://dbpedia.org/property/termStart",1855
"http://dbpedia.org/property/termStart",2024-12-04
"http://dbpedia.org/property/termStart",2007-11-20
"http://dbpedia.org/property/termStart",1941-01-13
"http://dbpedia.org/property/termStart",2025
"http://dbpedia.org/property/termStart",2025-02-13
"http://dbpedia.org/property/termStart",2017-01-02
"http://dbpedia.org/property/termStart",2006-09-13
"http://dbpedia.org/property/termStart",2024-05-06
"http://dbpedia.org/property/termStart",1693
"http://dbpedia.org/property/title","http://dbpedia.org/resource/Minister_of_Economic_Planning_and_Development_of_Malawi"
"http://dbpedia.org/property/title","Provost and Senior Vice-President for Academic Affairs, Northeastern University"
"http://dbpedia.org/property/title","Dean of Northeastern University School of Law"
"http://dbpedia.org/property/title","President of the University of the Virgin Islands"
"http://dbpedia.org/property/title","http://dbpedia.org/resource/Minister_of_Health_of_Malawi"
"http://dbpedia.org/property/title","Kapudan Pasha"
"http://dbpedia.org/property/title","http://dbpedia.org/resource/Minister_of_Presidential_and_parliamentary_affairs_of_Malawi"
"http://dbpedia.org/property/title","http://dbpedia.org/resource/List_of_permanent_representatives_of_Brunei_to_the_United_Nations_in_Geneva"
"http://dbpedia.org/property/title","Member of the North Dakota House of Representatives"
"http://dbpedia.org/property/years",0001-09-22
"http://dbpedia.org/property/years",2024
"http://dbpedia.org/property/appointer","Andrew Holness"
"http://dbpedia.org/property/nationality","http://dbpedia.org/resource/Ghanaian_nationality_law"
"http://dbpedia.org/property/profession","http://dbpedia.org/resource/Chartered_Marketer"
"http://dbpedia.org/property/profession","Politician, weaver, merchant"
"http://dbpedia.org/property/constituencyMp","http://dbpedia.org/resource/Clarendon_Central"
"http://dbpedia.org/property/relations","http://dbpedia.org/resource/Carlos_Manuel_de_Villegas"
"http://dbpedia.org/property/relations","http://dbpedia.org/resource/Hernán_Terrazas_Céspedes"
"http://dbpedia.org/property/relations","http://dbpedia.org/resource/Manuel_Terrazas"
"http://dbpedia.org/property/relations","http://dbpedia.org/resource/Julio_Terrazas_Sandoval"
"http://dbpedia.org/property/relations","http://dbpedia.org/resource/Melchor_Terrazas"
"http://dbpedia.org/property/birthName","David Hoopes Branson"
"http://www.w3.org/ns/prov#wasDerivedFrom","http://en.wikipedia.org/wiki/David_C._Eldredge?oldid=1286270645&ns=0"
"http://www.w3.org/ns/prov#wasDerivedFrom","http://en.wikipedia.org/wiki/David_Faiti?oldid=1245619652&ns=0"
"http://www.w3.org/ns/prov#wasDerivedFrom","http://en.wikipedia.org/wiki/David_H._Branson?oldid=1261678167&ns=0"
"http://www.w3.org/ns/prov#wasDerivedFrom","http://en.wikipedia.org/wiki/David_Hall_(university_administrator)?oldid=1293524450&ns=0"
"http://www.w3.org/ns/prov#wasDerivedFrom","http://en.wikipedia.org/wiki/David_L._Smith_(politician)?oldid=1261745639&ns=0"
"http://www.w3.org/ns/prov#wasDerivedFrom","http://en.wikipedia.org/wiki/David_Mphande?oldid=1227756639&ns=0"
"http://www.w3.org/ns/prov#wasDerivedFrom","http://en.wikipedia.org/wiki/David_Nagel_(politician)?oldid=1302155564&ns=0"
"http://www.w3.org/ns/prov#wasDerivedFrom","http://en.wikipedia.org/wiki/David_Paige_(New_Hampshire_politician)?oldid=1292427725&ns=0"
"http://www.w3.org/ns/prov#wasDerivedFrom","http://en.wikipedia.org/wiki/David_Passi?oldid=1292760021&ns=0"
"http://www.w3.org/ns/prov#wasDerivedFrom","http://en.wikipedia.org/wiki/David_Rochefort?oldid=1302462034&ns=0"
"http://www.w3.org/ns/prov#wasDerivedFrom","http://en.wikipedia.org/wiki/David_Terrazas_Villegas?oldid=1303448717&ns=0"
"http://www.w3.org/ns/prov#wasDerivedFrom","http://en.wikipedia.org/wiki/Davies_Katsonga?oldid=1289410139&ns=0"
"http://www.w3.org/ns/prov#wasDerivedFrom","http://en.wikipedia.org/wiki/Dayangku_Mazlizah?oldid=1275491762&ns=0"
"http://www.w3.org/ns/prov#wasDerivedFrom","http://en.wikipedia.org/wiki/De_Vere_Watson?oldid=1261995455&ns=0"
"http://www.w3.org/ns/prov#wasDerivedFrom","http://en.wikipedia.org/wiki/Delroy_Williams?oldid=1312327498&ns=0"
"http://www.w3.org/ns/prov#wasDerivedFrom","http://en.wikipedia.org/wiki/Denis_Márquez_Lebrón?oldid=1284438176&ns=0"
"http://www.w3.org/ns/prov#wasDerivedFrom","http://en.wikipedia.org/wiki/Denise_Mentzer?oldid=1293489188&ns=0"
"http://www.w3.org/ns/prov#wasDerivedFrom","http://en.wikipedia.org/wiki/Denise_Sinankwa?oldid=1288394133&ns=0"
"http://www.w3.org/ns/prov#wasDerivedFrom","http://en.wikipedia.org/wiki/Dennis_Edward_Aboagye?oldid=1291476479&ns=0"
"http://www.w3.org/ns/prov#wasDerivedFrom","http://en.wikipedia.org/wiki/Dennis_Nehring?oldid=1260708392&ns=0"
"http://www.w3.org/ns/prov#wasDerivedFrom","http://en.wikipedia.org/wiki/Derick_op_den_Graeff?oldid=1297873235&ns=0"
"http://www.w3.org/ns/prov#wasDerivedFrom","http://en.wikipedia.org/wiki/Desiree_Becker?oldid=1311282336&ns=0"
"http://dbpedia.org/property/stateSenate","New Hampshire"
"http://dbpedia.org/property/stateSenate","Iowa"
"http://dbpedia.org/property/honorificPrefix","http://dbpedia.org/resource/Senator"
"http://dbpedia.org/property/residence","Round Prairie Township"
"http://dbpedia.org/property/align","center"
"http://dbpedia.org/property/caption","Eldredge in 1961"
"http://dbpedia.org/property/caption","Branson in a 1893 publication"
"http://dbpedia.org/property/caption","Dayangku Mazlizah in 2020"
"http://dbpedia.org/property/caption","Derick op den Graeff and Abraham op den Graeff with the petition of the first organized religious protest against slavery in colonial America; sketch by Matthias Laurenz Gräff"
"http://dbpedia.org/property/children","four"
"http://dbpedia.org/property/width","80.0"
"http://dbpedia.org/property/term",1595
"http://dbpedia.org/property/district","http://dbpedia.org/resource/Allegheny_County,_Pennsylvania"
"http://dbpedia.org/property/district","Belknap 6th"
"http://dbpedia.org/property/district","Carroll 1st"
"http://dbpedia.org/property/district","1.0"
"http://dbpedia.org/property/district","Grafton 1st"
"http://dbpedia.org/property/district",19
"http://dbpedia.org/property/district","61.0"
"http://dbpedia.org/property/district","23.0"
"http://dbpedia.org/property/termend",1949-01-16
"http://dbpedia.org/property/termend",2024
"http://dbpedia.org/property/termstart",1946-07-16
"http://dbpedia.org/property/termstart",2020-09-22
"http://dbpedia.org/property/termstart",2016
"http://xmlns.com/foaf/0.1/isPrimaryTopicOf","http://en.wikipedia.org/wiki/David_C._Eldredge"
"http://xmlns.com/foaf/0.1/isPrimaryTopicOf","http://en.wikipedia.org/wiki/David_Faiti"
"http://xmlns.com/foaf/0.1/isPrimaryTopicOf","http://en.wikipedia.org/wiki/David_H._Branson"
"http://xmlns.com/foaf/0.1/isPrimaryTopicOf","http://en.wikipedia.org/wiki/David_Hall_(university_administrator)"
"http://xmlns.com/foaf/0.1/isPrimaryTopicOf","http://en.wikipedia.org/wiki/David_L._Smith_(politician)"
"http://xmlns.com/foaf/0.1/isPrimaryTopicOf","http://en.wikipedia.org/wiki/David_Mphande"
"http://xmlns.com/foaf/0.1/isPrimaryTopicOf","http://en.wikipedia.org/wiki/David_Nagel_(politician)"
"http://xmlns.com/foaf/0.1/isPrimaryTopicOf","http://en.wikipedia.org/wiki/David_Paige_(New_Hampshire_politician)"
"http://xmlns.com/foaf/0.1/isPrimaryTopicOf","http://en.wikipedia.org/wiki/David_Passi"
"http://xmlns.com/foaf/0.1/isPrimaryTopicOf","http://en.wikipedia.org/wiki/David_Rochefort"
"http://xmlns.com/foaf/0.1/isPrimaryTopicOf","http://en.wikipedia.org/wiki/David_Terrazas_Villegas"
"http://xmlns.com/foaf/0.1/isPrimaryTopicOf","http://en.wikipedia.org/wiki/Davies_Katsonga"
"http://xmlns.com/foaf/0.1/isPrimaryTopicOf","http://en.wikipedia.org/wiki/Dayangku_Mazlizah"
"http://xmlns.com/foaf/0.1/isPrimaryTopicOf","http://en.wikipedia.org/wiki/De_Vere_Watson"
"http://xmlns.com/foaf/0.1/isPrimaryTopicOf","http://en.wikipedia.org/wiki/Delroy_Williams"
"http://xmlns.com/foaf/0.1/isPrimaryTopicOf","http://en.wikipedia.org/wiki/Denis_Márquez_Lebrón"
"http://xmlns.com/foaf/0.1/isPrimaryTopicOf","http://en.wikipedia.org/wiki/Denise_Mentzer"
"http://xmlns.com/foaf/0.1/isPrimaryTopicOf","http://en.wikipedia.org/wiki/Denise_Sinankwa"
"http://xmlns.com/foaf/0.1/isPrimaryTopicOf","http://en.wikipedia.org/wiki/Dennis_Edward_Aboagye"
"http://xmlns.com/foaf/0.1/isPrimaryTopicOf","http://en.wikipedia.org/wiki/Dennis_Nehring"
"http://xmlns.com/foaf/0.1/isPrimaryTopicOf","http://en.wikipedia.org/wiki/Derick_op_den_Graeff"
"http://xmlns.com/foaf/0.1/isPrimaryTopicOf","http://en.wikipedia.org/wiki/Desiree_Becker"
"http://www.w3.org/2002/07/owl#sameAs","http://www.wikidata.org/entity/Q99544341"
"http://www.w3.org/2002/07/owl#sameAs","https://global.dbpedia.org/id/FTnCX"
"http://xmlns.com/foaf/0.1/name","Devendra Joshi"
"http://xmlns.com/foaf/0.1/name","Dewa Made Mahayadnya"
"http://xmlns.com/foaf/0.1/name","Dharmendra Singh Senthwar"
"http://xmlns.com/foaf/0.1/name","Dharmpal Gurjar"
"http://xmlns.com/foaf/0.1/name","Dharmraj Singh Yadav"
"http://xmlns.com/foaf/0.1/name","Dianne Boardley Suber"
"http://xmlns.com/foaf/0.1/name","Dmytro Tyshlek"
"http://xmlns.com/foaf/0.1/name","Domas Griškevičius"
"http://xmlns.com/foaf/0.1/name","Donald G. Castleberry"
"http://xmlns.com/foaf/0.1/name","Donald Totten"
"http://xmlns.com/foaf/0.1/name","Dorothy L. Devereux"
"http://xmlns.com/foaf/0.1/name","Dumezweni Mthimkhulu"
"http://xmlns.com/foaf/0.1/name","Dusty Deevers"
"http://xmlns.com/foaf/0.1/name","Dámaso Bilbao la Vieja"
"http://xmlns.com/foaf/0.1/name","E. John Lownes III"
"http://xmlns.com/foaf/0.1/name","Eamon Kelley"
"http://xmlns.com/foaf/0.1/name","Eddie D. Moore"
"http://www.w3.org/2000/01/rdf-schema#label","Devendra Joshi"
"http://www.w3.org/2000/01/rdf-schema#label","Dewa Made Mahayadnya"
"http://www.w3.org/2000/01/rdf-schema#label","Dharmendra Singh Senthwar"
"http://www.w3.org/2000/01/rdf-schema#label","Dharmpal Gurjar"
"http://www.w3.org/2000/01/rdf-schema#label","Dharmraj Singh Yadav"
"http://www.w3.org/2000/01/rdf-schema#label","Dianne Boardley Suber"
"http://www.w3.org/2000/01/rdf-schema#label","Dinesh Johri"
"http://www.w3.org/2000/01/rdf-schema#label","Dmytro Tyshlek"
"http://www.w3.org/2000/01/rdf-schema#label","Domas Griškevičius"
"http://www.w3.org/2000/01/rdf-schema#label","Donald G. Castleberry"
"http://www.w3.org/2000/01/rdf-schema#label","Donald L. Totten"
"http://www.w3.org/2000/01/rdf-schema#label","Dorothy L. Devereux"
"http://www.w3.org/2000/01/rdf-schema#label","Dumezweni Mthimkhulu"
"http://www.w3.org/2000/01/rdf-schema#label","Dumisani Zondi"
"http://www.w3.org/2000/01/rdf-schema#label","Dusty Deevers"
"http://www.w3.org/2000/01/rdf-schema#label","Dámaso Bilbao la Vieja"
"http://www.w3.org/2000/01/rdf-schema#label","E. C. Barlow"
"http://www.w3.org/2000/01/rdf-schema#label","E. John Lownes III"
"http://www.w3.org/2000/01/rdf-schema#label","Eamon Kelley"
"http://www.w3.org/2000/01/rdf-schema#label","Eddie D. Moore"
"http://dbpedia.org/ontology/deathPlace","http://dbpedia.org/resource/Cornelius,_North_Carolina"
"http://dbpedia.org/ontology/deathPlace","http://dbpedia.org/resource/Honolulu"
"http://dbpedia.org/ontology/deathPlace","http://dbpedia.org/resource/United_States"
"http://dbpedia.org/ontology/deathPlace","http://dbpedia.org/resource/Pike_County,_Mississippi"
"http://dbpedia.org/property/deathPlace","Cornelius, North Carolina, U.S."
"http://dbpedia.org/property/deathPlace","Honolulu, Hawaii, U.S."
"http://dbpedia.org/property/deathPlace","http://dbpedia.org/resource/United_States"
"http://dbpedia.org/property/deathPlace","http://dbpedia.org/resource/Pike_County,_Mississippi"
"http://dbpedia.org/ontology/deathDate",2023-09-22
"http://dbpedia.org/ontology/deathDate",2007-09-02
"http://dbpedia.org/ontology/deathDate",2019-04-02
"http://dbpedia.org/ontology/deathDate",1994-01-15
"http://dbpedia.org/ontology/deathDate",2024-09-02
"http://dbpedia.org/ontology/deathDate",1869-06-28
"http://dbpedia.org/ontology/deathDate",1957-11-27
"http://dbpedia.org/ontology/deathDate",2016-01-11
"http://dbpedia.org/ontology/deathDate",2011-05-26
"http://dbpedia.org/ontology/birthPlace","http://dbpedia.org/resource/Banjar,_Buleleng"
"http://dbpedia.org/ontology/birthPlace","http://dbpedia.org/resource/Buleleng_Regency"
"http://dbpedia.org/ontology/birthPlace","http://dbpedia.org/resource/Gorakhpur_district"
"http://dbpedia.org/ontology/birthPlace","http://dbpedia.org/resource/Jhansi"
"http://dbpedia.org/ontology/birthPlace","http://dbpedia.org/resource/Donetsk"
"http://dbpedia.org/ontology/birthPlace","http://dbpedia.org/resource/Soviet_Union"
"http://dbpedia.org/ontology/birthPlace","http://dbpedia.org/resource/Ukrainian_Soviet_Socialist_Republic"
"http://dbpedia.org/ontology/birthPlace","http://dbpedia.org/resource/Stewart_County,_Georgia"
"http://dbpedia.org/ontology/birthPlace","http://dbpedia.org/resource/Spokane,_Washington"
"http://dbpedia.org/ontology/birthPlace","http://dbpedia.org/resource/Pietermaritzburg"
"http://dbpedia.org/ontology/birthPlace","http://dbpedia.org/resource/Elgin,_Oklahoma"
"http://dbpedia.org/ontology/birthPlace","http://dbpedia.org/resource/United_States"
"http://dbpedia.org/ontology/birthPlace","http://dbpedia.org/resource/Lincoln_County,_Mississippi"
"http://dbpedia.org/property/birthPlace","Banjar, Buleleng, Bali, Indonesia"
"http://dbpedia.org/property/birthPlace","Gorakhpur district, Uttar Pradesh, India"
"http://dbpedia.org/property/birthPlace","http://dbpedia.org/resource/Jhansi"
"http://dbpedia.org/property/birthPlace","http://dbpedia.org/resource/Donetsk"
"http://dbpedia.org/property/birthPlace","http://dbpedia.org/resource/Soviet_Union"
"http://dbpedia.org/property/birthPlace","http://dbpedia.org/resource/Ukrainian_Soviet_Socialist_Republic"
"http://dbpedia.org/property/birthPlace",""
"http://dbpedia.org/property/birthPlace","Stewart County, Georgia, U.S."
"http://dbpedia.org/property/birthPlace","Spokane, Washington, U.S."
"http://dbpedia.org/property/birthPlace","http://dbpedia.org/resource/Pietermaritzburg"
"http://dbpedia.org/property/birthPlace","Elgin, Oklahoma, U.S."
"http://dbpedia.org/property/birthPlace","http://dbpedia.org/resource/United_States"
"http://dbpedia.org/property/birthPlace","http://dbpedia.org/resource/Lincoln_County,_Mississippi"
"http://dbpedia.org/ontology/birthDate",1967-07-19
"http://dbpedia.org/ontology/birthDate",1941-04-03
"http://dbpedia.org/ontology/birthDate",1985-01-16
"http://dbpedia.org/ontology/birthDate",1929-03-23
"http://dbpedia.org/ontology/birthDate",1933-02-19
"http://dbpedia.org/ontology/birthDate",1911-11-09
"http://dbpedia.org/ontology/birthDate",1978-12-14
"http://dbpedia.org/ontology/birthDate",1957-12-23
"http://dbpedia.org/ontology/birthDate",1789-12-11
"http://dbpedia.org/ontology/birthDate",1888-10-09
"http://dbpedia.org/ontology/birthDate",1927-04-18
"http://dbpedia.org/ontology/birthDate",1926-02-12
"http://purl.org/dc/terms/subject","http://dbpedia.org/resource/Category:People_from_Buleleng_Regency"
"http://purl.org/dc/terms/subject","http://dbpedia.org/resource/Category:Members_of_the_Bali_Regional_House_of_Representatives"
"http://purl.org/dc/terms/subject","http://dbpedia.org/resource/Category:Bharatiya_Janata_Party_politicians_from_Uttar_Pradesh"
"http://purl.org/dc/terms/subject","http://dbpedia.org/resource/Category:Members_of_the_Uttar_Pradesh_Legislative_Council"
"http://purl.org/dc/terms/subject","http://dbpedia.org/resource/Category:People_from_Gorakhpur_district"
"http://purl.org/dc/terms/subject","http://dbpedia.org/resource/Category:Uttar_Pradesh_MLAs_2017–2022"
"http://purl.org/dc/terms/subject","http://dbpedia.org/resource/Category:Samajwadi_Party_politicians_from_Uttar_Pradesh"
"http://purl.org/dc/terms/subject","http://dbpedia.org/resource/Category:Uttar_Pradesh_MLAs_2022–2027"
"http://purl.org/dc/terms/subject","http://dbpedia.org/resource/Category:Uttar_Pradesh_MLAs_2012–2017"
"http://purl.org/dc/terms/subject","http://dbpedia.org/resource/Category:University_of_Illinois_Urbana-Champaign_alumni"
"http://purl.org/dc/terms/subject","http://dbpedia.org/resource/Category:Hampton_University_alumni"
"http://purl.org/dc/terms/subject","http://dbpedia.org/resource/Category:Hampton_University_faculty"
"http://purl.org/dc/terms/subject","http://dbpedia.org/resource/Category:St._Augustine's_University_(North_Carolina)_faculty"
"http://purl.org/dc/terms/subject","http://dbpedia.org/resource/Category:1941_births"
"http://purl.org/dc/terms/subject","http://dbpedia.org/resource/Category:People_from_Jhansi_district"
"http://purl.org/dc/terms/subject","http://dbpedia.org/resource/Category:Uttar_Pradesh_MLAs_1985–1989"
"http://purl.org/dc/terms/subject","http://dbpedia.org/resource/Category:Uttar_Pradesh_MLAs_1991–1993"
"http://purl.org/dc/terms/subject","http://dbpedia.org/resource/Category:Uttar_Pradesh_MLAs_1989–1991"
"http://purl.org/dc/terms/subject","http://dbpedia.org/resource/Category:People_from_Donetsk"
"http://purl.org/dc/terms/subject","http://dbpedia.org/resource/Category:Ukrainian_police_officers"
"http://purl.org/dc/terms/subject","http://dbpedia.org/resource/Category:Members_of_the_Seimas"
"http://purl.org/dc/terms/subject","http://dbpedia.org/resource/Category:Lithuanian_municipal_councillors"
"http://purl.org/dc/terms/subject","http://dbpedia.org/resource/Category:People_from_Stewart_County,_Georgia"
"http://purl.org/dc/terms/subject","http://dbpedia.org/resource/Category:People_from_Ridgewood,_New_Jersey"
"http://purl.org/dc/terms/subject","http://dbpedia.org/resource/Category:American_mechanical_engineers"
"http://purl.org/dc/terms/subject","http://dbpedia.org/resource/Category:Politicians_from_Cook_County,_Illinois"
"http://purl.org/dc/terms/subject","http://dbpedia.org/resource/Category:Politicians_from_Brooklyn"
"http://purl.org/dc/terms/subject","http://dbpedia.org/resource/Category:University_of_Notre_Dame_alumni"
"http://purl.org/dc/terms/subject","http://dbpedia.org/resource/Category:Ridgewood_High_School_(New_Jersey)_alumni"
"http://purl.org/dc/terms/subject","http://dbpedia.org/resource/Category:Republican_Party_Illinois_state_senators"
"http://purl.org/dc/terms/subject","http://dbpedia.org/resource/Category:Republican_Party_members_of_the_Illinois_House_of_Representatives"
"http://purl.org/dc/terms/subject","http://dbpedia.org/resource/Category:20th-century_members_of_the_Illinois_General_Assembly"
"http://purl.org/dc/terms/subject","http://dbpedia.org/resource/Category:Members_of_the_Hawaii_House_of_Representatives"
"http://purl.org/dc/terms/subject","http://dbpedia.org/resource/Category:1911_births"
"http://purl.org/dc/terms/subject","http://dbpedia.org/resource/Category:1994_deaths"
"http://purl.org/dc/terms/subject","http://dbpedia.org/resource/Category:Members_of_the_Hawaii_Territorial_Legislature"
"http://purl.org/dc/terms/subject","http://dbpedia.org/resource/Category:Hawaii_Republicans"
"http://purl.org/dc/terms/subject","http://dbpedia.org/resource/Category:Women_state_legislators_in_Hawaii"
"http://purl.org/dc/terms/subject","http://dbpedia.org/resource/Category:Women_territorial_legislators_in_Hawaii"
"http://purl.org/dc/terms/subject","http://dbpedia.org/resource/Category:1978_births"
"http://purl.org/dc/terms/subject","http://dbpedia.org/resource/Category:Botswana_Democratic_Party_politicians"
"http://purl.org/dc/terms/subject","http://dbpedia.org/resource/Category:People_from_Pietermaritzburg"
"http://purl.org/dc/terms/subject","http://dbpedia.org/resource/Category:1957_births"
"http://purl.org/dc/terms/subject","http://dbpedia.org/resource/Category:University_of_Fort_Hare_alumni"
"http://purl.org/dc/terms/subject","http://dbpedia.org/resource/Category:University_of_Natal_alumni"
"http://purl.org/dc/terms/subject","http://dbpedia.org/resource/Category:Southern_Baptist_ministers"
"http://purl.org/dc/terms/subject","http://dbpedia.org/resource/Category:Southwestern_Baptist_Theological_Seminary_alumni"
"http://purl.org/dc/terms/subject","http://dbpedia.org/resource/Category:American_anti-abortion_activists"
"http://purl.org/dc/terms/subject","http://dbpedia.org/resource/Category:Religious_leaders_from_Oklahoma"
"http://purl.org/dc/terms/subject","http://dbpedia.org/resource/Category:Oklahoma_City_University_alumni"
"http://purl.org/dc/terms/subject","http://dbpedia.org/resource/Category:People_from_Comanche_County,_Oklahoma"
"http://purl.org/dc/terms/subject","http://dbpedia.org/resource/Category:21st-century_members_of_the_Oklahoma_Legislature"
"http://purl.org/dc/terms/subject","http://dbpedia.org/resource/Category:Republican_Party_Oklahoma_state_senators"
"http://purl.org/dc/terms/subject","http://dbpedia.org/resource/Category:Pharmacists_from_Oklahoma"
"http://purl.org/dc/terms/subject","http://dbpedia.org/resource/Category:Christian_nationalists"
"http://purl.org/dc/terms/subject","http://dbpedia.org/resource/Category:21st-century_American_far-right_politicians"
"http://purl.org/dc/terms/subject","http://dbpedia.org/resource/Category:1789_births"
"http://purl.org/dc/terms/subject","http://dbpedia.org/resource/Category:1869_deaths"
"http://purl.org/dc/terms/subject","http://dbpedia.org/resource/Category:1888_births"
"http://purl.org/dc/terms/subject","http://dbpedia.org/resource/Category:Members_of_the_Mississippi_House_of_Representatives"
"http://purl.org/dc/terms/subject","http://dbpedia.org/resource/Category:1957_deaths"
"http://purl.org/dc/terms/subject","http://dbpedia.org/resource/Category:People_from_Lincoln_County,_Mississippi"
"http://purl.org/dc/terms/subject","http://dbpedia.org/resource/Category:Mississippi_Democrats"
"http://purl.org/dc/terms/subject","http://dbpedia.org/resource/Category:Mississippi_lawyers"
"http://purl.org/dc/terms/subject","http://dbpedia.org/resource/Category:Mississippi_state_senators"
"http://purl.org/dc/terms/subject","http://dbpedia.org/resource/Category:People_from_Brookhaven,_Mississippi"
"http://purl.org/dc/terms/subject","http://dbpedia.org/resource/Category:20th-century_members_of_the_Mississippi_Legislature"
"http://purl.org/dc/terms/subject","http://dbpedia.org/resource/Category:2016_deaths"
"http://purl.org/dc/terms/subject","http://dbpedia.org/resource/Category:1927_births"
"http://purl.org/dc/terms/subject","http://dbpedia.org/resource/Category:2011_deaths"
"http://purl.org/dc/terms/subject","http://dbpedia.org/resource/Category:1926_births"
"http://purl.org/dc/terms/subject","http://dbpedia.org/resource/Category:Republican_Party_Wyoming_state_senators"
"http://dbpedia.org/ontology/wikiPageWikiLink","http://dbpedia.org/resource/David_J._Regner"
"http://dbpedia.org/ontology/wikiPageWikiLink","http://dbpedia.org/resource/George_Ryan"
"http://dbpedia.org/ontology/wikiPageWikiLink","http://dbpedia.org/resource/Ridgewood,_New_Jersey"
"http://dbpedia.org/ontology/wikiPageWikiLink","http://dbpedia.org/resource/1988_Republican_Party_presidential_primaries"
"http://dbpedia.org/ontology/wikiPageWikiLink","http://dbpedia.org/resource/Brooklyn"
"http://dbpedia.org/ontology/wikiPageWikiLink","http://dbpedia.org/resource/Ronald_Reagan"
"http://dbpedia.org/ontology/wikiPageWikiLink","http://dbpedia.org/resource/Hoffman_Estates,_Illinois"
"http://dbpedia.org/ontology/wikiPageWikiLink","http://dbpedia.org/resource/Category:People_from_Ridgewood,_New_Jersey"
"http://dbpedia.org/ontology/wikiPageWikiLink","http://dbpedia.org/resource/Regional_Transportation_Authority_(Illinois)"
"http://dbpedia.org/ontology/wikiPageWikiLink","http://dbpedia.org/resource/Illinois_Senate"
"http://dbpedia.org/ontology/wikiPageWikiLink","http://dbpedia.org/resource/Cornelius,_North_Carolina"
"http://dbpedia.org/ontology/wikiPageWikiLink","http://dbpedia.org/resource/Illinois_House_of_Representatives"
"http://dbpedia.org/ontology/wikiPageWikiLink","http://dbpedia.org/resource/Jack_Kemp"
"http://dbpedia.org/ontology/wikiPageWikiLink","http://dbpedia.org/resource/Pennsburg,_Pennsylvania"
"http://dbpedia.org/ontology/wikiPageWikiLink","http://dbpedia.org/resource/Susan_Catania"
"http://dbpedia.org/ontology/wikiPageWikiLink","http://dbpedia.org/resource/Perkiomen_School"
"http://dbpedia.org/ontology/wikiPageWikiLink","http://dbpedia.org/resource/Category:American_mechanical_engineers"
"http://dbpedia.org/ontology/wikiPageWikiLink","http://dbpedia.org/resource/Category:2019_deaths"
"http://dbpedia.org/ontology/wikiPageWikiLink","http://dbpedia.org/resource/Ridgewood_High_School_(New_Jersey)"
"http://dbpedia.org/ontology/wikiPageWikiLink","http://dbpedia.org/resource/Category:1933_births"
"http://dbpedia.org/ontology/wikiPageWikiLink","http://dbpedia.org/resource/Category:Politicians_from_Cook_County,_Illinois"
"http://dbpedia.org/ontology/wikiPageWikiLink","http://dbpedia.org/resource/Category:Politicians_from_Brooklyn"
"http://dbpedia.org/ontology/wikiPageWikiLink","http://dbpedia.org/resource/Category:Members_of_the_Illinois_House_of_Representatives"
"http://dbpedia.org/ontology/wikiPageWikiLink","http://dbpedia.org/resource/Category:Illinois_Republicans"
"http://dbpedia.org/ontology/wikiPageWikiLink","http://dbpedia.org/resource/Category:Illinois_state_senators"
"http://dbpedia.org/ontology/wikiPageWikiLink","http://dbpedia.org/resource/Category:University_of_Notre_Dame_alumni"
"http://dbpedia.org/ontology/wikiPageWikiLink","http://dbpedia.org/resource/Category:Ridgewood_High_School_(New_Jersey)_alumni"
"http://dbpedia.org/ontology/wikiPageWikiLink","http://dbpedia.org/resource/William_Marovitz"
"http://dbpedia.org/ontology/wikiPageWikiLink","http://dbpedia.org/resource/Brooklyn,_New_York"
"http://dbpedia.org/ontology/wikiPageWikiLink","http://dbpedia.org/resource/Schaumburg_Township,_Cook_County,_Illinois"
"http://dbpedia.org/ontology/description","Indian Politician"
"http://dbpedia.org/ontology/description","Indonesian politician (born 1967)"
"http://dbpedia.org/ontology/description","Ketua DPRD Bali"
"http://dbpedia.org/ontology/description","украинский полицейский"
"http://dbpedia.org/ontology/description","Ukrainian pro-Russian police officer"
"http://dbpedia.org/ontology/description","politico lituano"
"http://dbpedia.org/ontology/description","Leedu poliitik"
"http://dbpedia.org/ontology/description","Lithuanian politician"
"http://dbpedia.org/ontology/description","Litvan siyasetçi"
"http://dbpedia.org/ontology/description","homme politique lituanien"
"http://dbpedia.org/ontology/description","litewski polityk"
"http://dbpedia.org/ontology/description","polaiteoir Liotuánach"
"http://dbpedia.org/ontology/description","politician lituanian"
"http://dbpedia.org/ontology/description","politicus uit Litouwen"
"http://dbpedia.org/ontology/description","politikan lituanez"
"http://dbpedia.org/ontology/description","politikari lituaniarra"
"http://dbpedia.org/ontology/description","polític lituà"
"http://dbpedia.org/ontology/description","político lituano"
"http://dbpedia.org/ontology/description","político lituano"
"http://dbpedia.org/ontology/description","político lituano"
"http://dbpedia.org/ontology/description","políticu lituanu"
"http://dbpedia.org/ontology/description","লিথুয়ানীয় রাজনীতিবিদ"
"http://dbpedia.org/ontology/description","литовський політик"
"http://dbpedia.org/ontology/description","פוליטיקאי ליטאי"
"http://dbpedia.org/ontology/description","سياسي ليتواني"
"http://dbpedia.org/ontology/description","立陶宛政治人物"
"http://dbpedia.org/ontology/description","litauischer sozialdemokratischer Politiker, Vizebürgermeister von Šiauliai"
"http://dbpedia.org/ontology/description","American mechanical engineer and politician"
"http://dbpedia.org/ontology/description","politico botswano"
"http://dbpedia.org/ontology/description","Botswana politician"
"http://dbpedia.org/ontology/description","militar boliviano"
"http://dbpedia.org/ontology/description","Bolivian military officer (1789–1869)"
"http://dbpedia.org/ontology/description","American politician (1926–2011)"
"http://xmlns.com/foaf/0.1/homepage","http://sekwandprd.baliprov.go.id"
"http://dbpedia.org/property/name","Devendra Joshi"
"http://dbpedia.org/property/name","Dewa Made Mahayadnya"
"http://dbpedia.org/property/name","Dharmendra Singh Senthwar"
"http://dbpedia.org/property/name","Dharmpal Gurjar"
"http://dbpedia.org/property/name","Dharmraj Singh Yadav"
"http://dbpedia.org/property/name","Dianne Boardley Suber"
"http://dbpedia.org/property/name","Dmytro Tyshlek"
"http://dbpedia.org/property/name","Domas Griškevičius"
"http://dbpedia.org/property/name","Donald G. Castleberry"
"http://dbpedia.org/property/name","Donald Totten"
"http://dbpedia.org/property/name","Dorothy L. Devereux"
"http://dbpedia.org/property/name","Dumezweni Mthimkhulu"
"http://dbpedia.org/property/name","Dusty Deevers"
"http://dbpedia.org/property/name","Dámaso Bilbao la Vieja"
"http://dbpedia.org/property/name","E. John Lownes III"
"http://dbpedia.org/property/name","Eamon Kelley"
"http://dbpedia.org/property/name","Eddie D. Moore"
"http://xmlns.com/foaf/0.1/depiction","http://commons.wikimedia.org/wiki/Special:FilePath/Speaker_of_Rajasthan_Assembly_meet_Sepeker_of_Bali_House_of_Representatives.jpg"
"http://xmlns.com/foaf/0.1/depiction","http://commons.wikimedia.org/wiki/Special:FilePath/Tanda_tangan_Dewa_Jack.png"
"http://xmlns.com/foaf/0.1/depiction","http://commons.wikimedia.org/wiki/Special:FilePath/Dharmraj_Singh_Yadav.jpeg"
"http://xmlns.com/foaf/0.1/depiction","http://commons.wikimedia.org/wiki/Special:FilePath/Domas_Griškevičius.jpg"
"http://xmlns.com/foaf/0.1/depiction","http://commons.wikimedia.org/wiki/Special:FilePath/Dusty_Deevers.jpg"
"http://xmlns.com/foaf/0.1/depiction","http://commons.wikimedia.org/wiki/Special:FilePath/General_Bilbao_la_Vieja.png"
"http://xmlns.com/foaf/0.1/depiction","http://commons.wikimedia.org/wiki/Special:FilePath/E_C_barlow.jpg"
"http://dbpedia.org/property/almaMater","http://dbpedia.org/resource/Georgia_Military_College"
"http://dbpedia.org/property/almaMater","http://dbpedia.org/resource/University_of_Notre_Dame"
"http://dbpedia.org/property/almaMater","California Lutheran School of Nursing"
"http://dbpedia.org/property/almaMater","http://dbpedia.org/resource/University_of_Fort_Hare"
"http://dbpedia.org/property/almaMater","http://dbpedia.org/resource/University_of_Natal"
"http://dbpedia.org/property/father","B. B. Johri"
"http://dbpedia.org/ontology/almaMater","http://dbpedia.org/resource/Georgia_Military_College"
"http://dbpedia.org/ontology/almaMater","http://dbpedia.org/resource/University_of_Notre_Dame"
"http://dbpedia.org/ontology/almaMater","http://dbpedia.org/resource/University_of_Fort_Hare"
"http://dbpedia.org/ontology/almaMater","http://dbpedia.org/resource/University_of_Natal"
"http://dbpedia.org/ontology/birthName","Dorothy Louise Nelson"
"http://dbpedia.org/ontology/birthName","Dumisani Hamilton Zondi"
"http://dbpedia.org/ontology/birthName","Dámaso Bilbao la Vieja Alquinza"
"http://dbpedia.org/ontology/education","http://dbpedia.org/resource/Virginia_Tech"
"http://dbpedia.org/ontology/education","http://dbpedia.org/resource/University_of_Illinois_Urbana-Champaign"
"http://dbpedia.org/ontology/education","http://dbpedia.org/resource/Hampton_University"
"http://dbpedia.org/ontology/education","http://dbpedia.org/resource/Bachelor_of_Medicine,_Bachelor_of_Surgery"
"http://dbpedia.org/ontology/education","http://dbpedia.org/resource/Oklahoma_City_University"
"http://dbpedia.org/ontology/education","http://dbpedia.org/resource/Southwestern_Baptist_Theological_Seminary"
"http://dbpedia.org/ontology/militaryService","http://dbpedia.org/resource/Dámaso_Bilbao_la_Vieja__MilitaryService__1"
"http://dbpedia.org/ontology/originalName","देवेंद्र जोशी"
"http://dbpedia.org/ontology/originalName","धर्मराज सिंह यादव"
"http://dbpedia.org/ontology/party","http://dbpedia.org/resource/Samajwadi_Party"
"http://dbpedia.org/ontology/party","http://dbpedia.org/resource/Union_of_Democrats_%22For_Lithuania%22"
"http://dbpedia.org/ontology/profession","http://dbpedia.org/resource/Nurse"
"http://dbpedia.org/ontology/residence","http://dbpedia.org/resource/Hoffman_Estates,_Illinois"
"http://dbpedia.org/ontology/signature","Tanda tangan Dewa Jack.png"
"http://dbpedia.org/ontology/termPeriod","http://dbpedia.org/resource/Devendra_Joshi__Tenure__1"
"http://dbpedia.org/ontology/termPeriod","http://dbpedia.org/resource/Dewa_Made_Mahayadnya__Tenure__1"
"http://dbpedia.org/ontology/termPeriod","http://dbpedia.org/resource/Dewa_Made_Mahayadnya__Tenure__2"
"http://dbpedia.org/ontology/termPeriod","http://dbpedia.org/resource/Dewa_Made_Mahayadnya__Tenure__3"
"http://dbpedia.org/ontology/termPeriod","http://dbpedia.org/resource/Dewa_Made_Mahayadnya__Tenure__4"
"http://dbpedia.org/ontology/termPeriod","http://dbpedia.org/resource/Dewa_Made_Mahayadnya__Tenure__5"
"http://dbpedia.org/ontology/termPeriod","http://dbpedia.org/resource/Dharmendra_Singh_Senthwar__Tenure__1"
"http://dbpedia.org/ontology/termPeriod","http://dbpedia.org/resource/Dharmendra_Singh_Senthwar__Tenure__2"
"http://dbpedia.org/ontology/termPeriod","http://dbpedia.org/resource/Dharmpal_Gurjar__Tenure__1"
"http://dbpedia.org/ontology/termPeriod","http://dbpedia.org/resource/Dharmraj_Singh_Yadav__Tenure__1"
"http://dbpedia.org/ontology/termPeriod","http://dbpedia.org/resource/Dharmraj_Singh_Yadav__Tenure__2"
"http://dbpedia.org/ontology/termPeriod","http://dbpedia.org/resource/Dharmraj_Singh_Yadav__Tenure__3"
"http://dbpedia.org/ontology/termPeriod","http://dbpedia.org/resource/Dianne_Boardley_Suber__Tenure__1"
"http://dbpedia.org/ontology/termPeriod","http://dbpedia.org/resource/Dinesh_Johri__Tenure__1"
"http://dbpedia.org/ontology/termPeriod","http://dbpedia.org/resource/Dinesh_Johri__Tenure__2"
"http://dbpedia.org/ontology/termPeriod","http://dbpedia.org/resource/Dmytro_Tyshlek__Tenure__1"
"http://dbpedia.org/ontology/termPeriod","http://dbpedia.org/resource/Domas_Griškevičius__Tenure__1"
"http://dbpedia.org/ontology/termPeriod","http://dbpedia.org/resource/Donald_G._Castleberry__Tenure__1"
"http://dbpedia.org/ontology/termPeriod","http://dbpedia.org/resource/Donald_L._Totten__Tenure__1"
"http://dbpedia.org/ontology/termPeriod","http://dbpedia.org/resource/Donald_L._Totten__Tenure__2"
"http://dbpedia.org/ontology/termPeriod","http://dbpedia.org/resource/Donald_L._Totten__Tenure__3"
"http://dbpedia.org/ontology/termPeriod","http://dbpedia.org/resource/Dorothy_L._Devereux__Tenure__1"
"http://dbpedia.org/ontology/termPeriod","http://dbpedia.org/resource/Dumezweni_Mthimkhulu__Tenure__1"
"http://dbpedia.org/ontology/termPeriod","http://dbpedia.org/resource/Dumezweni_Mthimkhulu__Tenure__2"
"http://dbpedia.org/ontology/termPeriod","http://dbpedia.org/resource/Dumezweni_Mthimkhulu__Tenure__3"
"http://dbpedia.org/ontology/termPeriod","http://dbpedia.org/resource/Dumisani_Zondi__Tenure__1"
"http://dbpedia.org/ontology/termPeriod","http://dbpedia.org/resource/Dumisani_Zondi__Tenure__2"
"http://dbpedia.org/ontology/termPeriod","http://dbpedia.org/resource/Dumisani_Zondi__Tenure__3"
"http://dbpedia.org/ontology/termPeriod","http://dbpedia.org/resource/Dusty_Deevers__Tenure__1"
"http://dbpedia.org/ontology/termPeriod","http://dbpedia.org/resource/Dámaso_Bilbao_la_Vieja__Tenure__1"
"http://dbpedia.org/ontology/termPeriod","http://dbpedia.org/resource/Dámaso_Bilbao_la_Vieja__Tenure__2"
"http://dbpedia.org/ontology/termPeriod","http://dbpedia.org/resource/Dámaso_Bilbao_la_Vieja__Tenure__3"
"http://dbpedia.org/ontology/termPeriod","http://dbpedia.org/resource/E._C._Barlow__Tenure__2"
"http://dbpedia.org/ontology/termPeriod","http://dbpedia.org/resource/E._John_Lownes_III__Tenure__1"
"http://dbpedia.org/ontology/termPeriod","http://dbpedia.org/resource/Eamon_Kelley__Tenure__2"
"http://dbpedia.org/ontology/termPeriod","http://dbpedia.org/resource/Eamon_Kelley__Tenure__3"
"http://dbpedia.org/ontology/termPeriod","http://dbpedia.org/resource/Eddie_D._Moore__Tenure__1"
"http://dbpedia.org/ontology/thumbnail","http://commons.wikimedia.org/wiki/Special:FilePath/Tanda_tangan_Dewa_Jack.png?width=300"
"http://dbpedia.org/ontology/thumbnail","http://commons.wikimedia.org/wiki/Special:FilePath/Dharmraj_Singh_Yadav.jpeg?width=300"
"http://dbpedia.org/ontology/thumbnail","http://commons.wikimedia.org/wiki/Special:FilePath/Domas_Griškevičius.jpg?width=300"
"http://dbpedia.org/ontology/thumbnail","http://commons.wikimedia.org/wiki/Special:FilePath/Dusty_Deevers.jpg?width=300"
"http://dbpedia.org/ontology/thumbnail","http://commons.wikimedia.org/wiki/Special:FilePath/General_Bilbao_la_Vieja.png?width=300"
"http://dbpedia.org/ontology/thumbnail","http://commons.wikimedia.org/wiki/Special:FilePath/E_C_barlow.jpg?width=300"
"http://dbpedia.org/property/wikiPageUsesTemplate","http://dbpedia.org/resource/Template:Instagram"
"http://dbpedia.org/property/wikiPageUsesTemplate","http://dbpedia.org/resource/Template:UttarPradesh-SP-politician-stub"
"http://dbpedia.org/property/wikiPageUsesTemplate","http://dbpedia.org/resource/Template:Infobox_police_officer"
"http://dbpedia.org/property/wikiPageUsesTemplate","http://dbpedia.org/resource/Template:Lithuania-politician-stub"
"http://dbpedia.org/property/wikiPageUsesTemplate","http://dbpedia.org/resource/Template:Illinois-statesenator-stub"
"http://dbpedia.org/property/wikiPageUsesTemplate","http://dbpedia.org/resource/Template:Illinois-Ilrepresentative-Republican-stub"
"http://dbpedia.org/property/wikiPageUsesTemplate","http://dbpedia.org/resource/Template:Nee"
"http://dbpedia.org/property/wikiPageUsesTemplate","http://dbpedia.org/resource/Template:Christian_nationalism_US_sidebar"
"http://dbpedia.org/property/wikiPageUsesTemplate","http://dbpedia.org/resource/Template:Election_box_begin_no_party_no_change"
"http://dbpedia.org/property/wikiPageUsesTemplate","http://dbpedia.org/resource/Template:Election_box_candidate_no_party_no_change"
"http://dbpedia.org/property/wikiPageUsesTemplate","http://dbpedia.org/resource/Template:Election_box_total_no_party_no_change"
"http://dbpedia.org/property/wikiPageUsesTemplate","http://dbpedia.org/resource/Template:Election_box_winning_candidate_no_party_no_change"
"http://dbpedia.org/property/wikiPageUsesTemplate","http://dbpedia.org/resource/Template:Pp"
"http://dbpedia.org/property/wikiPageUsesTemplate","http://dbpedia.org/resource/Template:Oklahoma_State_Senators"
"http://dbpedia.org/property/wikiPageUsesTemplate","http://dbpedia.org/resource/Template:Wyoming-politician-stub"
"http://dbpedia.org/property/assembly","http://dbpedia.org/resource/Rajasthan_Legislative_Assembly"
"http://dbpedia.org/property/assembly","http://dbpedia.org/resource/Uttar_Pradesh_Legislative_Assembly"
"http://dbpedia.org/property/battles","*Spanish American wars of independence
*War of the Confederation
*Peruvian–Bolivian War of 1841–42"
"http://dbpedia.org/property/birthDate",1967-07-19
"http://dbpedia.org/property/birthDate",1941-04-03
"http://dbpedia.org/property/birthDate",0001-01-16
"http://dbpedia.org/property/birthDate",1929-03-23
"http://dbpedia.org/property/birthDate",1933-02-19
"http://dbpedia.org/property/birthDate",""
"http://dbpedia.org/property/birthDate",1911-11-09
"http://dbpedia.org/property/birthDate",1978-12-14
"http://dbpedia.org/property/birthDate",1957-12-23
"http://dbpedia.org/property/birthDate",1789-12-11
"http://dbpedia.org/property/birthDate",1888-10-09
"http://dbpedia.org/property/birthDate",1927-04-18
"http://dbpedia.org/property/branch","http://dbpedia.org/resource/Argentine_Army"
"http://dbpedia.org/property/citizenship","Indonesian"
"http://dbpedia.org/property/constituency","http://dbpedia.org/resource/Soorsagar_Assembly_constituency"
"http://dbpedia.org/property/constituency","Bali 5"
"http://dbpedia.org/property/constituency","elected by Legislative Assembly members"
"http://dbpedia.org/property/constituency","http://dbpedia.org/resource/Khetri_Assembly_constituency"
"http://dbpedia.org/property/constituency","http://dbpedia.org/resource/Barabanki_Assembly_constituency"
"http://dbpedia.org/property/constituency","http://dbpedia.org/resource/Bareilly_Assembly_constituency"
"http://dbpedia.org/property/constituency","Saulė"
"http://dbpedia.org/property/deathDate",2023-09-22
"http://dbpedia.org/property/deathDate",2007-09-02
"http://dbpedia.org/property/deathDate",2019-04-02
"http://dbpedia.org/property/deathDate",1994-01-15
"http://dbpedia.org/property/deathDate",2024-09-02
"http://dbpedia.org/property/deathDate",1869-06-28
"http://dbpedia.org/property/deathDate",1957-11-27
"http://dbpedia.org/property/deathDate",2016-01-11
"http://dbpedia.org/property/education","http://dbpedia.org/resource/Virginia_Tech"
"http://dbpedia.org/property/education","http://dbpedia.org/resource/University_of_Illinois_Urbana-Champaign"
"http://dbpedia.org/property/education","http://dbpedia.org/resource/Hampton_University"
"http://dbpedia.org/property/education","http://dbpedia.org/resource/Bachelor_of_Medicine,_Bachelor_of_Surgery"
"http://dbpedia.org/property/education","http://dbpedia.org/resource/Oklahoma_City_University"
"http://dbpedia.org/property/education","http://dbpedia.org/resource/Southwestern_Baptist_Theological_Seminary"
"http://dbpedia.org/property/governor","http://dbpedia.org/resource/Sang_Made_Mahendra_Jaya"
"http://dbpedia.org/property/office","Member of 16th Rajasthan Assembly since 2023"
"http://dbpedia.org/property/office","http://dbpedia.org/resource/Bali_Regional_House_of_Representatives"
"http://dbpedia.org/property/office","Member of the Buleleng Regency Regional House of Representatives"
"http://dbpedia.org/property/office","Chairman of the Indonesian Democratic Party of Struggle Faction of Bali DPRD"
"http://dbpedia.org/property/office","Member of Uttar Pradesh Legislative Council"
"http://dbpedia.org/property/office","Regional President of Bharatiya Janata Party, Gorakhpur"
"http://dbpedia.org/property/office","Member of 16th Uttar Pradesh Legislative Assembly"
"http://dbpedia.org/property/office","Member of 17th Uttar Pradesh Legislative Assembly"
"http://dbpedia.org/property/office","Member of 18th Uttar Pradesh Legislative Assembly"
"http://dbpedia.org/property/office",10
"http://dbpedia.org/property/office","http://dbpedia.org/resource/Government_of_Uttar_Pradesh"
"http://dbpedia.org/property/office","Minister of Health"
"http://dbpedia.org/property/office","Member of Uttar Pradesh Legislative Assembly"
"http://dbpedia.org/property/office","Deputy Chief of the National Police of Ukraine"
"http://dbpedia.org/property/office","Member of the Seimas"
"http://dbpedia.org/property/office","Member of the Illinois House of Representatives"
"http://dbpedia.org/property/office","Chair of the Cook County Republican Party"
"http://dbpedia.org/property/office","Member of the Hawaii House of Representatives for the 15th district"
"http://dbpedia.org/property/office","http://dbpedia.org/resource/Ministry_of_Environment_and_Tourism_(Botswana)"
"http://dbpedia.org/property/office","Member of Parliament for Gaborone South"
"http://dbpedia.org/property/office","Assistant Minister for State President of Botswana"
"http://dbpedia.org/property/office","http://dbpedia.org/resource/Chamber_of_Deputies_(Bolivia)"
"http://dbpedia.org/property/office","http://dbpedia.org/resource/La_Paz_Department_(Bolivia)"
"http://dbpedia.org/property/office","Representing La Paz"
"http://dbpedia.org/property/office","Member of the New Hampshire House of Representatives from the Grafton 8th district"
"http://dbpedia.org/property/party","http://dbpedia.org/resource/Samajwadi_Party"
"http://dbpedia.org/property/party","http://dbpedia.org/resource/Union_of_Democrats_%22For_Lithuania%22"
"http://dbpedia.org/property/party","Republican"
"http://dbpedia.org/property/predecessor","Shahzad Aiyub Khan"
"http://dbpedia.org/property/predecessor","http://dbpedia.org/resource/I_Nyoman_Adi_Wiryatama"
"http://dbpedia.org/property/predecessor","http://dbpedia.org/resource/Jitendra_Singh_(politician,_born_1946)"
"http://dbpedia.org/property/predecessor","Sangram Singh"
"http://dbpedia.org/property/predecessor","Surendra Singh"
"http://dbpedia.org/property/predecessor","Ramkumari Maurya"
"http://dbpedia.org/property/predecessor","Ram Singh Khanna"
"http://dbpedia.org/property/predecessor","http://dbpedia.org/resource/J._Robert_Barr"
"http://dbpedia.org/property/predecessor","http://dbpedia.org/resource/David_J._Regner"
"http://dbpedia.org/property/predecessor","http://dbpedia.org/resource/Philda_Kereng"
"http://dbpedia.org/property/predecessor","Kagiso Molatlhegi"
"http://dbpedia.org/property/predecessor","http://dbpedia.org/resource/Xola_Petse"
"http://dbpedia.org/property/predecessor","http://dbpedia.org/resource/John_Montgomery_(Oklahoma_politician)"
"http://dbpedia.org/property/predecessor","http://dbpedia.org/resource/Anselmo_Rivas"
"http://dbpedia.org/property/predecessor","http://dbpedia.org/resource/Juan_Bautista_de_Asin"
"http://dbpedia.org/property/predecessor","http://dbpedia.org/resource/Pedro_Arze"
"http://dbpedia.org/property/president","http://dbpedia.org/resource/Mahube_Molemela"
"http://dbpedia.org/property/rank","http://dbpedia.org/resource/Lieutenant_colonel"
"http://dbpedia.org/property/signature","Tanda tangan Dewa Jack.png"
"http://dbpedia.org/property/spouse",1964
"http://dbpedia.org/property/spouse","Prabha Johri"
"http://dbpedia.org/property/spouse","Oleksandra Balakai"
"http://dbpedia.org/property/spouse",1934
"http://dbpedia.org/property/spouse",1968
"http://dbpedia.org/property/spouse","John W. Devereux"
"http://dbpedia.org/property/spouse","María de los Dolores Ramos Mexia Ross"
"http://dbpedia.org/property/stateHouse","Mississippi"
"http://dbpedia.org/property/successor","I Made Supartha"
"http://dbpedia.org/property/successor","http://dbpedia.org/resource/Everett_B._Ward"
"http://dbpedia.org/property/successor","http://dbpedia.org/resource/Rajesh_Agarwal"
"http://dbpedia.org/property/successor","http://dbpedia.org/resource/William_A._Marovitz"
"http://dbpedia.org/property/successor","James Dvorak"
"http://dbpedia.org/property/successor","http://dbpedia.org/resource/Nelson_Ramaotwana"
"http://dbpedia.org/property/successor","http://dbpedia.org/resource/Nnaniki_Wilhemina_Tebogo_Makwinja"
"http://dbpedia.org/property/successor","http://dbpedia.org/resource/Gregorio_de_Lara"
"http://dbpedia.org/property/successor","http://dbpedia.org/resource/Mariano_Torrelio"
"http://dbpedia.org/property/successor","http://dbpedia.org/resource/Pedro_Arze"
"http://dbpedia.org/property/termEnd",2014-04-07
"http://dbpedia.org/property/termEnd","October 1991"
"http://dbpedia.org/property/termEnd",1981
"http://dbpedia.org/property/termEnd","March 1988"
"http://dbpedia.org/property/termEnd",1972
"http://dbpedia.org/property/termEnd",2024-02-26
"http://dbpedia.org/property/termEnd",2024-09-02
"http://dbpedia.org/property/termEnd",1828-12-27
"http://dbpedia.org/property/termEnd","January 1932"
"http://dbpedia.org/property/termStart",2019
"http://dbpedia.org/property/termStart",2014-09-02
"http://dbpedia.org/property/termStart",2024-10-08
"http://dbpedia.org/property/termStart","December 1999"
"http://dbpedia.org/property/termStart",1991-06-24
"http://dbpedia.org/property/termStart",2020-11-13
"http://dbpedia.org/property/termStart",1973
"http://dbpedia.org/property/termStart",1981
"http://dbpedia.org/property/termStart",1958
"http://dbpedia.org/property/termStart",2024-02-26
"http://dbpedia.org/property/termStart",2024-07-10
"http://dbpedia.org/property/termStart",2023-12-20
"http://dbpedia.org/property/termStart",1828-11-03
"http://dbpedia.org/property/termStart","January 1928"
"http://dbpedia.org/property/title","http://dbpedia.org/resource/Assistant_Minister_for_State_President_of_Botswana"
"http://dbpedia.org/property/website","http://sekwandprd.baliprov.go.id"
"http://dbpedia.org/property/1blankname","http://dbpedia.org/resource/List_of_chief_ministers_of_Uttar_Pradesh"
"http://dbpedia.org/property/1namedata","http://dbpedia.org/resource/Yogi_Adityanath"
"http://dbpedia.org/property/1namedata","http://dbpedia.org/resource/Kalyan_Singh"
"http://dbpedia.org/property/profession","Doctor, Hotelier, Politician"
"http://dbpedia.org/property/profession","Mechanical Engineer"
"http://dbpedia.org/property/profession","Nurse"
"http://dbpedia.org/property/votes",502
"http://dbpedia.org/property/votes",587
"http://dbpedia.org/property/votes",725
"http://dbpedia.org/property/votes",784
"http://dbpedia.org/property/votes",1177
"http://dbpedia.org/property/votes",1416
"http://dbpedia.org/property/votes",2393
"http://dbpedia.org/property/votes",2491
"http://dbpedia.org/property/votes",3104
"http://dbpedia.org/property/votes",3764
"http://dbpedia.org/property/votes",3820
"http://dbpedia.org/property/votes",5595
"http://dbpedia.org/property/candidate","Dusty Deevers"
"http://dbpedia.org/property/candidate","Jay Adkins"
"http://dbpedia.org/property/candidate","Larry Bush"
"http://dbpedia.org/property/candidate","Gevan Spinney"
"http://dbpedia.org/property/candidate","JJ Francais"
"http://dbpedia.org/property/candidate","Jean Hausheer"
"http://dbpedia.org/property/candidate","Jennifer Ellis"
"http://dbpedia.org/property/percentage",13.14
"http://dbpedia.org/property/percentage",15.52
"http://dbpedia.org/property/percentage",18.98
"http://dbpedia.org/property/percentage",20.73
"http://dbpedia.org/property/percentage",30.81
"http://dbpedia.org/property/percentage",37.07
"http://dbpedia.org/property/percentage",44.52
"http://dbpedia.org/property/percentage",55.48
"http://dbpedia.org/property/percentage",63.27
"http://dbpedia.org/property/birthName","Dorothy Louise Nelson"
"http://dbpedia.org/property/birthName","Dumisani Hamilton Zondi"
"http://dbpedia.org/property/birthName","Dámaso Bilbao la Vieja Alquinza"
"http://www.w3.org/ns/prov#wasDerivedFrom","http://en.wikipedia.org/wiki/Desmond_Makaza?oldid=1308326200&ns=0"
"http://www.w3.org/ns/prov#wasDerivedFrom","http://en.wikipedia.org/wiki/Devendra_Joshi?oldid=1257436619&ns=0"
"http://www.w3.org/ns/prov#wasDerivedFrom","http://en.wikipedia.org/wiki/Dewa_Made_Mahayadnya?oldid=1296530923&ns=0"
"http://www.w3.org/ns/prov#wasDerivedFrom","http://en.wikipedia.org/wiki/Dharmendra_Singh_Senthwar?oldid=1271013054&ns=0"
"http://www.w3.org/ns/prov#wasDerivedFrom","http://en.wikipedia.org/wiki/Dharmpal_Gurjar?oldid=1255577991&ns=0"
"http://www.w3.org/ns/prov#wasDerivedFrom","http://en.wikipedia.org/wiki/Dharmraj_Singh_Yadav?oldid=1291470464&ns=0"
"http://www.w3.org/ns/prov#wasDerivedFrom","http://en.wikipedia.org/wiki/Dianne_Boardley_Suber?oldid=1226141990&ns=0"
"http://www.w3.org/ns/prov#wasDerivedFrom","http://en.wikipedia.org/wiki/Dinesh_Johri?oldid=1217936484&ns=0"
"http://www.w3.org/ns/prov#wasDerivedFrom","http://en.wikipedia.org/wiki/Dmytro_Tyshlek?oldid=1255520494&ns=0"
"http://www.w3.org/ns/prov#wasDerivedFrom","http://en.wikipedia.org/wiki/Domas_Griškevičius?oldid=1256856485&ns=0"
"http://www.w3.org/ns/prov#wasDerivedFrom","http://en.wikipedia.org/wiki/Donald_G._Castleberry?oldid=1310453055&ns=0"
"http://www.w3.org/ns/prov#wasDerivedFrom","http://en.wikipedia.org/wiki/Donald_L._Totten?oldid=1307998776&ns=0"
"http://www.w3.org/ns/prov#wasDerivedFrom","http://en.wikipedia.org/wiki/Dorothy_L._Devereux?oldid=1263911183&ns=0"
"http://www.w3.org/ns/prov#wasDerivedFrom","http://en.wikipedia.org/wiki/Dumezweni_Mthimkhulu?oldid=1281663592&ns=0"
"http://www.w3.org/ns/prov#wasDerivedFrom","http://en.wikipedia.org/wiki/Dumisani_Zondi?oldid=1290885769&ns=0"
"http://www.w3.org/ns/prov#wasDerivedFrom","http://en.wikipedia.org/wiki/Dusty_Deevers?oldid=1304233092&ns=0"
"http://www.w3.org/ns/prov#wasDerivedFrom","http://en.wikipedia.org/wiki/Dámaso_Bilbao_la_Vieja?oldid=1292288060&ns=0"
"http://www.w3.org/ns/prov#wasDerivedFrom","http://en.wikipedia.org/wiki/E._C._Barlow?oldid=1261998475&ns=0"
"http://www.w3.org/ns/prov#wasDerivedFrom","http://en.wikipedia.org/wiki/E._John_Lownes_III?oldid=1292456154&ns=0"
"http://www.w3.org/ns/prov#wasDerivedFrom","http://en.wikipedia.org/wiki/Eamon_Kelley?oldid=1292456185&ns=0"
"http://dbpedia.org/property/stateSenate","Illinois"
"http://dbpedia.org/property/stateSenate","Oklahoma"
"http://dbpedia.org/property/stateSenate","Mississippi State"
"http://dbpedia.org/property/residence","http://dbpedia.org/resource/Hoffman_Estates,_Illinois"
"http://dbpedia.org/property/caption","Electoral portrait, 2024"
"http://dbpedia.org/property/caption","Griškevičius in 2022"
"http://dbpedia.org/property/caption","c. 1927"
"http://dbpedia.org/property/parents","Antonio Bilbao la Vieja de Rojas"
"http://dbpedia.org/property/parents","Francisca Alquiza Foronda"
"http://dbpedia.org/property/width",200
"http://dbpedia.org/property/allegiance","http://dbpedia.org/resource/United_Provinces_of_the_Río_de_la_Plata"
"http://dbpedia.org/property/nativeName","देवेंद्र जोशी"
"http://dbpedia.org/property/nativeName","धर्मराज सिंह यादव"
"http://dbpedia.org/property/majority",29640
"http://dbpedia.org/property/deputy",2024
"http://dbpedia.org/property/district",32
"http://dbpedia.org/property/district","http://dbpedia.org/resource/Lincoln_County,_Mississippi"
"http://dbpedia.org/property/district","Coos 7th"
"http://dbpedia.org/property/district","Coos 3rd"
"http://dbpedia.org/property/termend",2017
"http://dbpedia.org/property/termend",2022
"http://dbpedia.org/property/termend",1829-12-15
"http://dbpedia.org/property/termend",1832-10-02
"http://dbpedia.org/property/termend","January 1928"
"http://dbpedia.org/property/termstart",2023
"http://dbpedia.org/property/termstart",11
"http://dbpedia.org/property/termstart",2023-12-03
"http://dbpedia.org/property/termstart",2012
"http://dbpedia.org/property/termstart",2007
"http://dbpedia.org/property/termstart",2014-06-01
"http://dbpedia.org/property/termstart",1829-07-26
"http://dbpedia.org/property/termstart",1832-05-10
"http://dbpedia.org/property/termstart","January 1924"
"http://xmlns.com/foaf/0.1/isPrimaryTopicOf","http://en.wikipedia.org/wiki/Desmond_Makaza"
"http://xmlns.com/foaf/0.1/isPrimaryTopicOf","http://en.wikipedia.org/wiki/Devendra_Joshi"
"http://xmlns.com/foaf/0.1/isPrimaryTopicOf","http://en.wikipedia.org/wiki/Dewa_Made_Mahayadnya"
"http://xmlns.com/foaf/0.1/isPrimaryTopicOf","http://en.wikipedia.org/wiki/Dharmendra_Singh_Senthwar"
"http://xmlns.com/foaf/0.1/isPrimaryTopicOf","http://en.wikipedia.org/wiki/Dharmpal_Gurjar"
"http://xmlns.com/foaf/0.1/isPrimaryTopicOf","http://en.wikipedia.org/wiki/Dharmraj_Singh_Yadav"
"http://xmlns.com/foaf/0.1/isPrimaryTopicOf","http://en.wikipedia.org/wiki/Dianne_Boardley_Suber"
"http://xmlns.com/foaf/0.1/isPrimaryTopicOf","http://en.wikipedia.org/wiki/Dinesh_Johri"
"http://xmlns.com/foaf/0.1/isPrimaryTopicOf","http://en.wikipedia.org/wiki/Dmytro_Tyshlek"
"http://xmlns.com/foaf/0.1/isPrimaryTopicOf","http://en.wikipedia.org/wiki/Domas_Griškevičius"
"http://xmlns.com/foaf/0.1/isPrimaryTopicOf","http://en.wikipedia.org/wiki/Donald_G._Castleberry"
"http://xmlns.com/foaf/0.1/isPrimaryTopicOf","http://en.wikipedia.org/wiki/Donald_L._Totten"
"http://xmlns.com/foaf/0.1/isPrimaryTopicOf","http://en.wikipedia.org/wiki/Dorothy_L._Devereux"
"http://xmlns.com/foaf/0.1/isPrimaryTopicOf","http://en.wikipedia.org/wiki/Dumezweni_Mthimkhulu"
"http://xmlns.com/foaf/0.1/isPrimaryTopicOf","http://en.wikipedia.org/wiki/Dumisani_Zondi"
"http://xmlns.com/foaf/0.1/isPrimaryTopicOf","http://en.wikipedia.org/wiki/Dusty_Deevers"
"http://xmlns.com/foaf/0.1/isPrimaryTopicOf","http://en.wikipedia.org/wiki/Dámaso_Bilbao_la_Vieja"
"http://xmlns.com/foaf/0.1/isPrimaryTopicOf","http://en.wikipedia.org/wiki/E._C._Barlow"
"http://xmlns.com/foaf/0.1/isPrimaryTopicOf","http://en.wikipedia.org/wiki/E._John_Lownes_III"
"http://xmlns.com/foaf/0.1/isPrimaryTopicOf","http://en.wikipedia.org/wiki/Eamon_Kelley"
"http://www.w3.org/2000/01/rdf-schema#seeAlso","http://dbpedia.org/resource/Flint_water_crisis"
"http://www.w3.org/2002/07/owl#sameAs","http://dbpedia.org/resource/Edwin_Dikoloti"
"http://www.w3.org/2002/07/owl#sameAs","http://www.wikidata.org/entity/Q112262186"
"http://www.w3.org/2002/07/owl#sameAs","https://global.dbpedia.org/id/GWFHG"
"http://xmlns.com/foaf/0.1/name","Edith Tucker"
"http://xmlns.com/foaf/0.1/name","Edward George Broadrick"
"http://xmlns.com/foaf/0.1/name","Edwin Gorataone Dikoloti"
"http://xmlns.com/foaf/0.1/name","Edwin Jack Bosi"
"http://xmlns.com/foaf/0.1/name","Elexie Moore"
"http://xmlns.com/foaf/0.1/name","Elijah F. Pennypacker"
"http://xmlns.com/foaf/0.1/name","Elinda C.A. Mohammad"
"http://xmlns.com/foaf/0.1/name","Elisha W. Baily"
"http://xmlns.com/foaf/0.1/name","Elizabeth Aipira"
"http://xmlns.com/foaf/0.1/name","Elvena Lloyd-Duffie"
"http://xmlns.com/foaf/0.1/name","Emily Phillips"
"http://xmlns.com/foaf/0.1/name","Emmanuel Gikoro"
"http://xmlns.com/foaf/0.1/name","Ephraim L. Van Winkle"
"http://xmlns.com/foaf/0.1/name","Ereck Gono"
"http://xmlns.com/foaf/0.1/name","Eric Mays"
"http://xmlns.com/foaf/0.1/name","Ernest Malenga"
"http://xmlns.com/foaf/0.1/name","Ernst Wandfluh"
"http://xmlns.com/foaf/0.1/name","Ethel Cook"
"http://xmlns.com/foaf/0.1/name","Euphrasie Bigirimana"
"http://xmlns.com/foaf/0.1/name","Eureka B. Forbes"
"http://www.w3.org/2000/01/rdf-schema#label","Edith Tucker"
"http://www.w3.org/2000/01/rdf-schema#label","Edward George Broadrick"
"http://www.w3.org/2000/01/rdf-schema#label","Edward Red Eagle"
"http://www.w3.org/2000/01/rdf-schema#label","Edwin Dikoloti"
"http://www.w3.org/2000/01/rdf-schema#label","Edwin Gorataone Dikoloti"
"http://www.w3.org/2000/01/rdf-schema#label","Edwin Jack Bosi"
"http://www.w3.org/2000/01/rdf-schema#label","Elexie Moore"
"http://www.w3.org/2000/01/rdf-schema#label","Elijah F. Pennypacker"
"http://www.w3.org/2000/01/rdf-schema#label","Elinda C.A. Mohammad"
"http://www.w3.org/2000/01/rdf-schema#label","Elisha W. Baily"
"http://www.w3.org/2000/01/rdf-schema#label","Elizabeth Aipira"
"http://www.w3.org/2000/01/rdf-schema#label","Elvena Lloyd-Duffie"
"http://www.w3.org/2000/01/rdf-schema#label","Emily Phillips"
"http://www.w3.org/2000/01/rdf-schema#label","Emmanuel Gikoro"
"http://www.w3.org/2000/01/rdf-schema#label","Ephraim L. Van Winkle"
"http://www.w3.org/2000/01/rdf-schema#label","Ereck Gono"
"http://www.w3.org/2000/01/rdf-schema#label","Eric Mays"
"http://www.w3.org/2000/01/rdf-schema#label","Ernest Malenga"
"http://www.w3.org/2000/01/rdf-schema#label","Ernst Wandfluh"
"http://www.w3.org/2000/01/rdf-schema#label","Ethel Cook"
"http://www.w3.org/2000/01/rdf-schema#label","Euphrasie Bigirimana"
"http://www.w3.org/2000/01/rdf-schema#label","Eureka Forbes (politician)"
"http://dbpedia.org/property/minister","http://dbpedia.org/resource/Abdul_Mokti_Daud"
"http://dbpedia.org/property/minister","http://dbpedia.org/resource/Isa_bin_Ibrahim"
"http://dbpedia.org/ontology/deathPlace","http://dbpedia.org/resource/Sadsbury_Township,_Lancaster_County,_Pennsylvania"
"http://dbpedia.org/ontology/deathPlace","http://dbpedia.org/resource/Michigan"
"http://dbpedia.org/ontology/deathPlace","http://dbpedia.org/resource/Flint,_Michigan"
"http://dbpedia.org/ontology/deathPlace","http://dbpedia.org/resource/Liwonde"
"http://dbpedia.org/ontology/deathPlace","http://dbpedia.org/resource/Miami,_Oklahoma"
"http://dbpedia.org/property/deathPlace","London"
"http://dbpedia.org/property/deathPlace","Sadsbury Township, Lancaster County, Pennsylvania, U.S."
"http://dbpedia.org/property/deathPlace","Flint, Michigan, U.S."
"http://dbpedia.org/property/deathPlace","Liwonde, Malawi"
"http://dbpedia.org/property/deathPlace","Miami, Oklahoma, U.S."
"http://dbpedia.org/ontology/deathDate",1999-05-02
"http://dbpedia.org/ontology/deathDate",1888-01-04
"http://dbpedia.org/ontology/deathDate",1904-12-04
"http://dbpedia.org/ontology/deathDate",1866-05-23
"http://dbpedia.org/ontology/deathDate",2024-02-24
"http://dbpedia.org/ontology/deathDate",2020-11-30
"http://dbpedia.org/ontology/deathDate",2023-09-17
"http://dbpedia.org/ontology/deathDate",1985-09-15
"http://dbpedia.org/ontology/birthPlace","http://dbpedia.org/resource/Pawhuska,_Oklahoma"
"http://dbpedia.org/ontology/birthPlace","http://dbpedia.org/resource/Schuylkill_Township,_Chester_County,_Pennsylvania"
"http://dbpedia.org/ontology/birthPlace","http://dbpedia.org/resource/Londonderry_Township,_Chester_County,_Pennsylvania"
"http://dbpedia.org/ontology/birthPlace","http://dbpedia.org/resource/Arkansas"
"http://dbpedia.org/ontology/birthPlace","http://dbpedia.org/resource/Blytheville,_Arkansas"
"http://dbpedia.org/ontology/birthPlace","http://dbpedia.org/resource/Wayne_County,_Kentucky"
"http://dbpedia.org/ontology/birthPlace","http://dbpedia.org/resource/Flint,_Michigan"
"http://dbpedia.org/ontology/birthPlace","http://dbpedia.org/resource/Miami,_Oklahoma"
"http://dbpedia.org/ontology/birthPlace","http://dbpedia.org/resource/Fort_Worth,_Texas"
"http://dbpedia.org/property/birthPlace","Pawhuska, Oklahoma, U.S."
"http://dbpedia.org/property/birthPlace","Schuylkill Township, Chester County, Pennsylvania, U.S."
"http://dbpedia.org/property/birthPlace","Londonderry Township, Chester County, Pennsylvania, U.S."
"http://dbpedia.org/property/birthPlace","http://dbpedia.org/resource/Arkansas"
"http://dbpedia.org/property/birthPlace","http://dbpedia.org/resource/Blytheville,_Arkansas"
"http://dbpedia.org/property/birthPlace","Wayne County, Kentucky, U.S."
"http://dbpedia.org/property/birthPlace","Flint, Michigan, U.S."
"http://dbpedia.org/property/birthPlace","Miami, Oklahoma, U.S."
"http://dbpedia.org/property/birthPlace","Fort Worth, Texas, U.S."
"http://dbpedia.org/ontology/birthDate",1864-07-29
"http://dbpedia.org/ontology/birthDate",1804-11-20
"http://dbpedia.org/ontology/birthDate",1821-10-17
"http://dbpedia.org/ontology/birthDate",1932-06-08
"http://dbpedia.org/ontology/birthDate",1827-07-20
"http://dbpedia.org/ontology/birthDate",1958-09-16
"http://dbpedia.org/ontology/birthDate",1976-11-25
"http://dbpedia.org/ontology/birthDate",1951-08-09
"http://dbpedia.org/ontology/birthDate",1904-10-17
"http://purl.org/dc/terms/subject","http://dbpedia.org/resource/Category:People_from_Coös_County,_New_Hampshire"
"http://purl.org/dc/terms/subject","http://dbpedia.org/resource/Category:Administrators_in_British_Malaya"
"http://purl.org/dc/terms/subject","http://dbpedia.org/resource/Category:1864_births"
"http://purl.org/dc/terms/subject","http://dbpedia.org/resource/Category:Colonial_Administrative_Service_officers"
"http://purl.org/dc/terms/subject","http://dbpedia.org/resource/Category:1929_deaths"
"http://purl.org/dc/terms/subject","http://dbpedia.org/resource/Category:People_educated_at_Sherborne_School"
"http://purl.org/dc/terms/subject","http://dbpedia.org/resource/Category:Osage_Nation_chiefs"
"http://purl.org/dc/terms/subject","http://dbpedia.org/resource/Category:Women_state_legislators_in_Alaska"
"http://purl.org/dc/terms/subject","http://dbpedia.org/resource/Category:Politicians_from_Wasilla,_Alaska"
"http://purl.org/dc/terms/subject","http://dbpedia.org/resource/Category:Republican_Party_members_of_the_Alaska_House_of_Representatives"
"http://purl.org/dc/terms/subject","http://dbpedia.org/resource/Category:21st-century_members_of_the_Alaska_Legislature"
"http://purl.org/dc/terms/subject","http://dbpedia.org/resource/Category:American_Quakers"
"http://purl.org/dc/terms/subject","http://dbpedia.org/resource/Category:1804_births"
"http://purl.org/dc/terms/subject","http://dbpedia.org/resource/Category:American_philanthropists"
"http://purl.org/dc/terms/subject","http://dbpedia.org/resource/Category:19th-century_Quakers"
"http://purl.org/dc/terms/subject","http://dbpedia.org/resource/Category:1888_deaths"
"http://purl.org/dc/terms/subject","http://dbpedia.org/resource/Category:Underground_Railroad_people"
"http://purl.org/dc/terms/subject","http://dbpedia.org/resource/Category:Quaker_abolitionists"
"http://purl.org/dc/terms/subject","http://dbpedia.org/resource/Category:Alumni_of_the_University_of_London"
"http://purl.org/dc/terms/subject","http://dbpedia.org/resource/Category:Bruneian_politicians"
"http://purl.org/dc/terms/subject","http://dbpedia.org/resource/Category:Government_ministers_of_Brunei"
"http://purl.org/dc/terms/subject","http://dbpedia.org/resource/Category:University_of_Malaya_alumni"
"http://purl.org/dc/terms/subject","http://dbpedia.org/resource/Category:Bruneian_civil_servants"
"http://purl.org/dc/terms/subject","http://dbpedia.org/resource/Category:People_from_Philadelphia"
"http://purl.org/dc/terms/subject","http://dbpedia.org/resource/Category:People_from_Perry_County,_Pennsylvania"
"http://purl.org/dc/terms/subject","http://dbpedia.org/resource/Category:Physicians_from_Pennsylvania"
"http://purl.org/dc/terms/subject","http://dbpedia.org/resource/Category:Jefferson_Medical_College_alumni"
"http://purl.org/dc/terms/subject","http://dbpedia.org/resource/Category:1904_deaths"
"http://purl.org/dc/terms/subject","http://dbpedia.org/resource/Category:1821_births"
"http://purl.org/dc/terms/subject","http://dbpedia.org/resource/Category:19th-century_American_physicians"
"http://purl.org/dc/terms/subject","http://dbpedia.org/resource/Category:Politicians_from_Lancaster_County,_Pennsylvania"
"http://purl.org/dc/terms/subject","http://dbpedia.org/resource/Category:Women_government_ministers_of_Malawi"
"http://purl.org/dc/terms/subject","http://dbpedia.org/resource/Category:American_economists"
"http://purl.org/dc/terms/subject","http://dbpedia.org/resource/Category:People_from_Wayne_County,_Kentucky"
"http://purl.org/dc/terms/subject","http://dbpedia.org/resource/Category:1866_deaths"
"http://purl.org/dc/terms/subject","http://dbpedia.org/resource/Category:Kentucky_lawyers"
"http://purl.org/dc/terms/subject","http://dbpedia.org/resource/Category:Kentucky_Whigs"
"http://purl.org/dc/terms/subject","http://dbpedia.org/resource/Category:Secretaries_of_state_of_Kentucky"
"http://purl.org/dc/terms/subject","http://dbpedia.org/resource/Category:19th-century_members_of_the_Kentucky_General_Assembly"
"http://purl.org/dc/terms/subject","http://dbpedia.org/resource/Category:People_from_Bulawayo"
"http://purl.org/dc/terms/subject","http://dbpedia.org/resource/Category:African-American_city_council_members_in_Michigan"
"http://purl.org/dc/terms/subject","http://dbpedia.org/resource/Category:Michigan_State_University_alumni"
"http://purl.org/dc/terms/subject","http://dbpedia.org/resource/Category:Politicians_from_Flint,_Michigan"
"http://purl.org/dc/terms/subject","http://dbpedia.org/resource/Category:21st-century_Michigan_politicians"
"http://purl.org/dc/terms/subject","http://dbpedia.org/resource/Category:Members_of_the_National_Assembly_(Malawi)"
"http://purl.org/dc/terms/subject","http://dbpedia.org/resource/Category:Swiss_farmers"
"http://purl.org/dc/terms/subject","http://dbpedia.org/resource/Category:21st-century_Native_American_women"
"http://purl.org/dc/terms/subject","http://dbpedia.org/resource/Category:Ottawa_Tribe_of_Oklahoma_politicians"
"http://purl.org/dc/terms/subject","http://dbpedia.org/resource/Category:People_from_Miami,_Oklahoma"
"http://purl.org/dc/terms/subject","http://dbpedia.org/resource/Category:21st-century_Oklahoma_politicians"
"http://purl.org/dc/terms/subject","http://dbpedia.org/resource/Category:1985_deaths"
"http://purl.org/dc/terms/subject","http://dbpedia.org/resource/Category:1904_births"
"http://purl.org/dc/terms/subject","http://dbpedia.org/resource/Category:Hawaii_state_senators"
"http://dbpedia.org/ontology/wikiPageWikiLink","http://dbpedia.org/resource/Abolitionism"
"http://dbpedia.org/ontology/wikiPageWikiLink","http://dbpedia.org/resource/Emancipation_Proclamation"
"http://dbpedia.org/ontology/wikiPageWikiLink","http://dbpedia.org/resource/Phoenixville,_Pennsylvania"
"http://dbpedia.org/ontology/wikiPageWikiLink","http://dbpedia.org/resource/Safe_house"
"http://dbpedia.org/ontology/wikiPageWikiLink","http://dbpedia.org/resource/Station_master"
"http://dbpedia.org/ontology/wikiPageWikiLink","http://dbpedia.org/resource/Swarthmore_College"
"http://dbpedia.org/ontology/wikiPageWikiLink","http://dbpedia.org/resource/Prohibition_Party"
"http://dbpedia.org/ontology/wikiPageWikiLink","http://dbpedia.org/resource/Bounty_hunter"
"http://dbpedia.org/ontology/wikiPageWikiLink","http://dbpedia.org/resource/Chesapeake_Bay"
"http://dbpedia.org/ontology/wikiPageWikiLink","http://dbpedia.org/resource/Chester_County,_Pennsylvania"
"http://dbpedia.org/ontology/wikiPageWikiLink","http://dbpedia.org/resource/Havre_de_Grace,_Maryland"
"http://dbpedia.org/ontology/wikiPageWikiLink","http://dbpedia.org/resource/Susquehanna_River"
"http://dbpedia.org/ontology/wikiPageWikiLink","http://dbpedia.org/resource/Burlington,_New_Jersey"
"http://dbpedia.org/ontology/wikiPageWikiLink","http://dbpedia.org/resource/William_Still"
"http://dbpedia.org/ontology/wikiPageWikiLink","http://dbpedia.org/resource/Quakers"
"http://dbpedia.org/ontology/wikiPageWikiLink","http://dbpedia.org/resource/Surveying"
"http://dbpedia.org/ontology/wikiPageWikiLink","http://dbpedia.org/resource/Vigilant_Association_of_Philadelphia"
"http://dbpedia.org/ontology/wikiPageWikiLink","http://dbpedia.org/resource/Underground_Railroad"
"http://dbpedia.org/ontology/wikiPageWikiLink","http://dbpedia.org/resource/John_Greenleaf_Whittier"
"http://dbpedia.org/ontology/wikiPageWikiLink","http://dbpedia.org/resource/Pennsylvania_General_Assembly"
"http://dbpedia.org/ontology/wikiPageWikiLink","http://dbpedia.org/resource/Thaddeus_Stevens"
"http://dbpedia.org/ontology/wikiPageWikiLink","http://dbpedia.org/resource/White_Horse_Farm"
"http://dbpedia.org/ontology/wikiPageWikiLink","http://dbpedia.org/resource/Great_Famine_(Ireland)"
"http://dbpedia.org/ontology/wikiPageWikiLink","http://dbpedia.org/resource/Quakers_in_the_abolition_movement"
"http://dbpedia.org/ontology/wikiPageWikiLink","http://dbpedia.org/resource/Category:Abolitionism_in_the_United_States"
"http://dbpedia.org/ontology/wikiPageWikiLink","http://dbpedia.org/resource/Category:American_Quakers"
"http://dbpedia.org/ontology/wikiPageWikiLink","http://dbpedia.org/resource/Pennsylvania_Anti-Slavery_Society"
"http://dbpedia.org/ontology/wikiPageWikiLink","http://dbpedia.org/resource/Bartholomew_Fussell"
"http://dbpedia.org/ontology/wikiPageWikiLink","http://dbpedia.org/resource/Fugitive_slaves_in_the_United_States"
"http://dbpedia.org/ontology/wikiPageWikiLink","http://dbpedia.org/resource/Category:1804_births"
"http://dbpedia.org/ontology/wikiPageWikiLink","http://dbpedia.org/resource/Category:19th-century_American_businesspeople"
"http://dbpedia.org/ontology/wikiPageWikiLink","http://dbpedia.org/resource/Category:American_philanthropists"
"http://dbpedia.org/ontology/wikiPageWikiLink","http://dbpedia.org/resource/Category:19th-century_Quakers"
"http://dbpedia.org/ontology/wikiPageWikiLink","http://dbpedia.org/resource/Category:1888_deaths"
"http://dbpedia.org/ontology/wikiPageWikiLink","http://dbpedia.org/resource/Category:Underground_Railroad_people"
"http://dbpedia.org/ontology/wikiPageWikiLink","http://dbpedia.org/resource/Category:People_from_Chester_County,_Pennsylvania"
"http://dbpedia.org/ontology/wikiPageWikiLink","http://dbpedia.org/resource/Category:Quaker_abolitionists"
"http://dbpedia.org/ontology/wikiPageWikiLink","http://dbpedia.org/resource/Willistown_Township,_Chester_County,_Pennsylvania"
"http://dbpedia.org/ontology/wikiPageWikiLink","http://dbpedia.org/resource/Railroad_terminology"
"http://dbpedia.org/ontology/wikiPageWikiLink","http://dbpedia.org/resource/File:White_Horse_Farm_CC_PA.JPG"
"http://dbpedia.org/ontology/wikiPageExternalLink","https://digitalcollections.tricolib.brynmawr.edu/collections/elijah-f-pennypacker-anti-slavery-correspondence"
"http://dbpedia.org/ontology/wikiPageExternalLink","https://pennypackermills.pastperfectonline.com/photo/A5C38987-898E-42DD-9BA3-630587586379"
"http://dbpedia.org/ontology/wikiPageExternalLink","https://www.voxipop.com/single-post/2020/02/17/timeless-tales-of-phoenixville-underground-railroad"
"http://dbpedia.org/ontology/wikiPageExternalLink","https://archive.org/details/peopleundergroun00cala"
"http://dbpedia.org/ontology/description","US Democratic Party politician, member of the New Hampshire House of Representatives from 2016 to 2022 representing Coos District 5"
"http://dbpedia.org/ontology/description","British colonial administrator"
"http://dbpedia.org/ontology/description","políticu botsuanianu"
"http://dbpedia.org/ontology/description","politician in Botswana"
"http://dbpedia.org/ontology/description","Underground Railroad station master"
"http://dbpedia.org/ontology/description","Bruneian politician and lawyer"
"http://dbpedia.org/ontology/description","American politician (1821–1904)"
"http://dbpedia.org/ontology/description","polaiteoir Meiriceánach (1821–1904)"
"http://dbpedia.org/ontology/description","美國政治人物 (1821–1904)"
"http://dbpedia.org/ontology/description","American female politician"
"http://dbpedia.org/ontology/description","Amerikaanse politica"
"http://dbpedia.org/ontology/description","políticu d'Estaos Xuníos (1958–2024)"
"http://dbpedia.org/ontology/description","politico svizzero"
"http://dbpedia.org/ontology/description","personnalité politique suisse (UDC/BE)"
"http://dbpedia.org/ontology/description","Swiss politician (born 1976)"
"http://dbpedia.org/ontology/description","سياسية أمريكية"
"http://xmlns.com/foaf/0.1/homepage","https://mooreforak.com/"
"http://xmlns.com/foaf/0.1/homepage","https://www.ernstwandfluh.ch/%7COfficial"
"http://xmlns.com/foaf/0.1/homepage","https://www.parlament.ch/de/biografie/ernst-wandfluh/10834%7CParliament"
"http://dbpedia.org/property/name","Edith Tucker"
"http://dbpedia.org/property/name","Edward George Broadrick"
"http://dbpedia.org/property/name","Edwin Gorataone Dikoloti"
"http://dbpedia.org/property/name","Edwin Jack Bosi"
"http://dbpedia.org/property/name","Elexie Moore"
"http://dbpedia.org/property/name","Elijah F. Pennypacker"
"http://dbpedia.org/property/name","Elinda C.A. Mohammad"
"http://dbpedia.org/property/name","Elisha W. Baily"
"http://dbpedia.org/property/name","Elizabeth Aipira"
"http://dbpedia.org/property/name","Elvena Lloyd-Duffie"
"http://dbpedia.org/property/name","Emily Phillips"
"http://dbpedia.org/property/name","Emmanuel Gikoro"
"http://dbpedia.org/property/name","Ephraim L. Van Winkle"
"http://dbpedia.org/property/name","Ereck Gono"
"http://dbpedia.org/property/name","Eric Mays"
"http://dbpedia.org/property/name","Ernest Malenga"
"http://dbpedia.org/property/name","Ernst Wandfluh"
"http://dbpedia.org/property/name","Ethel Cook"
"http://dbpedia.org/property/name","Euphrasie Bigirimana"
"http://dbpedia.org/property/name","Eureka B. Forbes"
"http://xmlns.com/foaf/0.1/depiction","http://commons.wikimedia.org/wiki/Special:FilePath/Edward_George_Broadwick_c.1906.png"
"http://xmlns.com/foaf/0.1/depiction","http://commons.wikimedia.org/wiki/Special:FilePath/Edwin_Dikoloti_2023_(cropped).jpg"
"http://xmlns.com/foaf/0.1/depiction","http://commons.wikimedia.org/wiki/Special:FilePath/White_Horse_Farm_CC_PA.jpg"
"http://xmlns.com/foaf/0.1/depiction","http://commons.wikimedia.org/wiki/Special:FilePath/ElijahFPennypacker_(cropped).png"
"http://xmlns.com/foaf/0.1/depiction","http://commons.wikimedia.org/wiki/Special:FilePath/PennypackerTombstone.jpg"
"http://xmlns.com/foaf/0.1/depiction","http://commons.wikimedia.org/wiki/Special:FilePath/First_Class_of_the_Order_of_Seri_Paduka_Mahkota_Brunei_(SPMB).svg"
"http://xmlns.com/foaf/0.1/depiction","http://commons.wikimedia.org/wiki/Special:FilePath/Emily_Phillips_by_Gage_Skidmore.jpg"
"http://xmlns.com/foaf/0.1/depiction","http://commons.wikimedia.org/wiki/Special:FilePath/Ephraim_L._Van_Winkle.jpg"
"http://xmlns.com/foaf/0.1/depiction","http://commons.wikimedia.org/wiki/Special:FilePath/Eric_Mays_2014_01.png"
"http://xmlns.com/foaf/0.1/depiction","http://commons.wikimedia.org/wiki/Special:FilePath/Ernst_Wandfluh_portrait.jpg"
"http://dbpedia.org/property/almaMater","http://dbpedia.org/resource/University_of_London"
"http://dbpedia.org/property/almaMater","University of Malaya"
"http://dbpedia.org/property/almaMater","Jefferson Medical College"
"http://dbpedia.org/property/almaMater","http://dbpedia.org/resource/Michigan_State_University"
"http://dbpedia.org/property/almaMater","http://dbpedia.org/resource/University_of_California,_Los_Angeles"
"http://dbpedia.org/property/almaMater","http://dbpedia.org/resource/University_of_Hawaiʻi"
"http://dbpedia.org/property/father","http://dbpedia.org/resource/Paul_Red_Eagle"
"http://dbpedia.org/property/knownFor","Station master of the Underground Railroad"
"http://dbpedia.org/ontology/almaMater","http://dbpedia.org/resource/Universiti_Malaya"
"http://dbpedia.org/ontology/almaMater","http://dbpedia.org/resource/University_of_London"
"http://dbpedia.org/ontology/almaMater","http://dbpedia.org/resource/Thomas_Jefferson_University"
"http://dbpedia.org/ontology/almaMater","http://dbpedia.org/resource/Michigan_State_University"
"http://dbpedia.org/ontology/almaMater","http://dbpedia.org/resource/University_of_California,_Los_Angeles"
"http://dbpedia.org/ontology/almaMater","http://dbpedia.org/resource/University_of_Hawaiʻi"
"http://dbpedia.org/ontology/birthName","Elijah Funk Pennypacker"
"http://dbpedia.org/ontology/birthName","Eureka Bernice Barnum"
"http://dbpedia.org/ontology/child","http://dbpedia.org/resource/John_Red_Eagle"
"http://dbpedia.org/ontology/education","http://dbpedia.org/resource/Flint_Northern_High_School"
"http://dbpedia.org/ontology/father","http://dbpedia.org/resource/Paul_Red_Eagle"
"http://dbpedia.org/ontology/nationality","http://dbpedia.org/resource/Osage_Nation"
"http://dbpedia.org/ontology/occupation","http://dbpedia.org/resource/Veterinarian"
"http://dbpedia.org/ontology/office","Member of theGrand Council of Bern"
"http://dbpedia.org/ontology/party","http://dbpedia.org/resource/Sabah_Native_Cooperation_Party"
"http://dbpedia.org/ontology/party","http://dbpedia.org/resource/Gabungan_Rakyat_Sabah"
"http://dbpedia.org/ontology/party","http://dbpedia.org/resource/United_Sabah_Party"
"http://dbpedia.org/ontology/party","http://dbpedia.org/resource/Social_Democratic_Harmony_Party"
"http://dbpedia.org/ontology/region","http://dbpedia.org/resource/Canton_of_Bern"
"http://dbpedia.org/ontology/restingPlace","http://dbpedia.org/resource/Christiana,_Pennsylvania"
"http://dbpedia.org/ontology/termPeriod","http://dbpedia.org/resource/Edith_Tucker__Tenure__1"
"http://dbpedia.org/ontology/termPeriod","http://dbpedia.org/resource/Edward_George_Broadrick__Tenure__1"
"http://dbpedia.org/ontology/termPeriod","http://dbpedia.org/resource/Edwin_Dikoloti__Tenure__1"
"http://dbpedia.org/ontology/termPeriod","http://dbpedia.org/resource/Edwin_Dikoloti__Tenure__2"
"http://dbpedia.org/ontology/termPeriod","http://dbpedia.org/resource/Edwin_Jack_Bosi__Tenure__1"
"http://dbpedia.org/ontology/termPeriod","http://dbpedia.org/resource/Elexie_Moore__Tenure__1"
"http://dbpedia.org/ontology/termPeriod","http://dbpedia.org/resource/Elijah_F._Pennypacker__Tenure__1"
"http://dbpedia.org/ontology/termPeriod","http://dbpedia.org/resource/Elijah_F._Pennypacker__Tenure__2"
"http://dbpedia.org/ontology/termPeriod","http://dbpedia.org/resource/Elinda_C.A._Mohammad__Tenure__1"
"http://dbpedia.org/ontology/termPeriod","http://dbpedia.org/resource/Elisha_W._Baily__Tenure__1"
"http://dbpedia.org/ontology/termPeriod","http://dbpedia.org/resource/Elizabeth_Aipira__Tenure__1"
"http://dbpedia.org/ontology/termPeriod","http://dbpedia.org/resource/Emily_Phillips__Tenure__1"
"http://dbpedia.org/ontology/termPeriod","http://dbpedia.org/resource/Emmanuel_Gikoro__Tenure__1"
"http://dbpedia.org/ontology/termPeriod","http://dbpedia.org/resource/Ephraim_L._Van_Winkle__Tenure__1"
"http://dbpedia.org/ontology/termPeriod","http://dbpedia.org/resource/Ephraim_L._Van_Winkle__Tenure__2"
"http://dbpedia.org/ontology/termPeriod","http://dbpedia.org/resource/Ereck_Gono__Tenure__1"
"http://dbpedia.org/ontology/termPeriod","http://dbpedia.org/resource/Eric_Mays__Tenure__1"
"http://dbpedia.org/ontology/termPeriod","http://dbpedia.org/resource/Ernest_Malenga__Tenure__1"
"http://dbpedia.org/ontology/termPeriod","http://dbpedia.org/resource/Ethel_Cook__Tenure__1"
"http://dbpedia.org/ontology/termPeriod","http://dbpedia.org/resource/Ethel_Cook__Tenure__2"
"http://dbpedia.org/ontology/termPeriod","http://dbpedia.org/resource/Euphrasie_Bigirimana__Tenure__1"
"http://dbpedia.org/ontology/termPeriod","http://dbpedia.org/resource/Eureka_Forbes_(politician)__Tenure__1"
"http://dbpedia.org/ontology/termPeriod","http://dbpedia.org/resource/Eureka_Forbes_(politician)__Tenure__2"
"http://dbpedia.org/ontology/thumbnail","http://commons.wikimedia.org/wiki/Special:FilePath/Edward_George_Broadwick_c.1906.png?width=300"
"http://dbpedia.org/ontology/thumbnail","http://commons.wikimedia.org/wiki/Special:FilePath/Edwin_Dikoloti_2023_(cropped).jpg?width=300"
"http://dbpedia.org/ontology/thumbnail","http://commons.wikimedia.org/wiki/Special:FilePath/ElijahFPennypacker_(cropped).png?width=300"
"http://dbpedia.org/ontology/thumbnail","http://commons.wikimedia.org/wiki/Special:FilePath/First_Class_of_the_Order_of_Seri_Paduka_Mahkota_Brunei_(SPMB).svg?width=300"
"http://dbpedia.org/ontology/thumbnail","http://commons.wikimedia.org/wiki/Special:FilePath/Emily_Phillips_by_Gage_Skidmore.jpg?width=300"
"http://dbpedia.org/ontology/thumbnail","http://commons.wikimedia.org/wiki/Special:FilePath/Ephraim_L._Van_Winkle.jpg?width=300"
"http://dbpedia.org/ontology/thumbnail","http://commons.wikimedia.org/wiki/Special:FilePath/Eric_Mays_2014_01.png?width=300"
"http://dbpedia.org/ontology/thumbnail","http://commons.wikimedia.org/wiki/Special:FilePath/Ernst_Wandfluh_portrait.jpg?width=300"
"http://dbpedia.org/property/alongside","http://dbpedia.org/resource/Arthur_Andrews_(Pennsylvania_politician)"
"http://dbpedia.org/property/alongside","http://dbpedia.org/resource/Benjamin_Griffith"
"http://dbpedia.org/property/alongside","http://dbpedia.org/resource/Thomas_Ashbridge_(politician)"
"http://dbpedia.org/property/alongside","http://dbpedia.org/resource/Charles_Brooke_(politician)"
"http://dbpedia.org/property/alongside","http://dbpedia.org/resource/John_Hutchinson_(Pennsylvania_politician)"
"http://dbpedia.org/property/alongside","http://dbpedia.org/resource/John_Parker_(Pennsylvania_politician)"
"http://dbpedia.org/property/alongside","http://dbpedia.org/resource/George_Fairlamb_Smith"
"http://dbpedia.org/property/alongside","http://dbpedia.org/resource/Levi_Prizer"
"http://dbpedia.org/property/alongside","http://dbpedia.org/resource/Peter_G._Carey"
"http://dbpedia.org/property/alongside","http://dbpedia.org/resource/John_P._Edge"
"http://dbpedia.org/property/wikiPageUsesTemplate","http://dbpedia.org/resource/Template:R_from_move"
"http://dbpedia.org/property/wikiPageUsesTemplate","http://dbpedia.org/resource/Template:Redirect_category_shell"
"http://dbpedia.org/property/wikiPageUsesTemplate","http://dbpedia.org/resource/Template:Improve_categories"
"http://dbpedia.org/property/wikiPageUsesTemplate","http://dbpedia.org/resource/Template:Alaska_House_of_Representatives"
"http://dbpedia.org/property/wikiPageUsesTemplate","http://dbpedia.org/resource/Template:Sortname"
"http://dbpedia.org/property/wikiPageUsesTemplate","http://dbpedia.org/resource/Template:Alaska-politician-stub"
"http://dbpedia.org/property/wikiPageUsesTemplate","http://dbpedia.org/resource/Template:External_media"
"http://dbpedia.org/property/wikiPageUsesTemplate","http://dbpedia.org/resource/Template:Brunei_Cabinet_2018"
"http://dbpedia.org/property/wikiPageUsesTemplate","http://dbpedia.org/resource/Template:See_also"
"http://dbpedia.org/property/wikiPageUsesTemplate","http://dbpedia.org/resource/Template:Sic"
"http://dbpedia.org/property/alt","Edward George Broadrick c.1906"
"http://dbpedia.org/property/alt","Sketch of Elijah Pennypacker"
"http://dbpedia.org/property/assembly","Sabah State Legislative"
"http://dbpedia.org/property/birthDate",1926-02-12
"http://dbpedia.org/property/birthDate",1864-07-29
"http://dbpedia.org/property/birthDate",1804-11-20
"http://dbpedia.org/property/birthDate",1821-10-17
"http://dbpedia.org/property/birthDate",1932-06-08
"http://dbpedia.org/property/birthDate",1827-07-20
"http://dbpedia.org/property/birthDate",1958-09-16
"http://dbpedia.org/property/birthDate",1976-11-25
"http://dbpedia.org/property/birthDate",1951-08-09
"http://dbpedia.org/property/birthDate",1904-10-17
"http://dbpedia.org/property/citizenship","http://dbpedia.org/resource/Malaysians"
"http://dbpedia.org/property/citizenship","http://dbpedia.org/resource/Ottawa_Tribe_of_Oklahoma"
"http://dbpedia.org/property/constituency","http://dbpedia.org/resource/Canton_of_Bern"
"http://dbpedia.org/property/deathDate",2011-05-26
"http://dbpedia.org/property/deathDate","July 1929"
"http://dbpedia.org/property/deathDate",1999-05-02
"http://dbpedia.org/property/deathDate",1888-01-04
"http://dbpedia.org/property/deathDate",1904-12-04
"http://dbpedia.org/property/deathDate",1866-05-23
"http://dbpedia.org/property/deathDate",2024-02-24
"http://dbpedia.org/property/deathDate",2020-11-30
"http://dbpedia.org/property/deathDate",2023-09-17
"http://dbpedia.org/property/deathDate",1985-09-15
"http://dbpedia.org/property/education","Monticello Academy"
"http://dbpedia.org/property/education","http://dbpedia.org/resource/Flint_Northern_High_School"
"http://dbpedia.org/property/governor","http://dbpedia.org/resource/Thomas_E._Bramlette"
"http://dbpedia.org/property/nativeNameLang","en"
"http://dbpedia.org/property/occupation","http://dbpedia.org/resource/Veterinarian"
"http://dbpedia.org/property/occupation","physician"
"http://dbpedia.org/property/occupation","Politician and economist"
"http://dbpedia.org/property/occupation","Mountain farmer, politician"
"http://dbpedia.org/property/office","Member of the Wyoming Senate"
"http://dbpedia.org/property/office","Assistant Minister of Lands and Agriculture"
"http://dbpedia.org/property/office","Minister of Health of Botswana"
"http://dbpedia.org/property/office","Deputy Minister at the Prime Minister's Office"
"http://dbpedia.org/property/office","Deputy Minister of Agriculture, Irrigation and Food Security of Malawi"
"http://dbpedia.org/property/office","Minister of Public Health and HIV/Aids fight of Burundi"
"http://dbpedia.org/property/office","http://dbpedia.org/resource/Kentucky_House_of_Representatives"
"http://dbpedia.org/property/office","Secretary of State of Kentucky"
"http://dbpedia.org/property/office","from Wayne County"
"http://dbpedia.org/property/office","Member of the National Assembly of Zimbabwe for Lobengula–Magwegwe"
"http://dbpedia.org/property/office","Member of the Flint City Council from the 1st ward"
"http://dbpedia.org/property/office","Minister of Home affairs and internal security of Malawi"
"http://dbpedia.org/property/office","Member of the Grand Council of Bern"
"http://dbpedia.org/property/office","Chief of the Ottawa Tribe of Oklahoma"
"http://dbpedia.org/property/office","Second chief of the Ottawa Tribe of Oklahoma"
"http://dbpedia.org/property/office","Minister of Commerce, Industry and Tourism of Burundi"
"http://dbpedia.org/property/office","Member of the Hawaii House of Representatives"
"http://dbpedia.org/property/office","Member of the Hawaii Senate"
"http://dbpedia.org/property/order",10
"http://dbpedia.org/property/order",40
"http://dbpedia.org/property/otherparty","Gabungan Rakyat Sabah"
"http://dbpedia.org/property/otherparty","http://dbpedia.org/resource/Republican_Party_(United_States)"
"http://dbpedia.org/property/party","United Sabah Party"
"http://dbpedia.org/property/party","Sabah Native Cooperation Party"
"http://dbpedia.org/property/party","Social Democratic Harmony Party"
"http://dbpedia.org/property/party","Unknown"
"http://dbpedia.org/property/predecessor","John Tholl"
"http://dbpedia.org/property/predecessor","http://dbpedia.org/resource/Reginald_George_Watson"
"http://dbpedia.org/property/predecessor","http://dbpedia.org/resource/Molebatsi_Shimane_Molebatsi"
"http://dbpedia.org/property/predecessor","Khoo Keok Hai"
"http://dbpedia.org/property/predecessor","http://dbpedia.org/resource/Jesse_Sumner_(politician)"
"http://dbpedia.org/property/predecessor","Thomas Ashbridge, Matthias Pennypacker, Arthur Andrews, Benjamin Griffith"
"http://dbpedia.org/property/predecessor","Oliver Alison, Samuel McCleane, Wilmer Worthington, Thomas I. ?"
"http://dbpedia.org/property/predecessor","http://dbpedia.org/resource/Hamdan_Abu_Bakar"
"http://dbpedia.org/property/predecessor","http://dbpedia.org/resource/Roselan_Daud"
"http://dbpedia.org/property/predecessor","Joseph C. Keech and Levi Prizer"
"http://dbpedia.org/property/predecessor","New seat"
"http://dbpedia.org/property/predecessor","Claudia Croom"
"http://dbpedia.org/property/president","http://dbpedia.org/resource/Duma_Boko"
"http://dbpedia.org/property/restingPlace","Schuylkill Friends Meeting Cemetery"
"http://dbpedia.org/property/restingPlace","Christiana, Pennsylvania, U.S."
"http://dbpedia.org/property/restingPlace","Sadsbury Friends Burial Grounds"
"http://dbpedia.org/property/spouse","Edith Cary"
"http://dbpedia.org/property/spouse",1831
"http://dbpedia.org/property/spouse",1841
"http://dbpedia.org/property/spouse",1843
"http://dbpedia.org/property/spouse","Hannah Adamson"
"http://dbpedia.org/property/spouse","Sarah W. Coates"
"http://dbpedia.org/property/stateHouse","Alaska"
"http://dbpedia.org/property/successor","Became a multi-member district"
"http://dbpedia.org/property/successor","http://dbpedia.org/resource/Arthur_Henry_Lemon"
"http://dbpedia.org/property/successor","Jannie Lasimbang"
"http://dbpedia.org/property/successor","Oliver Alison, Samuel McCleane, Wilmer Worthington, Thomas I. ?"
"http://dbpedia.org/property/successor","John Parker, Abraham R. McIlvaine, Maurice Richardson, Isaac Downing"
"http://dbpedia.org/property/successor","http://dbpedia.org/resource/Riza_Yunos"
"http://dbpedia.org/property/successor","http://dbpedia.org/resource/Sufian_Sabtu"
"http://dbpedia.org/property/successor","Samuel Butler, William T. Fulton, Jesse Matlack, John P. Edge"
"http://dbpedia.org/property/successor","http://dbpedia.org/resource/Tendayi_Chitura"
"http://dbpedia.org/property/successor","Leon El-Alamin"
"http://dbpedia.org/property/termEnd",1919
"http://dbpedia.org/property/termEnd",2024-09-27
"http://dbpedia.org/property/termEnd",2018-05-09
"http://dbpedia.org/property/termEnd",1833
"http://dbpedia.org/property/termEnd",1836
"http://dbpedia.org/property/termEnd",2020-01-18
"http://dbpedia.org/property/termEnd",1876
"http://dbpedia.org/property/termEnd",2013-06-14
"http://dbpedia.org/property/termEnd",2024-02-24
"http://dbpedia.org/property/termEnd",2023-09-17
"http://dbpedia.org/property/termEnd","May 2011"
"http://dbpedia.org/property/termStart",2016-12-07
"http://dbpedia.org/property/termStart",1912
"http://dbpedia.org/property/termStart",2024-11-11
"http://dbpedia.org/property/termStart",2013-05-05
"http://dbpedia.org/property/termStart",2025-01-21
"http://dbpedia.org/property/termStart",1832
"http://dbpedia.org/property/termStart",1835
"http://dbpedia.org/property/termStart",2018-01-30
"http://dbpedia.org/property/termStart",1873
"http://dbpedia.org/property/termStart",2005-02-23
"http://dbpedia.org/property/termStart","November, 2013"
"http://dbpedia.org/property/termStart",2007
"http://dbpedia.org/property/termStart","May 2011"
"http://dbpedia.org/property/title","http://dbpedia.org/resource/Minister_of_Health_of_Botswana"
"http://dbpedia.org/property/title","External media"
"http://dbpedia.org/property/title","http://dbpedia.org/resource/Deputy_Minister_of_Agriculture,_Irrigation_and_Food_Security_of_Malawi"
"http://dbpedia.org/property/title","http://dbpedia.org/resource/Minister_of_Public_Health_and_HIV/Aids_fight_of_Burundi"
"http://dbpedia.org/property/title","http://dbpedia.org/resource/Minister_of_Home_affairs_and_internal_security_of_Malawi"
"http://dbpedia.org/property/title","http://dbpedia.org/resource/Minister_of_Commerce,_Industry_and_Tourism_of_Burundi"
"http://dbpedia.org/property/website","https://mooreforak.com/"
"http://dbpedia.org/property/website","https://www.ernstwandfluh.ch/%7COfficial"
"http://dbpedia.org/property/website","https://www.parlament.ch/de/biografie/ernst-wandfluh/10834%7CParliament"
"http://dbpedia.org/property/nationality","http://dbpedia.org/resource/Osage_Nation"
"http://dbpedia.org/property/votes",359
"http://dbpedia.org/property/votes",508
"http://dbpedia.org/property/votes",608
"http://dbpedia.org/property/votes",727
"http://dbpedia.org/property/votes",2202
"http://dbpedia.org/property/candidate","http://dbpedia.org/resource/Jesse_Sumner_(politician)"
"http://dbpedia.org/property/candidate","Jessica Wright"
"http://dbpedia.org/property/candidate","Elexie Moore"
"http://dbpedia.org/property/candidate","Steve Menard"
"http://dbpedia.org/property/percentage",16.3
"http://dbpedia.org/property/percentage",23.1
"http://dbpedia.org/property/percentage",27.6
"http://dbpedia.org/property/percentage",33
"http://dbpedia.org/property/birthName","Elijah Funk Pennypacker"
"http://dbpedia.org/property/birthName","Ernst Wandfluh"
"http://www.w3.org/ns/prov#wasDerivedFrom","http://en.wikipedia.org/wiki/Eddie_D._Moore?oldid=1283333867&ns=0"
"http://www.w3.org/ns/prov#wasDerivedFrom","http://en.wikipedia.org/wiki/Edith_Tucker?oldid=1260677194&ns=0"
"http://www.w3.org/ns/prov#wasDerivedFrom","http://en.wikipedia.org/wiki/Edward_George_Broadrick?oldid=1263993692&ns=0"
"http://www.w3.org/ns/prov#wasDerivedFrom","http://en.wikipedia.org/wiki/Edward_Red_Eagle?oldid=1230222447&ns=0"
"http://www.w3.org/ns/prov#wasDerivedFrom","http://en.wikipedia.org/wiki/Edwin_Dikoloti?oldid=1301489577&ns=0"
"http://www.w3.org/ns/prov#wasDerivedFrom","http://en.wikipedia.org/wiki/Edwin_Gorataone_Dikoloti?oldid=1287472345&ns=0"
"http://www.w3.org/ns/prov#wasDerivedFrom","http://en.wikipedia.org/wiki/Edwin_Jack_Bosi?oldid=1312358603&ns=0"
"http://www.w3.org/ns/prov#wasDerivedFrom","http://en.wikipedia.org/wiki/Elexie_Moore?oldid=1300668878&ns=0"
"http://www.w3.org/ns/prov#wasDerivedFrom","http://en.wikipedia.org/wiki/Elijah_F._Pennypacker?oldid=1293693859&ns=0"
"http://www.w3.org/ns/prov#wasDerivedFrom","http://en.wikipedia.org/wiki/Elinda_C.A._Mohammad?oldid=1296306488&ns=0"
"http://www.w3.org/ns/prov#wasDerivedFrom","http://en.wikipedia.org/wiki/Elisha_W._Baily?oldid=1261745489&ns=0"
"http://www.w3.org/ns/prov#wasDerivedFrom","http://en.wikipedia.org/wiki/Elizabeth_Aipira?oldid=1299918088&ns=0"
"http://www.w3.org/ns/prov#wasDerivedFrom","http://en.wikipedia.org/wiki/Elvena_Lloyd-Duffie?oldid=1304940637&ns=0"
"http://www.w3.org/ns/prov#wasDerivedFrom","http://en.wikipedia.org/wiki/Emily_Phillips?oldid=1300652060&ns=0"
"http://www.w3.org/ns/prov#wasDerivedFrom","http://en.wikipedia.org/wiki/Emmanuel_Gikoro?oldid=1298812706&ns=0"
"http://www.w3.org/ns/prov#wasDerivedFrom","http://en.wikipedia.org/wiki/Ephraim_L._Van_Winkle?oldid=1288482618&ns=0"
"http://www.w3.org/ns/prov#wasDerivedFrom","http://en.wikipedia.org/wiki/Ereck_Gono?oldid=1308319117&ns=0"
"http://www.w3.org/ns/prov#wasDerivedFrom","http://en.wikipedia.org/wiki/Eric_Mays?oldid=1310189380&ns=0"
"http://www.w3.org/ns/prov#wasDerivedFrom","http://en.wikipedia.org/wiki/Ernest_Malenga?oldid=1276664911&ns=0"
"http://www.w3.org/ns/prov#wasDerivedFrom","http://en.wikipedia.org/wiki/Ernst_Wandfluh?oldid=1260273921&ns=0"
"http://www.w3.org/ns/prov#wasDerivedFrom","http://en.wikipedia.org/wiki/Ethel_Cook?oldid=1262038143&ns=0"
"http://www.w3.org/ns/prov#wasDerivedFrom","http://en.wikipedia.org/wiki/Euphrasie_Bigirimana?oldid=1268780570&ns=0"
"http://dbpedia.org/property/caption","Sketch of Pennypacker in 1872"
"http://dbpedia.org/property/caption","Elvena Lloyd-Duffie in 1996"
"http://dbpedia.org/property/caption","Phillips in 2022"
"http://dbpedia.org/property/caption","Mays in 2014"
"http://dbpedia.org/property/children","http://dbpedia.org/resource/John_Red_Eagle"
"http://dbpedia.org/property/children",9
"http://dbpedia.org/property/image","A photographic portrait of Pennypacker, courtesy of Montgomery County Pennypacker Mills"
"http://dbpedia.org/property/parents","Mary Phillips"
"http://dbpedia.org/property/parents","Micajah Van Winkle"
"http://dbpedia.org/property/width",250
"http://dbpedia.org/property/topic","Media links for Elijah Pennypacker"
"http://dbpedia.org/property/country","http://dbpedia.org/resource/United_States"
"http://dbpedia.org/property/imageName","Edward George Broadwick c.1906.png"
"http://dbpedia.org/property/majority",7287
"http://dbpedia.org/property/constituencyAm","http://dbpedia.org/resource/Kapayan"
"http://dbpedia.org/property/term",0001-06-01
"http://dbpedia.org/property/district","Coos 5th"
"http://dbpedia.org/property/district",28
"http://dbpedia.org/property/preceded","http://dbpedia.org/resource/Daniel_C._Wickliffe"
"http://dbpedia.org/property/preceded","Walter E. Hall"
"http://dbpedia.org/property/succeeded","http://dbpedia.org/resource/John_S._Van_Winkle"
"http://dbpedia.org/property/succeeded","James C. Belshe"
"http://dbpedia.org/property/video","A video biography of Pennypacker, from Timeless Tales of Phoenixville"
"http://dbpedia.org/property/termend",1856-08-04
"http://dbpedia.org/property/termend",1866-05-23
"http://dbpedia.org/property/termstart",1855-08-06
"http://dbpedia.org/property/termstart",1863-09-01
"http://xmlns.com/foaf/0.1/isPrimaryTopicOf","http://en.wikipedia.org/wiki/Eddie_D._Moore"
"http://xmlns.com/foaf/0.1/isPrimaryTopicOf","http://en.wikipedia.org/wiki/Edith_Tucker"
"http://xmlns.com/foaf/0.1/isPrimaryTopicOf","http://en.wikipedia.org/wiki/Edward_George_Broadrick"
"http://xmlns.com/foaf/0.1/isPrimaryTopicOf","http://en.wikipedia.org/wiki/Edward_Red_Eagle"
"http://xmlns.com/foaf/0.1/isPrimaryTopicOf","http://en.wikipedia.org/wiki/Edwin_Dikoloti"
"http://xmlns.com/foaf/0.1/isPrimaryTopicOf","http://en.wikipedia.org/wiki/Edwin_Gorataone_Dikoloti"
"http://xmlns.com/foaf/0.1/isPrimaryTopicOf","http://en.wikipedia.org/wiki/Edwin_Jack_Bosi"
"http://xmlns.com/foaf/0.1/isPrimaryTopicOf","http://en.wikipedia.org/wiki/Elexie_Moore"
"http://xmlns.com/foaf/0.1/isPrimaryTopicOf","http://en.wikipedia.org/wiki/Elijah_F._Pennypacker"
"http://xmlns.com/foaf/0.1/isPrimaryTopicOf","http://en.wikipedia.org/wiki/Elinda_C.A._Mohammad"
"http://xmlns.com/foaf/0.1/isPrimaryTopicOf","http://en.wikipedia.org/wiki/Elisha_W._Baily"
"http://xmlns.com/foaf/0.1/isPrimaryTopicOf","http://en.wikipedia.org/wiki/Elizabeth_Aipira"
"http://xmlns.com/foaf/0.1/isPrimaryTopicOf","http://en.wikipedia.org/wiki/Elvena_Lloyd-Duffie"
"http://xmlns.com/foaf/0.1/isPrimaryTopicOf","http://en.wikipedia.org/wiki/Emily_Phillips"
"http://xmlns.com/foaf/0.1/isPrimaryTopicOf","http://en.wikipedia.org/wiki/Emmanuel_Gikoro"
"http://xmlns.com/foaf/0.1/isPrimaryTopicOf","http://en.wikipedia.org/wiki/Ephraim_L._Van_Winkle"
"http://xmlns.com/foaf/0.1/isPrimaryTopicOf","http://en.wikipedia.org/wiki/Ereck_Gono"
"http://xmlns.com/foaf/0.1/isPrimaryTopicOf","http://en.wikipedia.org/wiki/Eric_Mays"
"http://xmlns.com/foaf/0.1/isPrimaryTopicOf","http://en.wikipedia.org/wiki/Ernest_Malenga"
"http://xmlns.com/foaf/0.1/isPrimaryTopicOf","http://en.wikipedia.org/wiki/Ernst_Wandfluh"
"http://xmlns.com/foaf/0.1/isPrimaryTopicOf","http://en.wikipedia.org/wiki/Ethel_Cook"
"http://xmlns.com/foaf/0.1/isPrimaryTopicOf","http://en.wikipedia.org/wiki/Euphrasie_Bigirimana"
"http://www.w3.org/2000/01/rdf-schema#seeAlso","http://dbpedia.org/resource/State_of_Palestine"
"http://www.w3.org/2000/01/rdf-schema#seeAlso","http://dbpedia.org/resource/COVID-19_pandemic"
"http://xmlns.com/foaf/0.1/name","Evan Evans"
"http://xmlns.com/foaf/0.1/name","Evan Power"
"http://xmlns.com/foaf/0.1/name","Eylin Kalonga"
"http://xmlns.com/foaf/0.1/name","F. Rodingliana"
"http://xmlns.com/foaf/0.1/name","Fayeq Abdel Raouf Al-Mabhouh"
"http://xmlns.com/foaf/0.1/name","Fazna Shakir"
"http://xmlns.com/foaf/0.1/name","Ferdinand Nderagakura"
"http://xmlns.com/foaf/0.1/name","Ferdinand Ouedraogo"
"http://xmlns.com/foaf/0.1/name","Feroze Jamal Shah Kakakhel"
"http://xmlns.com/foaf/0.1/name","FitawrariQolech"
"http://xmlns.com/foaf/0.1/name","Flamenga Chelewani"
"http://xmlns.com/foaf/0.1/name","Francine G. McNairy"
"http://xmlns.com/foaf/0.1/name","Frank Clark Jr."
"http://xmlns.com/foaf/0.1/name","Frank D. Upchurch"
"http://xmlns.com/foaf/0.1/name","Frank Elmer Baldwin"
"http://xmlns.com/foaf/0.1/name","Frank Ovie Kokori"
"http://xmlns.com/foaf/0.1/name","Frank Mba"
"http://xmlns.com/foaf/0.1/name","Franklin G. Torr"
"http://xmlns.com/foaf/0.1/name","François Singayimiheto"
"http://xmlns.com/foaf/0.1/name","Françoise Kemp"
"http://www.w3.org/2000/01/rdf-schema#label","Evan Evans (Pennsylvania politician)"
"http://www.w3.org/2000/01/rdf-schema#label","Evan Power"
"http://www.w3.org/2000/01/rdf-schema#label","Eylin Kalonga"
"http://www.w3.org/2000/01/rdf-schema#label","F. Rodingliana"
"http://www.w3.org/2000/01/rdf-schema#label","Faiq Al-Mabhouh"
"http://www.w3.org/2000/01/rdf-schema#label","Farid Raphaël"
"http://www.w3.org/2000/01/rdf-schema#label","Fayeeza Kathree-Setiloane"
"http://www.w3.org/2000/01/rdf-schema#label","Fazna Shakir"
"http://www.w3.org/2000/01/rdf-schema#label","Ferdinand Nderagakura"
"http://www.w3.org/2000/01/rdf-schema#label","Ferdinand Ouedraogo"
"http://www.w3.org/2000/01/rdf-schema#label","Feroze Jamal Shah Kakakhel"
"http://www.w3.org/2000/01/rdf-schema#label","Fikile Mokgohloa"
"http://www.w3.org/2000/01/rdf-schema#label","Fitawrari Qolech"
"http://www.w3.org/2000/01/rdf-schema#label","Flamenga Chelewani"
"http://www.w3.org/2000/01/rdf-schema#label","Francine G. McNairy"
"http://www.w3.org/2000/01/rdf-schema#label","Frank Clark Jr."
"http://www.w3.org/2000/01/rdf-schema#label","Frank D. Upchurch"
"http://www.w3.org/2000/01/rdf-schema#label","Frank E. Baldwin"
"http://www.w3.org/2000/01/rdf-schema#label","Frank Kokori"
"http://www.w3.org/2000/01/rdf-schema#label","Frank Mba (police officer)"
"http://www.w3.org/2000/01/rdf-schema#label","Franklin G. Torr"
"http://www.w3.org/2000/01/rdf-schema#label","François Singayimiheto"
"http://www.w3.org/2000/01/rdf-schema#label","Françoise Kemp"
"http://dbpedia.org/ontology/deathPlace","http://dbpedia.org/resource/Rimal"
"http://dbpedia.org/ontology/deathPlace","http://dbpedia.org/resource/Ethiopian_Empire"
"http://dbpedia.org/ontology/deathPlace","http://dbpedia.org/resource/Harar"
"http://dbpedia.org/ontology/deathPlace","http://dbpedia.org/resource/Austin,_Pennsylvania"
"http://dbpedia.org/property/deathPlace","Rimal,"
"http://dbpedia.org/property/deathPlace","http://dbpedia.org/resource/Ethiopian_Empire"
"http://dbpedia.org/property/deathPlace","http://dbpedia.org/resource/Harar"
"http://dbpedia.org/property/deathPlace","http://dbpedia.org/resource/Austin,_Pennsylvania"
"http://dbpedia.org/ontology/deathDate",1823-07-16
"http://dbpedia.org/ontology/deathDate",2024-03-18
"http://dbpedia.org/ontology/deathDate",1986-06-02
"http://dbpedia.org/ontology/deathDate",1943-08-04
"http://dbpedia.org/ontology/deathDate",2023-08-03
"http://dbpedia.org/ontology/birthPlace","http://dbpedia.org/resource/Upper_Uwchlan_Township,_Pennsylvania"
"http://dbpedia.org/ontology/birthPlace","http://dbpedia.org/resource/Nashville,_Tennessee"
"http://dbpedia.org/ontology/birthPlace","http://dbpedia.org/resource/Israeli_occupation_of_the_Gaza_Strip"
"http://dbpedia.org/ontology/birthPlace","http://dbpedia.org/resource/Jabalia_refugee_camp"
"http://dbpedia.org/ontology/birthPlace","http://dbpedia.org/resource/Dlebta"
"http://dbpedia.org/ontology/birthPlace","http://dbpedia.org/resource/South_Africa"
"http://dbpedia.org/ontology/birthPlace","http://dbpedia.org/resource/Durban"
"http://dbpedia.org/ontology/birthPlace","http://dbpedia.org/resource/Burkina_Faso"
"http://dbpedia.org/ontology/birthPlace","http://dbpedia.org/resource/Pretoria"
"http://dbpedia.org/ontology/birthPlace","http://dbpedia.org/resource/Harar"
"http://dbpedia.org/ontology/birthPlace","http://dbpedia.org/resource/Otto_Township,_Pennsylvania"
"http://dbpedia.org/ontology/birthPlace","http://dbpedia.org/resource/Lagos"
"http://dbpedia.org/property/birthPlace","Upper Uwchlan Township, Pennsylvania, U.S."
"http://dbpedia.org/property/birthPlace","Nashville, Tennessee, U.S."
"http://dbpedia.org/property/birthPlace","http://dbpedia.org/resource/Israeli_occupation_of_the_Gaza_Strip"
"http://dbpedia.org/property/birthPlace","http://dbpedia.org/resource/Jabalia_refugee_camp"
"http://dbpedia.org/property/birthPlace","Dlebta, Lebanon"
"http://dbpedia.org/property/birthPlace","http://dbpedia.org/resource/South_Africa"
"http://dbpedia.org/property/birthPlace","http://dbpedia.org/resource/Durban"
"http://dbpedia.org/property/birthPlace","http://dbpedia.org/resource/Burkina_Faso"
"http://dbpedia.org/property/birthPlace","http://dbpedia.org/resource/Pretoria"
"http://dbpedia.org/property/birthPlace","http://dbpedia.org/resource/Harar"
"http://dbpedia.org/property/birthPlace","http://dbpedia.org/resource/Otto_Township,_Pennsylvania"
"http://dbpedia.org/property/birthPlace","http://dbpedia.org/resource/Lagos"
"http://dbpedia.org/ontology/birthDate",1981-11-15
"http://dbpedia.org/ontology/birthDate",1964-11-15
"http://dbpedia.org/ontology/birthDate",1968-12-18
"http://dbpedia.org/ontology/birthDate",1933-10-28
"http://dbpedia.org/ontology/birthDate",1965-08-19
"http://dbpedia.org/ontology/birthDate",1961-06-01
"http://dbpedia.org/ontology/birthDate",1894-02-25
"http://dbpedia.org/ontology/birthDate",1866-06-04
"http://dbpedia.org/ontology/birthDate",1930-04-16
"http://dbpedia.org/ontology/birthDate",1991-04-24
"http://purl.org/dc/terms/subject","http://dbpedia.org/resource/Category:Members_of_the_Pennsylvania_House_of_Representatives"
"http://purl.org/dc/terms/subject","http://dbpedia.org/resource/Category:1749_births"
"http://purl.org/dc/terms/subject","http://dbpedia.org/resource/Category:1823_deaths"
"http://purl.org/dc/terms/subject","http://dbpedia.org/resource/Category:18th-century_American_farmers"
"http://purl.org/dc/terms/subject","http://dbpedia.org/resource/Category:Pennsylvania_Federalists"
"http://purl.org/dc/terms/subject","http://dbpedia.org/resource/Category:18th-century_members_of_the_Pennsylvania_General_Assembly"
"http://purl.org/dc/terms/subject","http://dbpedia.org/resource/Category:People_from_Leon_County,_Florida"
"http://purl.org/dc/terms/subject","http://dbpedia.org/resource/Category:State_political_party_chairs_of_Florida"
"http://purl.org/dc/terms/subject","http://dbpedia.org/resource/Category:American_lobbyists"
"http://purl.org/dc/terms/subject","http://dbpedia.org/resource/Category:Florida_Republicans"
"http://purl.org/dc/terms/subject","http://dbpedia.org/resource/Category:Florida_State_University_alumni"
"http://purl.org/dc/terms/subject","http://dbpedia.org/resource/Category:2024_United_States_presidential_electors"
"http://purl.org/dc/terms/subject","http://dbpedia.org/resource/Category:21st-century_Florida_politicians"
"http://purl.org/dc/terms/subject","http://dbpedia.org/resource/Category:People_from_Jabalia_Camp"
"http://purl.org/dc/terms/subject","http://dbpedia.org/resource/Category:Hamas_members"
"http://purl.org/dc/terms/subject","http://dbpedia.org/resource/Category:Palestinian_police_officers"
"http://purl.org/dc/terms/subject","http://dbpedia.org/resource/Category:21st-century_police_officers"
"http://purl.org/dc/terms/subject","http://dbpedia.org/resource/Category:Military_personnel_killed_in_the_Israel–Hamas_war"
"http://purl.org/dc/terms/subject","http://dbpedia.org/resource/Category:Officers_of_the_Legion_of_Honour"
"http://purl.org/dc/terms/subject","http://dbpedia.org/resource/Category:People_of_the_Lebanese_Civil_War"
"http://purl.org/dc/terms/subject","http://dbpedia.org/resource/Category:2014_deaths"
"http://purl.org/dc/terms/subject","http://dbpedia.org/resource/Category:Saint_Joseph_University_alumni"
"http://purl.org/dc/terms/subject","http://dbpedia.org/resource/Category:Knights_of_the_Legion_of_Honour"
"http://purl.org/dc/terms/subject","http://dbpedia.org/resource/Category:Lebanese_Maronites"
"http://purl.org/dc/terms/subject","http://dbpedia.org/resource/Category:Finance_ministers_of_Lebanon"
"http://purl.org/dc/terms/subject","http://dbpedia.org/resource/Category:Justice_ministers_of_Lebanon"
"http://purl.org/dc/terms/subject","http://dbpedia.org/resource/Category:Lebanese_bankers"
"http://purl.org/dc/terms/subject","http://dbpedia.org/resource/Category:University_of_Lyon_alumni"
"http://purl.org/dc/terms/subject","http://dbpedia.org/resource/Category:People_from_Keserwan-Jbeil_Governorate"
"http://purl.org/dc/terms/subject","http://dbpedia.org/resource/Category:Independent_politicians_in_Lebanon"
"http://purl.org/dc/terms/subject","http://dbpedia.org/resource/Category:20th-century_Lebanese_businesspeople"
"http://purl.org/dc/terms/subject","http://dbpedia.org/resource/Category:21st-century_Lebanese_businesspeople"
"http://purl.org/dc/terms/subject","http://dbpedia.org/resource/Category:Communications_ministers_of_Lebanon"
"http://purl.org/dc/terms/subject","http://dbpedia.org/resource/Category:1965_births"
"http://purl.org/dc/terms/subject","http://dbpedia.org/resource/Category:South_African_Muslims"
"http://purl.org/dc/terms/subject","http://dbpedia.org/resource/Category:South_African_people_of_Indian_descent"
"http://purl.org/dc/terms/subject","http://dbpedia.org/resource/Category:People_from_Durban"
"http://purl.org/dc/terms/subject","http://dbpedia.org/resource/Category:Academic_staff_of_the_University_of_the_Western_Cape"
"http://purl.org/dc/terms/subject","http://dbpedia.org/resource/Category:Government_ministers_of_Burkina_Faso"
"http://purl.org/dc/terms/subject","http://dbpedia.org/resource/Category:21st-century_Burkinabe_politicians"
"http://purl.org/dc/terms/subject","http://dbpedia.org/resource/Category:Council_of_ministers_of_Burkina_Faso"
"http://purl.org/dc/terms/subject","http://dbpedia.org/resource/Category:Burkinabe_diplomats"
"http://purl.org/dc/terms/subject","http://dbpedia.org/resource/Category:People_from_Khyber_Pakhtunkhwa"
"http://purl.org/dc/terms/subject","http://dbpedia.org/resource/Category:Government_ministers_of_Pakistan"
"http://purl.org/dc/terms/subject","http://dbpedia.org/resource/Category:1961_births"
"http://purl.org/dc/terms/subject","http://dbpedia.org/resource/Category:North-West_University_alumni"
"http://purl.org/dc/terms/subject","http://dbpedia.org/resource/Category:21st-century_South_African_women_judges"
"http://purl.org/dc/terms/subject","http://dbpedia.org/resource/Category:Judges_of_the_KwaZulu-Natal_High_Court"
"http://purl.org/dc/terms/subject","http://dbpedia.org/resource/Category:Judges_of_the_Limpopo_High_Court"
"http://purl.org/dc/terms/subject","http://dbpedia.org/resource/Category:Solomonic_dynasty"
"http://purl.org/dc/terms/subject","http://dbpedia.org/resource/Category:19th-century_Ethiopian_people"
"http://purl.org/dc/terms/subject","http://dbpedia.org/resource/Category:Deaths_from_typhus"
"http://purl.org/dc/terms/subject","http://dbpedia.org/resource/Category:20th-century_Ethiopian_people"
"http://purl.org/dc/terms/subject","http://dbpedia.org/resource/Category:1852_births"
"http://purl.org/dc/terms/subject","http://dbpedia.org/resource/Category:Ethiopian_Oriental_Orthodox_Christians"
"http://purl.org/dc/terms/subject","http://dbpedia.org/resource/Category:Ethiopian_Orthodox_Christians"
"http://purl.org/dc/terms/subject","http://dbpedia.org/resource/Category:Ethiopian_Royal_Family"
"http://purl.org/dc/terms/subject","http://dbpedia.org/resource/Category:Ethiopian_princes"
"http://purl.org/dc/terms/subject","http://dbpedia.org/resource/Category:Honorary_Knights_Commander_of_the_Order_of_St_Michael_and_St_George"
"http://purl.org/dc/terms/subject","http://dbpedia.org/resource/Category:Oriental_Orthodox_monarchs"
"http://purl.org/dc/terms/subject","http://dbpedia.org/resource/Category:Social_work_scholars"
"http://purl.org/dc/terms/subject","http://dbpedia.org/resource/Category:University_of_Pittsburgh_alumni"
"http://purl.org/dc/terms/subject","http://dbpedia.org/resource/Category:American_women_social_scientists"
"http://purl.org/dc/terms/subject","http://dbpedia.org/resource/Category:21st-century_African-American_scientists"
"http://purl.org/dc/terms/subject","http://dbpedia.org/resource/Category:West_Chester_University_faculty"
"http://purl.org/dc/terms/subject","http://dbpedia.org/resource/Category:Millersville_University_of_Pennsylvania_faculty"
"http://purl.org/dc/terms/subject","http://dbpedia.org/resource/Category:21st-century_American_social_scientists"
"http://purl.org/dc/terms/subject","http://dbpedia.org/resource/Category:1986_deaths"
"http://purl.org/dc/terms/subject","http://dbpedia.org/resource/Category:People_from_Nassau_County,_Florida"
"http://purl.org/dc/terms/subject","http://dbpedia.org/resource/Category:People_from_St._Augustine,_Florida"
"http://purl.org/dc/terms/subject","http://dbpedia.org/resource/Category:1894_births"
"http://purl.org/dc/terms/subject","http://dbpedia.org/resource/Category:Dixiecrats"
"http://purl.org/dc/terms/subject","http://dbpedia.org/resource/Category:United_States_Marine_Corps_personnel_of_World_War_I"
"http://purl.org/dc/terms/subject","http://dbpedia.org/resource/Category:People_from_Charlton_County,_Georgia"
"http://purl.org/dc/terms/subject","http://dbpedia.org/resource/Category:1943_deaths"
"http://purl.org/dc/terms/subject","http://dbpedia.org/resource/Category:People_from_McKean_County,_Pennsylvania"
"http://purl.org/dc/terms/subject","http://dbpedia.org/resource/Category:People_from_Potter_County,_Pennsylvania"
"http://purl.org/dc/terms/subject","http://dbpedia.org/resource/Category:St._Bonaventure_University_alumni"
"http://purl.org/dc/terms/subject","http://dbpedia.org/resource/Category:University_of_Michigan_Law_School_alumni"
"http://purl.org/dc/terms/subject","http://dbpedia.org/resource/Category:Presidents_pro_tempore_of_the_Pennsylvania_Senate"
"http://purl.org/dc/terms/subject","http://dbpedia.org/resource/Category:1866_births"
"http://purl.org/dc/terms/subject","http://dbpedia.org/resource/Category:Pennsylvania_Republicans"
"http://purl.org/dc/terms/subject","http://dbpedia.org/resource/Category:Pennsylvania_auditors_general"
"http://purl.org/dc/terms/subject","http://dbpedia.org/resource/Category:Republican_Party_Pennsylvania_state_senators"
"http://purl.org/dc/terms/subject","http://dbpedia.org/resource/Category:20th-century_members_of_the_Pennsylvania_General_Assembly"
"http://purl.org/dc/terms/subject","http://dbpedia.org/resource/Category:1944_births"
"http://purl.org/dc/terms/subject","http://dbpedia.org/resource/Category:Nigerian_activists"
"http://purl.org/dc/terms/subject","http://dbpedia.org/resource/Category:Harvard_University_alumni"
"http://purl.org/dc/terms/subject","http://dbpedia.org/resource/Category:Alumni_of_the_University_of_Dundee"
"http://purl.org/dc/terms/subject","http://dbpedia.org/resource/Category:People_from_Enugu"
"http://purl.org/dc/terms/subject","http://dbpedia.org/resource/Category:Nigerian_police_officers"
"http://purl.org/dc/terms/subject","http://dbpedia.org/resource/Category:FBI_National_Academy_graduates"
"http://purl.org/dc/terms/subject","http://dbpedia.org/resource/Category:Nigerian_lawyers"
"http://purl.org/dc/terms/subject","http://dbpedia.org/resource/Category:Nigerian_Law_School_alumni"
"http://purl.org/dc/terms/subject","http://dbpedia.org/resource/Category:Nigerian_police_chiefs"
"http://purl.org/dc/terms/subject","http://dbpedia.org/resource/Category:University_of_Lagos_alumni"
"http://purl.org/dc/terms/subject","http://dbpedia.org/resource/Category:Governors_of_provinces_of_Burundi"
"http://purl.org/dc/terms/subject","http://dbpedia.org/resource/Category:People_from_Kirundo_Province"
"http://purl.org/dc/terms/subject","http://dbpedia.org/resource/Category:Members_of_the_Chamber_of_Deputies_(Luxembourg)_from_Sud"
"http://purl.org/dc/terms/subject","http://dbpedia.org/resource/Category:Christian_Social_People's_Party_politicians"
"http://purl.org/dc/terms/subject","http://dbpedia.org/resource/Category:21st-century_Luxembourgian_women_politicians"
"http://dbpedia.org/ontology/description","American politician (1849–1823)"
"http://dbpedia.org/ontology/description","American lobbyist"
"http://dbpedia.org/ontology/description","Palestinian police officer"
"http://dbpedia.org/ontology/description","لواء"
"http://dbpedia.org/ontology/description","Lebanese banker and politician (1933–2014)"
"http://dbpedia.org/ontology/description","Maldives politician"
"http://dbpedia.org/ontology/description","Burkina Faso politician"
"http://dbpedia.org/ontology/description","Pakistani poliitik"
"http://dbpedia.org/ontology/description","politician pakistanez"
"http://dbpedia.org/ontology/description","político pakistaní"
"http://dbpedia.org/ontology/description","Pakistani politician"
"http://dbpedia.org/ontology/description","homme politique pakistanais"
"http://dbpedia.org/ontology/description","politikan pakistanez"
"http://dbpedia.org/ontology/description","polític pakistanès"
"http://dbpedia.org/ontology/description","político paquistaní"
"http://dbpedia.org/ontology/description","পাকিস্তানি রাজনীতিবিদ"
"http://dbpedia.org/ontology/description","пакистанський політик"
"http://dbpedia.org/ontology/description","פוליטיקאי פקיסטני"
"http://dbpedia.org/ontology/description","سياسي باكستاني"
"http://dbpedia.org/ontology/description","Ethiopian army commander in the Ethiopian Empire"
"http://dbpedia.org/ontology/description","American politician (1866–1943)"
"http://dbpedia.org/ontology/description","سياسي أمريكي (1866–1943)"
"http://dbpedia.org/ontology/description","Nigerian author and political activist"
"http://dbpedia.org/ontology/description","Nigerian deputy inspector-general of police"
"http://dbpedia.org/ontology/description","lëtzebuergesch Politikerin"
"http://dbpedia.org/ontology/description","luxembourgish politician (born 1991)"
"http://dbpedia.org/property/name","Evan Evans"
"http://dbpedia.org/property/name","Evan Power"
"http://dbpedia.org/property/name","Eylin Kalonga"
"http://dbpedia.org/property/name","F. Rodingliana"
"http://dbpedia.org/property/name","Fayeq Abdel Raouf Al-Mabhouh"
"http://dbpedia.org/property/name","Fazna Shakir"
"http://dbpedia.org/property/name","Ferdinand Nderagakura"
"http://dbpedia.org/property/name","Ferdinand Ouedraogo"
"http://dbpedia.org/property/name","Feroze Jamal Shah Kakakhel"
"http://dbpedia.org/property/name","Fitawrari Qolech"
"http://dbpedia.org/property/name","Flamenga Chelewani"
"http://dbpedia.org/property/name","Francine G. McNairy"
"http://dbpedia.org/property/name","Frank Clark Jr."
"http://dbpedia.org/property/name","Frank D. Upchurch"
"http://dbpedia.org/property/name","Frank Elmer Baldwin"
"http://dbpedia.org/property/name","Frank Ovie Kokori"
"http://dbpedia.org/property/name","Frank Mba"
"http://dbpedia.org/property/name","Franklin G. Torr"
"http://dbpedia.org/property/name","François Singayimiheto"
"http://dbpedia.org/property/name","Françoise Kemp"
"http://xmlns.com/foaf/0.1/depiction","http://commons.wikimedia.org/wiki/Special:FilePath/Hamas_Emblem_Flag_White_Variant_with_Colored_Emblem.svg"
"http://xmlns.com/foaf/0.1/depiction","http://commons.wikimedia.org/wiki/Special:FilePath/Emblem_of_the_Palestinian_Civil_Police_Force.png"
"http://xmlns.com/foaf/0.1/depiction","http://commons.wikimedia.org/wiki/Special:FilePath/Coat_of_arms_of_Palestine_(alternative).svg"
"http://xmlns.com/foaf/0.1/depiction","http://commons.wikimedia.org/wiki/Special:FilePath/Fitawrari_Qolech.jpg"
"http://xmlns.com/foaf/0.1/depiction","http://commons.wikimedia.org/wiki/Special:FilePath/Fitawrari_Qolech_Group.jpg"
"http://xmlns.com/foaf/0.1/depiction","http://commons.wikimedia.org/wiki/Special:FilePath/Frank_D._Upchurch.jpg"
"http://xmlns.com/foaf/0.1/depiction","http://commons.wikimedia.org/wiki/Special:FilePath/DIG_Frank_Mba.jpg"
"http://dbpedia.org/property/almaMater","Georgetown University Law Center"
"http://dbpedia.org/property/almaMater","University of Natal"
"http://dbpedia.org/property/almaMater","http://dbpedia.org/resource/Cardiff_University"
"http://dbpedia.org/property/almaMater","http://dbpedia.org/resource/Lincoln's_Inn"
"http://dbpedia.org/property/almaMater","http://dbpedia.org/resource/North-West_University"
"http://dbpedia.org/property/almaMater","http://dbpedia.org/resource/Penn_West_Clarion"
"http://dbpedia.org/property/almaMater","http://dbpedia.org/resource/West_Chester_University"
"http://dbpedia.org/property/almaMater","Millersville University of Pennsylvania"
"http://dbpedia.org/property/almaMater","http://dbpedia.org/resource/University_of_Dundee"
"http://dbpedia.org/property/almaMater","http://dbpedia.org/resource/Nigerian_Law_School"
"http://dbpedia.org/property/almaMater","http://dbpedia.org/resource/University_of_Lagos"
"http://dbpedia.org/property/awards","http://dbpedia.org/resource/Legion_of_Honour"
"http://dbpedia.org/property/father","F. Kapsanga"
"http://dbpedia.org/ontology/almaMater","http://dbpedia.org/resource/Georgetown_University_Law_Center"
"http://dbpedia.org/ontology/almaMater","http://dbpedia.org/resource/Lincoln's_Inn"
"http://dbpedia.org/ontology/almaMater","http://dbpedia.org/resource/North-West_University"
"http://dbpedia.org/ontology/almaMater","http://dbpedia.org/resource/Penn_West_Clarion"
"http://dbpedia.org/ontology/almaMater","http://dbpedia.org/resource/West_Chester_University"
"http://dbpedia.org/ontology/almaMater","http://dbpedia.org/resource/Millersville_University_of_Pennsylvania"
"http://dbpedia.org/ontology/almaMater","http://dbpedia.org/resource/University_of_Dundee"
"http://dbpedia.org/ontology/almaMater","http://dbpedia.org/resource/Nigerian_Law_School"
"http://dbpedia.org/ontology/almaMater","http://dbpedia.org/resource/University_of_Lagos"
"http://dbpedia.org/ontology/birthName","Farid Élias Raphaël"
"http://dbpedia.org/ontology/child","http://dbpedia.org/resource/Hamilton_D._Upchurch"
"http://dbpedia.org/ontology/deathCause","http://dbpedia.org/resource/Israel_Defense_Forces"
"http://dbpedia.org/ontology/education","http://dbpedia.org/resource/Master_of_Science"
"http://dbpedia.org/ontology/education","http://dbpedia.org/resource/Florida_State_University"
"http://dbpedia.org/ontology/education","http://dbpedia.org/resource/University_of_Pittsburgh"
"http://dbpedia.org/ontology/governor","http://dbpedia.org/resource/Gifford_Pinchot"
"http://dbpedia.org/ontology/governor","http://dbpedia.org/resource/George_Howard_Earle_III"
"http://dbpedia.org/ontology/militaryService","http://dbpedia.org/resource/Faiq_Al-Mabhouh__MilitaryService__1"
"http://dbpedia.org/ontology/militaryService","http://dbpedia.org/resource/Fitawrari_Qolech__MilitaryService__1"
"http://dbpedia.org/ontology/occupation","http://dbpedia.org/resource/Lawyer"
"http://dbpedia.org/ontology/occupation","http://dbpedia.org/resource/Police_officer"
"http://dbpedia.org/ontology/office","Member of thePennsylvania State Senatefrom the25th district"
"http://dbpedia.org/ontology/orderInOffice","33rdAuditor General of Pennsylvania"
"http://dbpedia.org/ontology/orderInOffice","SDP national financial secretary"
"http://dbpedia.org/ontology/originalName","فائق عبد الرؤوف المبحوح"
"http://dbpedia.org/ontology/party","http://dbpedia.org/resource/Federalist_Party"
"http://dbpedia.org/ontology/party","http://dbpedia.org/resource/Hamas"
"http://dbpedia.org/ontology/party","http://dbpedia.org/resource/People's_Movement_for_Progress"
"http://dbpedia.org/ontology/relation","http://dbpedia.org/resource/Lewis_H._Evans"
"http://dbpedia.org/ontology/relation","http://dbpedia.org/resource/Tracy_W._Upchurch"
"http://dbpedia.org/ontology/residence","http://dbpedia.org/resource/St._Augustine,_Florida"
"http://dbpedia.org/ontology/restingPlace","http://dbpedia.org/resource/Dlebta"
"http://dbpedia.org/ontology/spouse","http://dbpedia.org/resource/Ann_M._Torr"
"http://dbpedia.org/ontology/successor","http://dbpedia.org/resource/Warren_R._Roberts"
"http://dbpedia.org/ontology/termPeriod","http://dbpedia.org/resource/Evan_Evans_(Pennsylvania_politician)__Tenure__1"
"http://dbpedia.org/ontology/termPeriod","http://dbpedia.org/resource/Evan_Power__Tenure__1"
"http://dbpedia.org/ontology/termPeriod","http://dbpedia.org/resource/Eylin_Kalonga__Tenure__1"
"http://dbpedia.org/ontology/termPeriod","http://dbpedia.org/resource/F._Rodingliana__Tenure__1"
"http://dbpedia.org/ontology/termPeriod","http://dbpedia.org/resource/Faiq_Al-Mabhouh__Tenure__1"
"http://dbpedia.org/ontology/termPeriod","http://dbpedia.org/resource/Farid_Raphaël__Tenure__1"
"http://dbpedia.org/ontology/termPeriod","http://dbpedia.org/resource/Farid_Raphaël__Tenure__2"
"http://dbpedia.org/ontology/termPeriod","http://dbpedia.org/resource/Farid_Raphaël__Tenure__3"
"http://dbpedia.org/ontology/termPeriod","http://dbpedia.org/resource/Fayeeza_Kathree-Setiloane__Tenure__1"
"http://dbpedia.org/ontology/termPeriod","http://dbpedia.org/resource/Fayeeza_Kathree-Setiloane__Tenure__2"
"http://dbpedia.org/ontology/termPeriod","http://dbpedia.org/resource/Ferdinand_Nderagakura__Tenure__1"
"http://dbpedia.org/ontology/termPeriod","http://dbpedia.org/resource/Ferdinand_Ouedraogo__Tenure__1"
"http://dbpedia.org/ontology/termPeriod","http://dbpedia.org/resource/Feroze_Jamal_Shah_Kakakhel__Tenure__1"
"http://dbpedia.org/ontology/termPeriod","http://dbpedia.org/resource/Feroze_Jamal_Shah_Kakakhel__Tenure__2"
"http://dbpedia.org/ontology/termPeriod","http://dbpedia.org/resource/Fikile_Mokgohloa__Tenure__1"
"http://dbpedia.org/ontology/termPeriod","http://dbpedia.org/resource/Fikile_Mokgohloa__Tenure__2"
"http://dbpedia.org/ontology/termPeriod","http://dbpedia.org/resource/Fikile_Mokgohloa__Tenure__3"
"http://dbpedia.org/ontology/termPeriod","http://dbpedia.org/resource/Fikile_Mokgohloa__Tenure__4"
"http://dbpedia.org/ontology/termPeriod","http://dbpedia.org/resource/Flamenga_Chelewani__Tenure__1"
"http://dbpedia.org/ontology/termPeriod","http://dbpedia.org/resource/Francine_G._McNairy__Tenure__1"
"http://dbpedia.org/ontology/termPeriod","http://dbpedia.org/resource/Frank_Clark_Jr.__Tenure__1"
"http://dbpedia.org/ontology/termPeriod","http://dbpedia.org/resource/Frank_D._Upchurch__Tenure__1"
"http://dbpedia.org/ontology/termPeriod","http://dbpedia.org/resource/Frank_Mba_(police_officer)__Tenure__1"
"http://dbpedia.org/ontology/termPeriod","http://dbpedia.org/resource/Franklin_G._Torr__Tenure__1"
"http://dbpedia.org/ontology/termPeriod","http://dbpedia.org/resource/Franklin_G._Torr__Tenure__2"
"http://dbpedia.org/ontology/termPeriod","http://dbpedia.org/resource/Franklin_G._Torr__Tenure__3"
"http://dbpedia.org/ontology/termPeriod","http://dbpedia.org/resource/Franklin_G._Torr__Tenure__4"
"http://dbpedia.org/ontology/termPeriod","http://dbpedia.org/resource/François_Singayimiheto__Tenure__1"
"http://dbpedia.org/ontology/thumbnail","http://commons.wikimedia.org/wiki/Special:FilePath/Hamas_Emblem_Flag_White_Variant_with_Colored_Emblem.svg?width=300"
"http://dbpedia.org/ontology/thumbnail","http://commons.wikimedia.org/wiki/Special:FilePath/Fitawrari_Qolech.jpg?width=300"
"http://dbpedia.org/ontology/thumbnail","http://commons.wikimedia.org/wiki/Special:FilePath/Frank_D._Upchurch.jpg?width=300"
"http://dbpedia.org/ontology/thumbnail","http://commons.wikimedia.org/wiki/Special:FilePath/DIG_Frank_Mba.jpg?width=300"
"http://dbpedia.org/property/alongside","http://dbpedia.org/resource/Benjamin_Brannan"
"http://dbpedia.org/property/alongside","http://dbpedia.org/resource/David_Thomas_(Pennsylvania_politician)"
"http://dbpedia.org/property/alongside","http://dbpedia.org/resource/Edward_Jones_(Pennsylvania_politician)"
"http://dbpedia.org/property/alongside","http://dbpedia.org/resource/Henry_Hayes_(Pennsylvania_politician)"
"http://dbpedia.org/property/alongside","http://dbpedia.org/resource/James_Boyd_(Pennsylvania_politician)"
"http://dbpedia.org/property/alongside","http://dbpedia.org/resource/James_Moore_(Pennsylvania_politician)"
"http://dbpedia.org/property/alongside","http://dbpedia.org/resource/John_Culbertson_(Pennsylvania_politician)"
"http://dbpedia.org/property/alongside","http://dbpedia.org/resource/John_Lindsay_(Pennsylvania_politician)"
"http://dbpedia.org/property/alongside","http://dbpedia.org/resource/Patrick_Anderson_(Pennsylvania_politician)"
"http://dbpedia.org/property/alongside","http://dbpedia.org/resource/Richard_Willing"
"http://dbpedia.org/property/alongside","http://dbpedia.org/resource/Thomas_Maffat"
"http://dbpedia.org/property/alongside","http://dbpedia.org/resource/Thomas_Potts_(Pennsylvania_politician)"
"http://dbpedia.org/property/alongside","http://dbpedia.org/resource/Thomas_Strawbridge"
"http://dbpedia.org/property/alongside","http://dbpedia.org/resource/William_Harris_(Pennsylvania_politician)"
"http://dbpedia.org/property/alongside","http://dbpedia.org/resource/Joseph_Park_(politician)"
"http://dbpedia.org/property/alongside","http://dbpedia.org/resource/Thomas_Bull_(Pennsylvania_politician)"
"http://dbpedia.org/property/alongside","http://dbpedia.org/resource/John_Hannum_III"
"http://dbpedia.org/property/alongside","http://dbpedia.org/resource/Persifor_Frazer"
"http://dbpedia.org/property/wikiPageUsesTemplate","http://dbpedia.org/resource/Template:S-ppo"
"http://dbpedia.org/property/wikiPageUsesTemplate","http://dbpedia.org/resource/Template:Republican_State_Chairs"
"http://dbpedia.org/property/wikiPageUsesTemplate","http://dbpedia.org/resource/Template:Israel–Gaza_conflict"
"http://dbpedia.org/property/wikiPageUsesTemplate","http://dbpedia.org/resource/Template:Hamas_history"
"http://dbpedia.org/property/wikiPageUsesTemplate","http://dbpedia.org/resource/Template:Hamas"
"http://dbpedia.org/property/wikiPageUsesTemplate","http://dbpedia.org/resource/Template:Campaignbox_Gaza_war"
"http://dbpedia.org/property/wikiPageUsesTemplate","http://dbpedia.org/resource/Template:Gaza_war"
"http://dbpedia.org/property/wikiPageUsesTemplate","http://dbpedia.org/resource/Template:Israeli–Palestinian_conflict"
"http://dbpedia.org/property/wikiPageUsesTemplate","http://dbpedia.org/resource/Template:Palestine_topics"
"http://dbpedia.org/property/wikiPageUsesTemplate","http://dbpedia.org/resource/Template:Efn-ua"
"http://dbpedia.org/property/wikiPageUsesTemplate","http://dbpedia.org/resource/Template:Main"
"http://dbpedia.org/property/wikiPageUsesTemplate","http://dbpedia.org/resource/Template:Notelist-ua"
"http://dbpedia.org/property/wikiPageUsesTemplate","http://dbpedia.org/resource/Template:Pp-extended"
"http://dbpedia.org/property/wikiPageUsesTemplate","http://dbpedia.org/resource/Template:Spaces"
"http://dbpedia.org/property/wikiPageUsesTemplate","http://dbpedia.org/resource/Template:BurkinaFaso-politician-stub"
"http://dbpedia.org/property/wikiPageUsesTemplate","http://dbpedia.org/resource/Template:Pakistan-politician-stub"
"http://dbpedia.org/property/wikiPageUsesTemplate","http://dbpedia.org/resource/Template:Khoso_Cabinet"
"http://dbpedia.org/property/wikiPageUsesTemplate","http://dbpedia.org/resource/Template:Contains_special_characters"
"http://dbpedia.org/property/wikiPageUsesTemplate","http://dbpedia.org/resource/Template:Hatnote"
"http://dbpedia.org/property/wikiPageUsesTemplate","http://dbpedia.org/resource/Template:EthiopianPMs"
"http://dbpedia.org/property/wikiPageUsesTemplate","http://dbpedia.org/resource/Template:Citation"
"http://dbpedia.org/property/battles","* COVID-19 pandemic restrictions.
* Gaza war
** Siege of Gaza City
*** Siege of Al-Shifa Hospital
** Insurgency in the northern Gaza Strip
** Blockade of the Gaza Strip
** Israeli invasion of the Gaza Strip (2023–present)"
"http://dbpedia.org/property/battles","Menelik's Expansions

**Battle of Chelenqo
First Italo-Ethiopian War


**Battle of Amba Alagi
**Battle of Mekelle
**Battle of Adwa"
"http://dbpedia.org/property/birthDate","September 1749"
"http://dbpedia.org/property/birthDate",1981-11-15
"http://dbpedia.org/property/birthDate",1964-11-15
"http://dbpedia.org/property/birthDate",1968-12-18
"http://dbpedia.org/property/birthDate",1933-10-28
"http://dbpedia.org/property/birthDate",1965-08-19
"http://dbpedia.org/property/birthDate",1961-06-01
"http://dbpedia.org/property/birthDate","circa 1850"
"http://dbpedia.org/property/birthDate",1894-02-25
"http://dbpedia.org/property/birthDate",1866-06-04
"http://dbpedia.org/property/birthDate",1930-04-16
"http://dbpedia.org/property/citizenship","Nigeria"
"http://dbpedia.org/property/constituency","http://dbpedia.org/resource/Lengteng_Assembly_constituency"
"http://dbpedia.org/property/deathCause","Gunshot by IDF"
"http://dbpedia.org/property/deathDate",1823-07-16
"http://dbpedia.org/property/deathDate",2024-03-18
"http://dbpedia.org/property/deathDate",0001-09-01
"http://dbpedia.org/property/deathDate","circa 1930"
"http://dbpedia.org/property/deathDate",1986-06-02
"http://dbpedia.org/property/deathDate",1943-08-04
"http://dbpedia.org/property/deathDate",2023-08-03
"http://dbpedia.org/property/education","Florida State University"
"http://dbpedia.org/property/education","http://dbpedia.org/resource/University_of_Pittsburgh"
"http://dbpedia.org/property/education","http://dbpedia.org/resource/St._Bonaventure_University"
"http://dbpedia.org/property/education","http://dbpedia.org/resource/University_of_Michigan"
"http://dbpedia.org/property/education","University of Ibadan"
"http://dbpedia.org/property/governor","http://dbpedia.org/resource/Gifford_Pinchot"
"http://dbpedia.org/property/governor","http://dbpedia.org/resource/George_Howard_Earle_III"
"http://dbpedia.org/property/occupation","Banker"
"http://dbpedia.org/property/occupation","diplomat"
"http://dbpedia.org/property/occupation","court official"
"http://dbpedia.org/property/occupation","http://dbpedia.org/resource/Lawyer"
"http://dbpedia.org/property/occupation","http://dbpedia.org/resource/Police_officer"
"http://dbpedia.org/property/office","Chair of the Florida Republican Party"
"http://dbpedia.org/property/office","Deputy Minister of Industry, Science and Technology of Malawi"
"http://dbpedia.org/property/office","Director of Central Operations of the Palestinian Police in Gaza"
"http://dbpedia.org/property/office","http://dbpedia.org/resource/Ministry_of_Finance_(Lebanon)"
"http://dbpedia.org/property/office","http://dbpedia.org/resource/Ministry_of_Justice_(Lebanon)"
"http://dbpedia.org/property/office","http://dbpedia.org/resource/Ministry_of_Telecommunications_(Lebanon)"
"http://dbpedia.org/property/office","Minister of Agriculture and Livestock of Burundi"
"http://dbpedia.org/property/office","Chief of Staff of Burkina Faso"
"http://dbpedia.org/property/office","Khyber Pakhtunkhwa Minister for Information and Tourism"
"http://dbpedia.org/property/office","Federal Minister, Government of Pakistan"
"http://dbpedia.org/property/office","http://dbpedia.org/resource/Limpopo_Division"
"http://dbpedia.org/property/office","Deputy Minister of Natural Resources, Energy and Environment Affairs of Malawi"
"http://dbpedia.org/property/office",13
"http://dbpedia.org/property/office","from Alachua County"
"http://dbpedia.org/property/office","Member of the Florida Senate"
"http://dbpedia.org/property/office","from the 31st district"
"http://dbpedia.org/property/office","from Nassau County"
"http://dbpedia.org/property/office",33
"http://dbpedia.org/property/office","Member of the Pennsylvania State Senate from the 25th district"
"http://dbpedia.org/property/office","SDP national financial secretary"
"http://dbpedia.org/property/office","Deputy Inspector General of Police"
"http://dbpedia.org/property/office","Department of Training and Development"
"http://dbpedia.org/property/office","Member of the New Hampshire House of Representatives from the Strafford 20th district"
"http://dbpedia.org/property/office","Member of the New Hampshire Senate from the 21st district"
"http://dbpedia.org/property/office","Governor of Kirundo Province, Burundi"
"http://dbpedia.org/property/party","http://dbpedia.org/resource/Federalist_Party"
"http://dbpedia.org/property/party","Hamas"
"http://dbpedia.org/property/party","Independent"
"http://dbpedia.org/property/party","http://dbpedia.org/resource/People's_Movement_for_Progress"
"http://dbpedia.org/property/party","SDP"
"http://dbpedia.org/property/predecessor","John Fulton, David Thomas, Henry Hayes, James Boyd, Patrick Anderson, Joseph Park, William Harris, Sketchley Morton"
"http://dbpedia.org/property/predecessor","http://dbpedia.org/resource/Christian_Ziegler_(politician)"
"http://dbpedia.org/property/predecessor","Lthangmawia"
"http://dbpedia.org/property/predecessor","Joseph Caputo"
"http://dbpedia.org/property/predecessor","Jurant T. Shepherd"
"http://dbpedia.org/property/predecessor","http://dbpedia.org/resource/Charles_A._Waters"
"http://dbpedia.org/property/predecessor","http://dbpedia.org/resource/Philippe_Njoni"
"http://dbpedia.org/property/president","http://dbpedia.org/resource/Ibrahim_Traoré"
"http://dbpedia.org/property/rank","http://dbpedia.org/resource/Palestinian_Civil_Police_Force"
"http://dbpedia.org/property/relatives","http://dbpedia.org/resource/Lewis_H._Evans"
"http://dbpedia.org/property/relatives","http://dbpedia.org/resource/Tracy_W._Upchurch"
"http://dbpedia.org/property/restingPlace","Dlebta, Lebanon"
"http://dbpedia.org/property/spouse",1932
"http://dbpedia.org/property/spouse","Frederick B. Forbes"
"http://dbpedia.org/property/spouse",1780
"http://dbpedia.org/property/spouse","Jane Owen"
"http://dbpedia.org/property/spouse","Married after 2007."
"http://dbpedia.org/property/spouse","Ilham Abdel Ahad"
"http://dbpedia.org/property/spouse","Thero Setiloane"
"http://dbpedia.org/property/spouse","http://dbpedia.org/resource/Ann_M._Torr"
"http://dbpedia.org/property/successor","Richard Willing, Anthony Wayne, Edward Jones, Robert Ralston, James Moore, Thomas Potts, Persifor Frazer, Joseph Strawbridge, Charles Humphreys"
"http://dbpedia.org/property/successor","John M. Anderson"
"http://dbpedia.org/property/successor","Walter B. Fraser"
"http://dbpedia.org/property/successor","http://dbpedia.org/resource/Warren_R._Roberts"
"http://dbpedia.org/property/successor","http://dbpedia.org/resource/Réverien_Nzigamasabo"
"http://dbpedia.org/property/termEnd",1974
"http://dbpedia.org/property/termEnd",1784
"http://dbpedia.org/property/termEnd","July 1979"
"http://dbpedia.org/property/termEnd","?"
"http://dbpedia.org/property/termEnd",1926
"http://dbpedia.org/property/termEnd",2017-06-08
"http://dbpedia.org/property/termEnd",2013-01-26
"http://dbpedia.org/property/termEnd",1937
"http://dbpedia.org/property/termEnd",2000
"http://dbpedia.org/property/termStart",1781
"http://dbpedia.org/property/termStart",0001-01-08
"http://dbpedia.org/property/termStart","December 1976"
"http://dbpedia.org/property/termStart",2022-10-21
"http://dbpedia.org/property/termStart","?"
